bairro_padronizado;endereco_edificio;logradouro_canonico;total_transacoes;total_revendas;m2_privativo_medio;valor_medio_corrigido;area_privativa_media;latitude;longitude
Aflitos;Rua Manuel De Carvalho, 307 - Aflitos;Rua Manuel De Carvalho;69;63;7146.53;488799.46;69.95;-8.039399;-34.896209
Aflitos;Rua Teles Junior, 155 - Aflitos;Rua Teles Junior;33;16;6183.79;995285.38;160.97;-8.037615;-34.897286
Aflitos;Rua Angustura, 126 - Aflitos;Rua Angustura;32;11;3525.41;162027.98;45.96;-8.041589;-34.896165
Aflitos;Rua Manuel De Carvalho, 310 - Aflitos;Rua Manuel De Carvalho;26;11;6201.57;528933.82;85.28;-8.039575;-34.895595
Aflitos;Rua Angustura, 225 - Aflitos;Rua Angustura;23;12;9193.57;634908.11;69.06;-8.041413;-34.895921
Aflitos;Rua Quarenta E Oito, 560 - Aflitos;Rua Quarenta E Oito;21;12;5620.62;451443.88;80.32;-8.04114;-34.893881
Aflitos;Rua Carneiro Vilela, 510 - Aflitos;Rua Carneiro Vilela;20;11;6344.3;904253.03;142.53;-8.038412;-34.896535
Aflitos;Rua Amapa, 51 - Aflitos;Rua Amapa;17;11;5198.6;363966.85;70.01;-8.040253;-34.893854
Aflitos;Rua Quarenta E Oito, 630 - Aflitos;Rua Quarenta E Oito;17;11;4389.92;449351.76;102.36;-8.040739;-34.894182
Aflitos;Rua Amapa, 27 - Aflitos;Rua Amapa;14;2;7600.52;741278.87;97.53;-8.040053;-34.893606
Aflitos;Rua Teles Junior, 113 - Aflitos;Rua Teles Junior;13;7;4575.26;619398.03;135.38;-8.037864;-34.896708
Aflitos;Rua Amapa, 77 - Aflitos;Rua Amapa;11;2;5897.01;331857.84;56.27;-8.040366;-34.894049
Aflitos;Rua Carneiro Vilela, 486 - Aflitos;Rua Carneiro Vilela;10;4;4388.48;522053.99;118.96;-8.038485;-34.89631
Aflitos;Rua Teles Junior, 217 - Aflitos;Rua Teles Junior;10;5;5248.92;826447.48;157.68;-8.037469;-34.897611
Aflitos;Rua Manuel De Carvalho, 341 - Aflitos;Rua Manuel De Carvalho;9;4;5126.58;1031165.01;201.14;-8.039219;-34.896156
Aflitos;Rua Teles Junior, 105 - Aflitos;Rua Teles Junior;9;5;6906.74;950160.6;137.57;-8.037914;-34.896594
Aflitos;Rua Teles Junior, 65 - Aflitos;Rua Teles Junior;9;3;6949.95;924852.63;133.04;-8.03798;-34.896366
Aflitos;Rua Amapa, 70 - Aflitos;Rua Amapa;8;0;5736.14;577489.58;100.74;-8.039889;-34.894325
Aflitos;Rua Angustura, 104 - Aflitos;Rua Angustura;8;0;5870.3;399381.06;68.28;-8.042009;-34.896871
Aflitos;Rua Carneiro Vilela, 459 - Aflitos;Rua Carneiro Vilela;8;0;9047.08;150250.88;16.61;-8.038962;-34.896256
Aflitos;Rua Manuel De Carvalho, 286 - Aflitos;Rua Manuel De Carvalho;8;4;4312.29;515150.59;118.6;-8.039749;-34.895578
Aflitos;Rua Manuel De Carvalho, 99 - Aflitos;Rua Manuel De Carvalho;8;8;5313.08;1023246.95;192.59;-8.041348;-34.895364
Aflitos;Rua Amapa, 106 - Aflitos;Rua Amapa;7;2;6647.08;740531.73;111.53;-8.04006;-34.894655
Aflitos;Rua Teles Junior, 33 - Aflitos;Rua Teles Junior;7;1;5241.69;767068.39;146.34;-8.038124;-34.896104
Aflitos;Rua Carneiro Vilela, 394 - Aflitos;Rua Carneiro Vilela;5;4;3313.91;287280.34;86.75;-8.03893;-34.895649
Aflitos;Rua Luiz Rodolfo De Araujo, 55 - Aflitos;Rua Luiz Rodolfo De Araujo;5;0;6722.33;367240.66;54.63;-8.038645;-34.89842
Aflitos;Rua Manuel De Carvalho, 287 - Aflitos;Rua Manuel De Carvalho;5;2;4098.81;607156.21;148.13;-8.039602;-34.896256
Aflitos;Rua Quarenta E Oito, 713 - Aflitos;Rua Quarenta E Oito;5;5;5143.06;156148.8;30.36;-8.040468;-34.895141
Aflitos;Rua Carneiro Vilela, 343 - Aflitos;Rua Carneiro Vilela;4;0;4725.76;410196.01;86.8;-8.039401;-34.895194
Aflitos;Rua Manuel De Carvalho, 93 - Aflitos;Rua Manuel De Carvalho;4;4;3892.31;861017.55;221.21;-8.041388;-34.895316
Aflitos;Rua Quarenta E Oito, 595 - Aflitos;Rua Quarenta E Oito;4;2;4154.86;636525.28;153.2;-8.041518;-34.894367
Aflitos;Rua Manuel De Carvalho, 476 - Aflitos;Rua Manuel De Carvalho;3;2;3647.34;310462.05;85.12;-8.038096;-34.895613
Aflitos;Rua Quarenta E Oito, 725 - Aflitos;Rua Quarenta E Oito;3;2;4128.72;656549.02;159.02;-8.040235;-34.895131
Aflitos;Rua Carneiro Vilela, 133 - Aflitos;Rua Carneiro Vilela;2;2;3595.05;869427.76;241.84;-8.039777;-34.893611
Aflitos;Rua Carneiro Vilela, 329 - Aflitos;Rua Carneiro Vilela;2;2;11060.74;1620397.95;146.5;-8.039421;-34.895096
Aflitos;Rua Carneiro Vilela, 517 - Aflitos;Rua Carneiro Vilela;2;2;4224.61;1097849.2;259.87;-8.038814;-34.896788
Aflitos;Rua Carneiro Vilela, 534 - Aflitos;Rua Carneiro Vilela;2;2;12924.44;3354537.22;259.55;-8.038302;-34.896796
Aflitos;Rua Quarenta E Oito, 581 - Aflitos;Rua Quarenta E Oito;2;0;4712.46;592104.69;147.71;-8.041491;-34.894212
Aflitos;Rua Quarenta E Oito, 605 - Aflitos;Rua Quarenta E Oito;2;0;3978.68;299244.87;75.03;-8.041351;-34.894415
Aflitos;Rua Senador Pedro Correia, 45 - Aflitos;Rua Senador Pedro Correia;2;2;5921.12;823035.73;139.0;-8.038698;-34.895432
Aflitos;Rua Teles Junior, 125 - Aflitos;Rua Teles Junior;2;0;4814.18;630850.66;131.04;-8.037779;-34.896913
Aflitos;Rua Amapa, 37 - Aflitos;Rua Amapa;1;0;3930.61;1519968.19;386.7;-8.04019;-34.893745
Aflitos;Rua Carneiro Vilela, 211 - Aflitos;Rua Carneiro Vilela;1;0;3065.71;1008558.33;328.98;-8.039609;-34.894262
Aflitos;Rua Carneiro Vilela, 356 - Aflitos;Rua Carneiro Vilela;1;0;5556.11;745241.09;134.13;-8.038995;-34.895275
Aflitos;Rua Carneiro Vilela, 470 - Aflitos;Rua Carneiro Vilela;1;0;6569.77;1777188.5;270.51;-8.03861;-34.896134
Aflitos;Rua Manuel De Carvalho, 117 - Aflitos;Rua Manuel De Carvalho;1;0;4106.69;1648835.84;401.5;-8.041245;-34.895483
Aflitos;Rua Manuel De Carvalho, 129 - Aflitos;Rua Manuel De Carvalho;1;0;4674.53;1586909.76;339.48;-8.041185;-34.895561
Aflitos;Rua Manuel De Carvalho, 134 - Aflitos;Rua Manuel De Carvalho;1;1;10044.7;2360504.05;235.0;-8.040883;-34.895113
Aflitos;Rua Manuel De Carvalho, 444 - Aflitos;Rua Manuel De Carvalho;1;0;4781.98;1243601.79;260.06;-8.03837;-34.895579
Aflitos;Rua Manuel De Carvalho, 464 - Aflitos;Rua Manuel De Carvalho;1;0;8003.26;1698212.27;212.19;-8.038267;-34.89557
Aflitos;Rua Natercio De Holanda, 1 - Aflitos;Rua Natercio De Holanda;1;0;6856.07;1288940.26;188.0;-8.041445;-34.894842
Aflitos;Rua Natercio De Holanda, 3 - Aflitos;Rua Natercio De Holanda;1;0;3467.94;710408.18;204.85;-8.041557;-34.894669
Aflitos;Rua Quarenta E Oito, 651 - Aflitos;Rua Quarenta E Oito;1;0;4867.65;1425150.48;292.78;-8.04105;-34.894715
Aflitos;Rua Quarenta E Oito, 665 - Aflitos;Rua Quarenta E Oito;1;0;4881.2;984244.27;201.64;-8.040929;-34.894796
Aflitos;Rua Quarenta E Oito, 674 - Aflitos;Rua Quarenta E Oito;1;0;9137.67;1770424.45;193.75;-8.040568;-34.894432
Aflitos;Rua Quarenta E Oito, 692 - Aflitos;Rua Quarenta E Oito;1;0;7269.15;1790608.92;246.33;-8.040464;-34.894488
Aflitos;Rua Quarenta E Oito, 701 - Aflitos;Rua Quarenta E Oito;1;1;2449.53;597145.38;243.78;-8.040557;-34.895117
Aflitos;Rua Senador Pedro Correia, 46 - Aflitos;Rua Senador Pedro Correia;1;0;3002.89;412386.51;137.33;-8.038735;-34.895233
Aflitos;Rua Senador Pedro Correia, 56 - Aflitos;Rua Senador Pedro Correia;1;0;3354.64;441135.36;131.5;-8.038634;-34.895215
Afogados;Rua Francisco Porfirio, 104 - Afogados;Rua Francisco Porfirio;11;0;5328.07;296322.22;55.74;-8.079374;-34.911438
Afogados;Rua Coronel Alfredo Duarte, 630 - Afogados;Rua Coronel Alfredo Duarte;8;3;3544.67;190348.72;53.7;-8.069178;-34.91347
Afogados;Rua Olegario Mariano, 55 - Afogados;Rua Olegario Mariano;5;2;3283.59;196424.83;59.93;-8.081978;-34.921728
Afogados;Rua Jose Santos Araquan, 86 - Afogados;Rua Jose Santos Araquan;4;0;3001.75;216026.81;73.73;-8.076064;-34.916292
Afogados;Rua Vinte E Um De Abril, 146 - Afogados;Rua Vinte E Um De Abril;4;4;5229.8;570048.5;109.0;-8.077339;-34.907509
Afogados;Estrada Do Bongi Armando Da Fonte, 355 - Afogados;Estrada Do Bongi Armando Da Fonte;3;3;4281.69;22770004.81;5318.0;-8.068202;-34.911542
Afogados;Rua Coronel Alfredo Duarte, 255 - Afogados;Rua Coronel Alfredo Duarte;3;0;2172.09;124417.19;57.28;-8.07131;-34.910122
Afogados;Rua Coronel Alfredo Duarte, 556 - Afogados;Rua Coronel Alfredo Duarte;3;2;3568.46;158582.39;44.44;-8.069672;-34.912492
Afogados;Rua Escritor Alvaro Lins, 208 - Afogados;Rua Escritor Alvaro Lins;3;0;3390.27;181786.41;53.62;-8.068534;-34.912989
Afogados;Rua Escritor Alvaro Lins, 75 - Afogados;Rua Escritor Alvaro Lins;3;3;2817.65;164494.15;58.38;-8.069567;-34.912092
Afogados;Rua Manoel Rodrigues Do Passo, 118 - Afogados;Rua Manoel Rodrigues Do Passo;3;2;3771.03;327325.53;86.8;-8.081615;-34.917939
Afogados;Rua Vinte E Um De Abril, 22 - Afogados;Rua Vinte E Um De Abril;3;3;5537.48;191042.92;34.5;-8.077474;-34.907527
Afogados;Rua Augusto Calheiros, 38 - Afogados;Rua Augusto Calheiros;2;2;2699.73;283471.74;105.0;-8.082264;-34.909111
Afogados;Rua Bandeirante, 94 - Afogados;Rua Bandeirante;2;2;3435.42;1009325.52;293.8;-8.081054;-34.911357
Afogados;Rua Coroata, 12 - Afogados;Rua Coroata;2;2;3242.38;564659.66;174.15;-8.069524;-34.913549
Afogados;Rua Coroata, 21 - Afogados;Rua Coroata;2;0;2058.31;134624.66;65.34;-8.06968;-34.913378
Afogados;Rua Coronel Alfredo Duarte, 244 - Afogados;Rua Coronel Alfredo Duarte;2;2;2499.68;957901.74;383.21;-8.070932;-34.909944
Afogados;Rua Coronel Alfredo Duarte, 362 - Afogados;Rua Coronel Alfredo Duarte;2;2;2672.5;988211.01;369.77;-8.070477;-34.91086
Afogados;Rua Coronel Alfredo Duarte, 610 - Afogados;Rua Coronel Alfredo Duarte;2;2;2987.02;172052.54;57.6;-8.069258;-34.913326
Afogados;Rua Coronel Oliveira, 297 - Afogados;Rua Coronel Oliveira;2;2;2538.65;2668274.1;1051.06;-8.068648;-34.912486
Afogados;Rua Escritor Alvaro Lins, 176 - Afogados;Rua Escritor Alvaro Lins;2;1;4070.82;182128.27;44.74;-8.068898;-34.912611
Afogados;Rua Jacira, 174 - Afogados;Rua Jacira;2;0;2239.2;193480.37;86.42;-8.07609;-34.910484
Afogados;Rua Joinvile, 245 - Afogados;Rua Joinvile;2;0;2524.07;207579.54;82.24;-8.070609;-34.91203
Afogados;Rua Motocolombo, 105 - Afogados;Rua Motocolombo;2;2;2767.52;4591431.97;1659.04;-8.081297;-34.905678
Afogados;Rua Motocolombo, 190 - Afogados;Rua Motocolombo;2;2;1186.45;211139.47;177.96;-8.08174;-34.906473
Afogados;Rua Odilon Tucuman, 112 - Afogados;Rua Odilon Tucuman;2;2;1968.38;1800354.81;914.64;-8.081086;-34.914745
Afogados;Rua Odilon Tucuman, 34 - Afogados;Rua Odilon Tucuman;2;2;2066.31;526722.74;254.91;-8.081086;-34.914745
Afogados;Rua Olegario Mariano, 65 - Afogados;Rua Olegario Mariano;2;2;3505.05;215841.06;61.58;-8.081978;-34.921728
Afogados;Rua Piraja, 208 - Afogados;Rua Piraja;2;2;2568.4;922852.66;359.31;-8.076122;-34.912245
Afogados;Rua Sao Miguel, 1025 - Afogados;Rua Sao Miguel;2;2;3380.52;194379.59;57.5;-8.080564;-34.912368
Afogados;Rua Vinte E Um De Abril, 974 - Afogados;Rua Vinte E Um De Abril;2;2;5171.46;1611219.56;311.56;-8.075568;-34.915384
Afogados;Rua Vinte E Um De Abril, 993 - Afogados;Rua Vinte E Um De Abril;2;2;3363.42;366679.73;109.02;-8.075817;-34.915943
Afogados;Rua Alexandre Rodrigues Ferreira, 163 - Afogados;Rua Alexandre Rodrigues Ferreira;1;0;1782.68;2070249.16;1161.31;-8.080237;-34.922238
Afogados;Rua Alexandre Selva, 144 - Afogados;Rua Alexandre Selva;1;0;3545.68;579719.22;163.5;-8.077208;-34.915979
Afogados;Rua Alexandre Selva, 176 - Afogados;Rua Alexandre Selva;1;0;5412.82;687482.76;127.01;-8.076856;-34.91586
Afogados;Rua Alexandre Selva, 267 - Afogados;Rua Alexandre Selva;1;0;2136.17;664754.96;311.19;-8.075936;-34.916033
Afogados;Rua Antonio Macario, 110 - Afogados;Rua Antonio Macario;1;0;9256.6;1897417.41;204.98;-8.07609;-34.910484
Afogados;Rua Augusto Calheiros, 12 - Afogados;Rua Augusto Calheiros;1;0;4045.38;305911.41;75.62;-8.082009;-34.909095
Afogados;Rua Augusto Calheiros, 25 - Afogados;Rua Augusto Calheiros;1;0;3750.54;485695.36;129.5;-8.082179;-34.909106
Afogados;Rua Cabedelo, 195 - Afogados;Rua Cabedelo;1;0;1377.78;170431.85;123.7;-8.074989;-34.911309
Afogados;Rua Conselheiro Furtado, 116 - Afogados;Rua Conselheiro Furtado;1;0;1266.59;202653.68;160.0;-8.077123;-34.910531
Afogados;Rua Conselheiro Furtado, 79 - Afogados;Rua Conselheiro Furtado;1;0;3185.09;160528.63;50.4;-8.077453;-34.910765
Afogados;Rua Coroata, 26 - Afogados;Rua Coroata;1;0;2222.36;277484.3;124.86;-8.069692;-34.91367
Afogados;Rua Coroata, 42 - Afogados;Rua Coroata;1;0;2580.82;250855.92;97.2;-8.069768;-34.913701
Afogados;Rua Coronel Alfredo Duarte, 350 - Afogados;Rua Coronel Alfredo Duarte;1;0;2302.7;220598.85;95.8;-8.07054;-34.910742
Afogados;Rua Coronel Alfredo Duarte, 381 - Afogados;Rua Coronel Alfredo Duarte;1;0;1272.06;1650114.08;1297.2;-8.070691;-34.911329
Afogados;Rua Coronel Alfredo Duarte, 382 - Afogados;Rua Coronel Alfredo Duarte;1;0;3992.36;1397327.04;350.0;-8.070324;-34.911057
Afogados;Rua Coronel Alfredo Duarte, 462 - Afogados;Rua Coronel Alfredo Duarte;1;0;4952.68;1247579.87;251.9;-8.070065;-34.911689
Afogados;Rua Coronel Alfredo Duarte, 497 - Afogados;Rua Coronel Alfredo Duarte;1;0;5945.31;318668.81;53.6;-8.070311;-34.912106
Afogados;Rua Coronel Alfredo Duarte, 511 - Afogados;Rua Coronel Alfredo Duarte;1;0;1801.77;665266.83;369.23;-8.070251;-34.912225
Afogados;Rua Coronel Alfredo Duarte, 557 - Afogados;Rua Coronel Alfredo Duarte;1;0;2243.31;187540.65;83.6;-8.070035;-34.912665
Afogados;Rua Coronel Alfredo Duarte, 571 - Afogados;Rua Coronel Alfredo Duarte;1;0;2800.79;222663.07;79.5;-8.069974;-34.912784
Afogados;Rua Coronel Alfredo Duarte, 639 - Afogados;Rua Coronel Alfredo Duarte;1;0;2534.15;879350.9;347.0;-8.069489;-34.913731
Afogados;Rua Coronel Alfredo Duarte, 641 - Afogados;Rua Coronel Alfredo Duarte;1;0;1976.58;394268.17;199.47;-8.069453;-34.913806
Afogados;Rua Coronel Alfredo Duarte, 664 - Afogados;Rua Coronel Alfredo Duarte;1;0;1723.17;365795.02;212.28;-8.069068;-34.91386
Afogados;Rua Coronel Oliveira, 155 - Afogados;Rua Coronel Oliveira;1;0;4610.75;185121.63;40.15;-8.069889;-34.913102
Afogados;Rua Do Despacho, 106 - Afogados;Rua Do Despacho;1;0;1381.75;286104.89;207.06;-8.081253;-34.91086
Afogados;Rua Escritor Alvaro Lins, 25 - Afogados;Rua Escritor Alvaro Lins;1;0;2482.78;144944.48;58.38;-8.069819;-34.911578
Afogados;Rua Escritor Alvaro Lins, 273 - Afogados;Rua Escritor Alvaro Lins;1;0;3445.64;270826.97;78.6;-8.068605;-34.913541
Afogados;Rua Escritor Alvaro Lins, 279 - Afogados;Rua Escritor Alvaro Lins;1;0;5901.08;265548.77;45.0;-8.068546;-34.913556
Afogados;Rua Escritor Alvaro Lins, 70 - Afogados;Rua Escritor Alvaro Lins;1;0;1711.9;123633.68;72.22;-8.069291;-34.911812
Afogados;Rua Felix Peixoto, 142 - Afogados;Rua Felix Peixoto;1;0;2618.31;205536.99;78.5;-8.074161;-34.906231
Afogados;Rua Felix Peixoto, 32 - Afogados;Rua Felix Peixoto;1;0;2381.19;159539.81;67.0;-8.075178;-34.906063
Afogados;Rua Firmino De Figueiredo, 106 - Afogados;Rua Firmino De Figueiredo;1;0;2066.37;465636.73;225.34;-8.07489;-34.906556
Afogados;Rua Gaspar Drumond, 15 - Afogados;Rua Gaspar Drumond;1;0;2166.43;277498.51;128.09;-8.075689;-34.90679
Afogados;Rua General Carlos Lira, 154 - Afogados;Rua General Carlos Lira;1;0;2158.04;161205.78;74.7;-8.078918;-34.910312
Afogados;Rua Jandaia, 69 - Afogados;Rua Jandaia;1;0;1499.67;263371.97;175.62;-8.072087;-34.913359
Afogados;Rua Joinvile, 234 - Afogados;Rua Joinvile;1;0;2496.48;2521449.3;1010.0;-8.07074;-34.911643
Afogados;Rua Jornalista Givanildo Alves, 46 - Afogados;Rua Jornalista Givanildo Alves;1;0;1507.79;1107322.09;734.4;-8.072867;-34.906575
Afogados;Rua Lidia Guimaraes, 39 - Afogados;Rua Lidia Guimaraes;1;0;2192.49;205217.46;93.6;-8.07547;-34.915052
Afogados;Rua Major Justino Da Silveira, 11 - Afogados;Rua Major Justino Da Silveira;1;0;2257.03;518890.94;229.9;-8.071461;-34.91097
Afogados;Rua Major Justino Da Silveira, 115 - Afogados;Rua Major Justino Da Silveira;1;0;3553.79;234407.9;65.96;-8.07066;-34.910493
Afogados;Rua Major Justino Da Silveira, 202 - Afogados;Rua Major Justino Da Silveira;1;0;741.53;164850.61;222.31;-8.070341;-34.910006
Afogados;Rua Major Justino Da Silveira, 215 - Afogados;Rua Major Justino Da Silveira;1;0;1268.09;392891.14;309.83;-8.070068;-34.910277
Afogados;Rua Major Justino Da Silveira, 234 - Afogados;Rua Major Justino Da Silveira;1;0;3309.81;1276131.42;385.56;-8.070264;-34.910369
Afogados;Rua Major Justino Da Silveira, 244 - Afogados;Rua Major Justino Da Silveira;1;0;4180.59;755891.8;180.81;-8.070364;-34.910421
Afogados;Rua Major Justino Da Silveira, 31 - Afogados;Rua Major Justino Da Silveira;1;0;2814.03;420781.42;149.53;-8.071246;-34.910861
Afogados;Rua Major Justino Da Silveira, 45 - Afogados;Rua Major Justino Da Silveira;1;0;1820.31;450471.86;247.47;-8.071148;-34.910812
Afogados;Rua Manoel Rodrigues Do Passo, 29 - Afogados;Rua Manoel Rodrigues Do Passo;1;0;2060.6;2742969.91;1331.15;-8.082034;-34.91739
Afogados;Rua Manoel Rodrigues Do Passo, 615 - Afogados;Rua Manoel Rodrigues Do Passo;1;0;1980.23;152596.26;77.06;-8.082261;-34.921224
Afogados;Rua Manuel Padilha, 108 - Afogados;Rua Manuel Padilha;1;0;1531.26;312883.29;204.33;-8.07696;-34.912134
Afogados;Rua Manuel Padilha, 60 - Afogados;Rua Manuel Padilha;1;0;3895.85;252061.72;64.7;-8.077394;-34.912236
Afogados;Rua Motocolombo, 124 - Afogados;Rua Motocolombo;1;0;2809.23;539372.59;192.0;-8.081158;-34.906411
Afogados;Rua Motocolombo, 167 - Afogados;Rua Motocolombo;1;0;699.21;3615884.99;5171.39;-8.08158;-34.90581
Afogados;Rua Napoleao Teixeira De Macedo, 80 - Afogados;Rua Napoleao Teixeira De Macedo;1;0;2497.04;434160.02;173.87;-8.07949;-34.912199
Afogados;Rua Olegario Mariano, 45 - Afogados;Rua Olegario Mariano;1;0;3070.25;171934.26;56.0;-8.081704;-34.921818
Afogados;Rua Piraja, 203 - Afogados;Rua Piraja;1;1;2829.33;446213.48;157.71;-8.076151;-34.912103
Afogados;Rua Piraja, 216 - Afogados;Rua Piraja;1;0;2824.04;719960.13;254.94;-8.075813;-34.912228
Afogados;Rua Professor Augusto Wanderley Filho, 110 - Afogados;Rua Professor Augusto Wanderley Filho;1;1;2462.0;455470.18;185.0;-8.082333;-34.907576
Afogados;Rua Professor Augusto Wanderley Filho, 124 - Afogados;Rua Professor Augusto Wanderley Filho;1;0;7009.16;252329.6;36.0;-8.082271;-34.907732
Afogados;Rua Rio Araguaia, 147 - Afogados;Rua Rio Araguaia;1;0;3306.57;189532.62;57.32;-8.074195;-34.906082
Afogados;Rua Rio Araguaia, 186 - Afogados;Rua Rio Araguaia;1;0;2852.84;825498.56;289.36;-8.073569;-34.905888
Afogados;Rua Rio Araguaia, 277 - Afogados;Rua Rio Araguaia;1;0;1890.18;1241902.91;657.03;-8.072778;-34.906375
Afogados;Rua Terezinha Lima, 175 - Afogados;Rua Terezinha Lima;1;0;1816.28;320500.36;176.46;-8.082463;-34.920058
Afogados;Rua Terezinha Lima, 26 - Afogados;Rua Terezinha Lima;1;0;4041.51;278055.62;68.8;-8.081119;-34.920436
Afogados;Rua Terezinha Lima, 60 - Afogados;Rua Terezinha Lima;1;0;2397.22;624620.71;260.56;-8.081593;-34.920444
Afogados;Rua Tres De Agosto, 91 - Afogados;Rua Tres De Agosto;1;0;4127.14;150227.78;36.4;-8.075137;-34.908334
Afogados;Rua Ver Francisco De P S Chico Da Manola, 123 - Afogados;Rua Ver Francisco De P S Chico Da Manola;1;0;2190.97;549867.35;250.97;-8.079823;-34.919956
Afogados;Rua Vinte E Um De Abril, 102 - Afogados;Rua Vinte E Um De Abril;1;1;5802.53;1462296.08;252.01;-8.077037;-34.908914
Afogados;Rua Vinte E Um De Abril, 50 - Afogados;Rua Vinte E Um De Abril;1;1;5537.48;120440.1;21.75;-8.077141;-34.908308
Afogados;Rua Vinte E Um De Dezembro, 13 - Afogados;Rua Vinte E Um De Dezembro;1;0;3724.71;171560.11;46.06;-8.078529;-34.912394
Agua Fria;Rua Zeferino Agra, 669 - Agua Fria;Rua Zeferino Agra;21;1;6675.1;442740.17;66.32;-8.023078;-34.889052
Agua Fria;Rua Sao Bento, 84 - Agua Fria;Rua Sao Bento;8;2;4947.61;379096.96;76.58;-8.021162;-34.891932
Agua Fria;Rua Barao De Melgaco, 140 - Agua Fria;Rua Barao De Melgaco;6;4;6548.49;441110.71;67.21;-8.022256;-34.895726
Agua Fria;Rua Do Machado, 776 - Agua Fria;Rua Do Machado;5;4;4830.91;226714.42;46.93;-8.025013;-34.890563
Agua Fria;Rua Major Pajuaba, 100 - Agua Fria;Rua Major Pajuaba;4;2;4390.09;250762.03;57.12;-8.021162;-34.891932
Agua Fria;Avenida Beberibe Santa Cruz Futebol Clube, 2115 - Agua Fria;Avenida Beberibe Santa Cruz Futebol Clube;3;3;4835.45;452114.87;93.5;-8.012544;-34.890034
Agua Fria;Rua Antonio Ferreira, 153 - Agua Fria;Rua Antonio Ferreira;3;3;4002.31;232054.35;57.98;-8.02079;-34.891966
Agua Fria;Rua Raul Pompeia, 584 - Agua Fria;Rua Raul Pompeia;3;0;5063.71;241603.4;47.71;-8.021471;-34.896117
Agua Fria;Avenida Beberibe Santa Cruz Futebol Clube, 1728 - Agua Fria;Avenida Beberibe Santa Cruz Futebol Clube;2;2;2661.09;1660519.75;624.0;-8.012544;-34.890034
Agua Fria;Avenida Beberibe Santa Cruz Futebol Clube, 1781 - Agua Fria;Avenida Beberibe Santa Cruz Futebol Clube;2;2;5522.59;1767229.22;320.0;-8.021598;-34.894426
Agua Fria;Avenida Beberibe Santa Cruz Futebol Clube, 1888 - Agua Fria;Avenida Beberibe Santa Cruz Futebol Clube;2;0;3743.88;100975.44;27.75;-8.012544;-34.890034
Agua Fria;Avenida Beberibe Santa Cruz Futebol Clube, 1947 - Agua Fria;Avenida Beberibe Santa Cruz Futebol Clube;2;2;6146.35;1044879.2;170.0;-8.020072;-34.89476
Agua Fria;Avenida Beberibe Santa Cruz Futebol Clube, 1951 - Agua Fria;Avenida Beberibe Santa Cruz Futebol Clube;2;2;3557.41;1165977.27;327.76;-8.012544;-34.890034
Agua Fria;Avenida Beberibe Santa Cruz Futebol Clube, 2041 - Agua Fria;Avenida Beberibe Santa Cruz Futebol Clube;2;2;7336.33;1056431.68;144.0;-8.012544;-34.890034
Agua Fria;Avenida Beberibe Santa Cruz Futebol Clube, 2175 - Agua Fria;Avenida Beberibe Santa Cruz Futebol Clube;2;2;12498.02;1599747.5;128.0;-8.012544;-34.890034
Agua Fria;Rua Alegre, 167 - Agua Fria;Rua Alegre;2;2;6967.28;885610.53;127.11;-8.019417;-34.892739
Agua Fria;Rua Alegre, 433 - Agua Fria;Rua Alegre;2;2;24205.94;1016891.24;42.01;-8.019417;-34.892739
Agua Fria;Rua Belo Jardim, 199 - Agua Fria;Rua Belo Jardim;2;2;2644.94;292820.64;110.71;-8.021162;-34.891932
Agua Fria;Rua Bom Conselho, 550 - Agua Fria;Rua Bom Conselho;2;2;3423.6;366051.77;106.92;-8.021162;-34.891932
Agua Fria;Rua Do Machado, 647 - Agua Fria;Rua Do Machado;2;2;2676.81;495210.64;185.0;-8.025013;-34.890563
Agua Fria;Rua Guaruja, 842 - Agua Fria;Rua Guaruja;2;2;2687.22;144035.01;53.6;-8.021162;-34.891932
Agua Fria;Rua Major Pajuaba, 52 - Agua Fria;Rua Major Pajuaba;2;2;3332.56;262139.41;78.66;-8.021162;-34.891932
Agua Fria;Rua Raul Pompeia, 502 - Agua Fria;Rua Raul Pompeia;2;2;3526.21;409393.2;116.1;-8.021827;-34.895488
Agua Fria;Avenida Beberibe Santa Cruz Futebol Clube, 1795 - Agua Fria;Avenida Beberibe Santa Cruz Futebol Clube;1;1;4182.86;577235.02;138.0;-8.021478;-34.894441
Agua Fria;Avenida Beberibe Santa Cruz Futebol Clube, 1984 - Agua Fria;Avenida Beberibe Santa Cruz Futebol Clube;1;0;2340.37;2811768.05;1201.42;-8.012544;-34.890034
Agua Fria;Avenida Beberibe Santa Cruz Futebol Clube, 2107 - Agua Fria;Avenida Beberibe Santa Cruz Futebol Clube;1;0;0.02;1.74;85.08;-8.012544;-34.890034
Agua Fria;Avenida Beberibe Santa Cruz Futebol Clube, 2202 - Agua Fria;Avenida Beberibe Santa Cruz Futebol Clube;1;0;9517.35;779375.6;81.89;-8.012544;-34.890034
Agua Fria;Avenida Beberibe Santa Cruz Futebol Clube, 2290 - Agua Fria;Avenida Beberibe Santa Cruz Futebol Clube;1;0;2962.66;349920.03;118.11;-8.012544;-34.890034
Agua Fria;Rua Abdon Lima, 97 - Agua Fria;Rua Abdon Lima;1;0;1966.55;190854.06;97.05;-8.021162;-34.891932
Agua Fria;Rua Alegre, 131 - Agua Fria;Rua Alegre;1;0;3570.31;409871.34;114.8;-8.019417;-34.892739
Agua Fria;Rua Belo Jardim, 123 - Agua Fria;Rua Belo Jardim;1;0;4669.47;442198.78;94.7;-8.021162;-34.891932
Agua Fria;Rua Belo Jardim, 138 - Agua Fria;Rua Belo Jardim;1;0;3950.69;418773.4;106.0;-8.021162;-34.891932
Agua Fria;Rua Belo Jardim, 323 - Agua Fria;Rua Belo Jardim;1;0;3361.38;584880.94;174.0;-8.021162;-34.891932
Agua Fria;Rua Belo Jardim, 492 - Agua Fria;Rua Belo Jardim;1;0;2569.04;283878.69;110.5;-8.021162;-34.891932
Agua Fria;Rua Bom Conselho, 530 - Agua Fria;Rua Bom Conselho;1;0;6638.61;418232.15;63.0;-8.021162;-34.891932
Agua Fria;Rua Corrego Do Deodato, 109 - Agua Fria;Rua Corrego Do Deodato;1;0;0.02;1.46;62.0;-8.021162;-34.891932
Agua Fria;Rua Corrego Do Deodato, 138 - Agua Fria;Rua Corrego Do Deodato;1;0;2245.34;114512.44;51.0;-8.021162;-34.891932
Agua Fria;Rua Das Mocas, 927 - Agua Fria;Rua Das Mocas;1;0;3208.87;185954.3;57.95;-8.022549;-34.887069
Agua Fria;Rua Do Machado, 531 - Agua Fria;Rua Do Machado;1;0;6981.04;269188.78;38.56;-8.025013;-34.890563
Agua Fria;Rua Do Machado, 565 - Agua Fria;Rua Do Machado;1;0;3707.2;567090.33;152.97;-8.025013;-34.890563
Agua Fria;Rua Herculandia, 124 - Agua Fria;Rua Herculandia;1;0;4643.33;215450.36;46.4;-8.022079;-34.887386
Agua Fria;Rua Joao Candido, 184 - Agua Fria;Rua Joao Candido;1;0;5015.51;185573.93;37.0;-8.021162;-34.891932
Agua Fria;Rua Joao Xavier Pedrosa, 32 - Agua Fria;Rua Joao Xavier Pedrosa;1;0;2574.26;336584.79;130.75;-8.021162;-34.891932
Agua Fria;Rua Joao Xavier Pedrosa, 56 - Agua Fria;Rua Joao Xavier Pedrosa;1;0;3339.86;396174.64;118.62;-8.021162;-34.891932
Agua Fria;Rua Joaquim Goncalves Torreiro, 50 - Agua Fria;Rua Joaquim Goncalves Torreiro;1;0;3472.39;276054.81;79.5;-8.021162;-34.891932
Agua Fria;Rua Major Pajuaba, 117 - Agua Fria;Rua Major Pajuaba;1;0;4758.68;266486.1;56.0;-8.021162;-34.891932
Agua Fria;Rua Major Pajuaba, 158 - Agua Fria;Rua Major Pajuaba;1;0;3653.56;429146.78;117.46;-8.021162;-34.891932
Agua Fria;Rua Major Pajuaba, 166 - Agua Fria;Rua Major Pajuaba;1;0;4897.86;342849.97;70.0;-8.021162;-34.891932
Agua Fria;Rua Major Pajuaba, 45 - Agua Fria;Rua Major Pajuaba;1;0;3526.19;303111.6;85.96;-8.021162;-34.891932
Agua Fria;Rua Nazare, 208 - Agua Fria;Rua Nazare;1;0;2533.27;321370.17;126.86;-8.021162;-34.891932
Agua Fria;Rua Professora Lourdes Dutra, 246 - Agua Fria;Rua Professora Lourdes Dutra;1;0;2933.69;444600.73;151.55;-8.021162;-34.891932
Agua Fria;Rua Professora Lourdes Dutra, 93 - Agua Fria;Rua Professora Lourdes Dutra;1;0;2924.42;242990.36;83.09;-8.021162;-34.891932
Agua Fria;Rua Raul Pompeia, 409 - Agua Fria;Rua Raul Pompeia;1;0;6248.59;525818.69;84.15;-8.022803;-34.895344
Agua Fria;Rua Raul Pompeia, 428 - Agua Fria;Rua Raul Pompeia;1;0;4136.52;499071.42;120.65;-8.023374;-34.895422
Agua Fria;Rua Raul Pompeia, 463 - Agua Fria;Rua Raul Pompeia;1;0;5365.75;1012355.76;188.67;-8.022342;-34.895455
Agua Fria;Rua Rodrigues Alves, 128 - Agua Fria;Rua Rodrigues Alves;1;0;2435.69;91338.2;37.5;-8.021162;-34.891932
Agua Fria;Rua Sao Bento, 94 - Agua Fria;Rua Sao Bento;1;1;5977.47;858365.11;143.6;-8.021162;-34.891932
Alto Do Mandu;Rua Jaguarana, 41 - Alto Do Mandu;Rua Jaguarana;2;2;2856.96;594961.24;208.25;-8.020958;-34.928613
Alto Do Mandu;Rua Massaranduba, 144 - Alto Do Mandu;Rua Massaranduba;2;2;3271.54;1158125.14;354.0;-8.020877;-34.931237
Alto Do Mandu;Rua Aroeira, 175 - Alto Do Mandu;Rua Aroeira;1;0;2004.94;156385.06;78.0;-8.021491;-34.92895
Alto Do Mandu;Rua Bacuri, 163 - Alto Do Mandu;Rua Bacuri;1;0;2802.24;410695.6;146.56;-8.020689;-34.927993
Alto Do Mandu;Rua Jaguarana, 16 - Alto Do Mandu;Rua Jaguarana;1;0;9676.76;585443.97;60.5;-8.020585;-34.92848
Alto Do Mandu;Rua Jaguarana, 187 - Alto Do Mandu;Rua Jaguarana;1;0;2750.99;885296.35;321.81;-8.021062;-34.930052
Alto Do Mandu;Rua Jaguarana, 213 - Alto Do Mandu;Rua Jaguarana;1;0;2205.31;335140.95;151.97;-8.020997;-34.929834
Alto Do Mandu;Rua Massaranduba, 121 - Alto Do Mandu;Rua Massaranduba;1;0;1313.93;204644.45;155.75;-8.02019;-34.929935
Alto Jose Bonifacio;Rua Corrego Do Euclides, 123 - Alto Jose Bonifacio;Rua Corrego Do Euclides;1;0;2812.61;146255.96;52.0;-8.0578;-34.8829
Alto Jose Bonifacio;Rua Odalisca, 58 - Alto Jose Bonifacio;Rua Odalisca;1;0;2196.6;239429.07;109.0;-8.0578;-34.8829
Alto Jose Do Pinho;Rua Manoel Apolinario, 57 - Alto Jose Do Pinho;Rua Manoel Apolinario;7;2;4674.44;313379.34;67.09;-8.0578;-34.8829
Alto Jose Do Pinho;Rua Manoel Apolinario, 117 - Alto Jose Do Pinho;Rua Manoel Apolinario;2;0;4324.47;234455.14;54.28;-8.0578;-34.8829
Alto Jose Do Pinho;Rua Arlindo Cisneiros, 74 - Alto Jose Do Pinho;Rua Arlindo Cisneiros;1;0;4080.53;326442.71;80.0;-8.0578;-34.8829
Alto Jose Do Pinho;Rua Cabo Epitacio Lucena, 95 - Alto Jose Do Pinho;Rua Cabo Epitacio Lucena;1;0;8912.2;472346.51;53.0;-8.0578;-34.8829
Alto Jose Do Pinho;Rua Costa Dias, 79 - Alto Jose Do Pinho;Rua Costa Dias;1;0;2148.41;100975.44;47.0;-8.0578;-34.8829
Alto Jose Do Pinho;Rua Manoel Apolinario, 118 - Alto Jose Do Pinho;Rua Manoel Apolinario;1;0;4188.05;586327.08;140.0;-8.0578;-34.8829
Alto Jose Do Pinho;Rua Maragogi, 133 - Alto Jose Do Pinho;Rua Maragogi;1;1;11141.69;1615545.55;145.0;-8.0578;-34.8829
Alto Jose Do Pinho;Rua Padre Oliveira, 602 - Alto Jose Do Pinho;Rua Padre Oliveira;1;0;8848.24;726263.5;82.08;-8.0578;-34.8829
Alto Jose Do Pinho;Rua Pindoretama, 1 - Alto Jose Do Pinho;Rua Pindoretama;1;0;2072.01;573264.08;276.67;-8.0578;-34.8829
Alto Jose Do Pinho;Rua Pindoretama, 120 - Alto Jose Do Pinho;Rua Pindoretama;1;0;3283.9;180614.32;55.0;-8.0578;-34.8829
Alto Jose Do Pinho;Rua Uniao Da Vitoria, 173 - Alto Jose Do Pinho;Rua Uniao Da Vitoria;1;0;2578.96;64473.92;25.0;-8.0578;-34.8829
Alto Santa Terezinha;Rua Mario De Andrade, 36 - Alto Santa Terezinha;Rua Mario De Andrade;1;0;6065.14;300224.29;49.5;-8.0578;-34.8829
Apipucos;Rua Dois Irmaos, 447 - Apipucos;Rua Dois Irmaos;28;13;6673.3;481551.08;72.77;-8.02057;-34.940072
Apipucos;Rua Dolores Salgado, 201 - Apipucos;Rua Dolores Salgado;2;2;3358.22;1361289.49;405.36;-8.01721;-34.930691
Apipucos;Rua Escritor Ciro Dos Anjos, 1148 - Apipucos;Rua Escritor Ciro Dos Anjos;2;2;2813.32;965251.76;343.1;-8.020404;-34.935155
Apipucos;Rua Dois Irmaos, 8 - Apipucos;Rua Dois Irmaos;1;0;2345.21;512710.89;218.62;-8.020111;-34.940204
Apipucos;Rua Dolores Salgado, 219 - Apipucos;Rua Dolores Salgado;1;0;4530.64;2417322.05;533.55;-8.01707;-34.93081
Apipucos;Rua Dolores Salgado, 251 - Apipucos;Rua Dolores Salgado;1;0;2814.04;1626628.38;578.04;-8.016848;-34.930918
Apipucos;Rua Jorge Tasso Netto, 318 - Apipucos;Rua Jorge Tasso Netto;1;0;4653.29;38143801.74;8197.17;-8.018208;-34.938915
Apipucos;Rua Nazare De Minas, 64 - Apipucos;Rua Nazare De Minas;1;0;4679.28;2879350.26;615.34;-8.014961;-34.935939
Areias;Avenida Recife, 4316 - Areias;Avenida Recife;201;71;3337.93;205813.05;61.76;-8.095612;-34.926979
Areias;Rua Barros Sobrinho, 149 - Areias;Rua Barros Sobrinho;44;23;1802.89;62098.95;34.45;-8.087267;-34.932781
Areias;Avenida Recife, 657 - Areias;Avenida Recife;4;3;2988.26;167342.53;56.0;-8.091919;-34.929043
Areias;Rua Dona Netinha, 74 - Areias;Rua Dona Netinha;3;3;1811.09;184949.18;102.12;-8.095403;-34.924854
Areias;Rua Olimpio Costa, 92 - Areias;Rua Olimpio Costa;3;3;3122.68;797937.98;255.53;-8.100041;-34.938773
Areias;Avenida Doutor Jose Rufino, 812 - Areias;Avenida Doutor Jose Rufino;2;2;5976.31;869552.98;145.5;-8.087314;-34.932005
Areias;Avenida Recife, 3938 - Areias;Avenida Recife;2;0;3796.3;249796.32;65.8;-8.095612;-34.926979
Areias;Rua Dias Cardoso, 19 - Areias;Rua Dias Cardoso;2;2;1662.07;202240.76;121.68;-8.093564;-34.924566
Areias;Rua Dona Netinha, 91 - Areias;Rua Dona Netinha;2;2;1697.76;191270.1;112.66;-8.095569;-34.924986
Areias;Rua Rio Oiapoque, 365 - Areias;Rua Rio Oiapoque;2;2;2812.12;398955.85;141.87;-8.09956;-34.939469
Areias;Rua Teixeira Coimbra, 17 - Areias;Rua Teixeira Coimbra;2;2;2786.81;228797.29;82.1;-8.095759;-34.938927
Areias;Rua Teixeira Coimbra, 48 - Areias;Rua Teixeira Coimbra;2;2;4645.67;538943.75;116.01;-8.09595;-34.939242
Areias;Avenida Doutor Jose Rufino, 809 - Areias;Avenida Doutor Jose Rufino;1;0;3469.4;353878.84;102.0;-8.087558;-34.931653
Areias;Avenida Recife, 3856 - Areias;Avenida Recife;1;0;7122.91;468687.58;65.8;-8.095612;-34.926979
Areias;Avenida Recife, 4052 - Areias;Avenida Recife;1;0;3339.19;219718.95;65.8;-8.095612;-34.926979
Areias;Avenida Recife, 676 - Areias;Avenida Recife;1;0;3958.37;1032856.36;260.93;-8.092215;-34.929569
Areias;Avenida Recife, 688 - Areias;Avenida Recife;1;0;5942.37;750818.24;126.35;-8.092323;-34.929554
Areias;Avenida Recife, 712 - Areias;Avenida Recife;1;0;4815.73;818963.15;170.06;-8.092538;-34.929523
Areias;Avenida Recife, 727 - Areias;Avenida Recife;1;0;4201.88;235305.44;56.0;-8.092537;-34.928948
Areias;Avenida Recife, 758 - Areias;Avenida Recife;1;0;5145.17;1306975.48;254.02;-8.092926;-34.929472
Areias;Avenida Recife, 936 - Areias;Avenida Recife;1;0;0.0;1.2;347.99;-8.094542;-34.929244
Areias;Avenida Recife, 960 - Areias;Avenida Recife;1;0;3766.41;938439.45;249.16;-8.094756;-34.929214
Areias;Rua Agostinho Bezerra, 98 - Areias;Rua Agostinho Bezerra;1;0;2664.36;522215.12;196.0;-8.094894;-34.925186
Areias;Rua Antonio Franca, 63 - Areias;Rua Antonio Franca;1;0;2900.86;512813.53;176.78;-8.096094;-34.933208
Areias;Rua Barros Sobrinho, 241 - Areias;Rua Barros Sobrinho;1;0;2878.06;537650.42;186.81;-8.08816;-34.933714
Areias;Rua Butrim, 37 - Areias;Rua Butrim;1;0;4912.93;545188.29;110.97;-8.095517;-34.935788
Areias;Rua Dias Cardoso, 26 - Areias;Rua Dias Cardoso;1;0;2332.69;227833.63;97.67;-8.093428;-34.924665
Areias;Rua Dias Cardoso, 59 - Areias;Rua Dias Cardoso;1;0;1303.68;215107.39;165.0;-8.093618;-34.924938
Areias;Rua Dias Cardoso, 91 - Areias;Rua Dias Cardoso;1;0;2379.04;213994.37;89.95;-8.093664;-34.925262
Areias;Rua Doutor Jose Constantino, 60 - Areias;Rua Doutor Jose Constantino;1;0;4938.35;296300.93;60.0;-8.092585;-34.93658
Areias;Rua Doutor Vilas Boas, 85 - Areias;Rua Doutor Vilas Boas;1;0;4184.87;1060864.3;253.5;-8.093206;-34.937581
Areias;Rua Ferreira Viana, 27 - Areias;Rua Ferreira Viana;1;0;1802.87;673841.9;373.76;-8.093275;-34.924687
Areias;Rua General Francisco Figueiroa, 164 - Areias;Rua General Francisco Figueiroa;1;0;7064.0;1082699.32;153.27;-8.093976;-34.929599
Areias;Rua General Francisco Figueiroa, 402 - Areias;Rua General Francisco Figueiroa;1;0;3590.43;560179.56;156.02;-8.091716;-34.929915
Areias;Rua General Francisco Figueiroa, 58 - Areias;Rua General Francisco Figueiroa;1;0;4129.36;577821.06;139.93;-8.095008;-34.929454
Areias;Rua General Francisco Figueiroa, 94 - Areias;Rua General Francisco Figueiroa;1;0;4325.91;804619.52;186.0;-8.094687;-34.929499
Areias;Rua Jacques Maritain, 42 - Areias;Rua Jacques Maritain;1;0;1578.66;250012.03;158.37;-8.095088;-34.924599
Areias;Rua Jose Domingos Regueira, 124 - Areias;Rua Jose Domingos Regueira;1;0;2262.51;261658.74;115.65;-8.093939;-34.923335
Areias;Rua Jose Domingos Regueira, 184 - Areias;Rua Jose Domingos Regueira;1;0;2057.11;173784.76;84.48;-8.093677;-34.923902
Areias;Rua Jose Domingos Regueira, 199 - Areias;Rua Jose Domingos Regueira;1;0;1471.9;166045.1;112.81;-8.093768;-34.92406
Areias;Rua Jose Domingos Regueira, 65 - Areias;Rua Jose Domingos Regueira;1;0;3210.73;268224.22;83.54;-8.094337;-34.922827
Areias;Rua Muribeca, 112 - Areias;Rua Muribeca;1;0;2259.37;311206.0;137.74;-8.098932;-34.938748
Areias;Rua Muribeca, 49 - Areias;Rua Muribeca;1;0;2131.04;360401.29;169.12;-8.098262;-34.938489
Areias;Rua Muribeca, 86 - Areias;Rua Muribeca;1;0;2983.39;149169.57;50.0;-8.09866;-34.938784
Areias;Rua Olimpio Costa, 140 - Areias;Rua Olimpio Costa;1;0;2467.08;292151.57;118.42;-8.096969;-34.939182
Areias;Rua Olimpio Costa, 147 - Areias;Rua Olimpio Costa;1;0;3248.22;444194.67;136.75;-8.097171;-34.938999
Areias;Rua Olimpio Costa, 189 - Areias;Rua Olimpio Costa;1;0;1419.44;396194.64;279.12;-8.09951;-34.93923
Areias;Rua Olimpio Costa, 234 - Areias;Rua Olimpio Costa;1;0;2864.03;346404.67;120.95;-8.097298;-34.939043
Areias;Rua Pesqueira, 130 - Areias;Rua Pesqueira;1;0;2113.44;230787.59;109.2;-8.09451;-34.938281
Areias;Rua Rio Oiapoque, 152 - Areias;Rua Rio Oiapoque;1;0;2329.9;511204.2;219.41;-8.099008;-34.937515
Areias;Rua Rio Oiapoque, 173 - Areias;Rua Rio Oiapoque;1;0;2641.22;351097.62;132.93;-8.099349;-34.937696
Areias;Rua Rio Oiapoque, 355 - Areias;Rua Rio Oiapoque;1;0;1903.81;276471.01;145.22;-8.09955;-34.939379
Areias;Rua Teixeira Coimbra, 170 - Areias;Rua Teixeira Coimbra;1;0;2584.22;375332.77;145.24;-8.097011;-34.939614
Areias;Rua Teixeira Coimbra, 178 - Areias;Rua Teixeira Coimbra;1;0;2551.71;778679.87;305.16;-8.097097;-34.939647
Areias;Rua Teixeira Coimbra, 179 - Areias;Rua Teixeira Coimbra;1;0;1386.31;195469.07;141.0;-8.09718;-34.939407
Areias;Rua Tupiara, 248 - Areias;Rua Tupiara;1;0;1546.0;211786.55;136.99;-8.099748;-34.939463
Areias;Rua Urbano Sabino, 66 - Areias;Rua Urbano Sabino;1;0;1969.37;193116.77;98.06;-8.09403;-34.924973
Arruda;Rua Das Mocas, 797 - Arruda;Rua Das Mocas;134;58;1009.96;55688.9;55.14;-8.023408;-34.887968
Arruda;Rua Ana Mauricia Wanderley, 153 - Arruda;Rua Ana Mauricia Wanderley;7;2;5120.55;249826.15;48.51;-8.023624;-34.890389
Arruda;Rua Das Mocas, 790 - Arruda;Rua Das Mocas;7;4;3909.7;185671.4;47.49;-8.023408;-34.887968
Arruda;Rua Maria Jose De Morais Bezerra, 70 - Arruda;Rua Maria Jose De Morais Bezerra;4;0;3924.37;242800.84;61.87;-8.025247;-34.891398
Arruda;Rua Petronila Botelho, 31 - Arruda;Rua Petronila Botelho;4;4;4426.88;199740.72;45.12;-8.02614;-34.890257
Arruda;Rua Raul Pompeia, 167 - Arruda;Rua Raul Pompeia;3;2;3004.61;188839.79;62.85;-8.02498;-34.895179
Arruda;Rua Raul Pompeia, 25 - Arruda;Rua Raul Pompeia;3;0;4225.95;227440.8;53.82;-8.023374;-34.895422
Arruda;Avenida Beberibe Santa Cruz Futebol Clube, 1435 - Arruda;Avenida Beberibe Santa Cruz Futebol Clube;2;2;2988.0;2526656.36;845.6;-8.012544;-34.890034
Arruda;Avenida Professor Jose Dos Anjos, 2089 - Arruda;Avenida Professor Jose Dos Anjos;2;2;4840.07;213495.24;44.11;-8.026922;-34.90857
Arruda;Rua Ana Mauricia Wanderley, 140 - Arruda;Rua Ana Mauricia Wanderley;2;2;2979.48;187707.38;63.0;-8.023654;-34.890393
Arruda;Rua Ana Mauricia Wanderley, 193 - Arruda;Rua Ana Mauricia Wanderley;2;0;4209.9;229185.35;54.47;-8.023883;-34.890233
Arruda;Rua Ana Mauricia Wanderley, 56 - Arruda;Rua Ana Mauricia Wanderley;2;2;2922.1;223774.03;76.58;-8.023654;-34.890393
Arruda;Rua Bom Conselho, 68 - Arruda;Rua Bom Conselho;2;2;2547.68;180375.62;70.8;-8.025247;-34.891398
Arruda;Rua Joao Liberato, 55 - Arruda;Rua Joao Liberato;2;2;2798.0;273140.82;97.62;-8.024929;-34.896216
Arruda;Avenida Professor Jose Dos Anjos, 1775 - Arruda;Avenida Professor Jose Dos Anjos;1;1;3919.91;14103618.67;3597.94;-8.026922;-34.90857
Arruda;Rua Ana Mauricia Wanderley, 115 - Arruda;Rua Ana Mauricia Wanderley;1;0;2632.7;73320.56;27.85;-8.023409;-34.890745
Arruda;Rua Ana Mauricia Wanderley, 132 - Arruda;Rua Ana Mauricia Wanderley;1;0;3164.49;371606.58;117.43;-8.023654;-34.890393
Arruda;Rua Ana Mauricia Wanderley, 46 - Arruda;Rua Ana Mauricia Wanderley;1;0;2345.06;179585.06;76.58;-8.023654;-34.890393
Arruda;Rua Ana Mauricia Wanderley, 60 - Arruda;Rua Ana Mauricia Wanderley;1;0;2345.06;179585.06;76.58;-8.023654;-34.890393
Arruda;Rua Bom Conselho, 285 - Arruda;Rua Bom Conselho;1;0;2570.96;352350.25;137.05;-8.025247;-34.891398
Arruda;Rua Bom Conselho, 363 - Arruda;Rua Bom Conselho;1;0;4745.12;431805.6;91.0;-8.025247;-34.891398
Arruda;Rua Bom Conselho, 53 - Arruda;Rua Bom Conselho;1;0;6593.22;348781.39;52.9;-8.025247;-34.891398
Arruda;Rua Crisolita, 44 - Arruda;Rua Crisolita;1;0;9228.22;546495.12;59.22;-8.025247;-34.891398
Arruda;Rua Crisolita, 87 - Arruda;Rua Crisolita;1;0;2914.52;222960.49;76.5;-8.025247;-34.891398
Arruda;Rua Crisostomo, 299 - Arruda;Rua Crisostomo;1;0;4849.8;403018.56;83.1;-8.025247;-34.891398
Arruda;Rua Da Intendencia, 152 - Arruda;Rua Da Intendencia;1;1;9957.28;517778.75;52.0;-8.025247;-34.891398
Arruda;Rua Das Mocas, 502 - Arruda;Rua Das Mocas;1;1;3615.73;229779.64;63.55;-8.026061;-34.888937
Arruda;Rua Das Mocas, 824 - Arruda;Rua Das Mocas;1;0;2460.46;329701.21;134.0;-8.023408;-34.887968
Arruda;Rua Das Mocas, 886 - Arruda;Rua Das Mocas;1;0;6252.29;2301844.24;368.16;-8.023073;-34.886945
Arruda;Rua Desembargador Santos Pereira, 100 - Arruda;Rua Desembargador Santos Pereira;1;0;2599.06;180894.86;69.6;-8.025247;-34.891398
Arruda;Rua Desembargador Santos Pereira, 73 - Arruda;Rua Desembargador Santos Pereira;1;0;1630.88;123947.18;76.0;-8.025247;-34.891398
Arruda;Rua Dezesseis De Julho, 154 - Arruda;Rua Dezesseis De Julho;1;0;2457.53;262414.73;106.78;-8.025247;-34.891398
Arruda;Rua Do Machado, 67 - Arruda;Rua Do Machado;1;0;3199.47;218203.59;68.2;-8.025049;-34.890579
Arruda;Rua Do Machado, 85 - Arruda;Rua Do Machado;1;0;2629.51;183750.39;69.88;-8.024977;-34.890546
Arruda;Rua Estrela Do Norte, 6 - Arruda;Rua Estrela Do Norte;1;0;3107.15;264262.69;85.05;-8.025247;-34.891398
Arruda;Rua Jorge Couceiro, 236 - Arruda;Rua Jorge Couceiro;1;0;2678.1;211704.04;79.05;-8.025247;-34.891398
Arruda;Rua Malaquias Goncalves Da Rocha, 22 - Arruda;Rua Malaquias Goncalves Da Rocha;1;0;3344.41;334440.73;100.0;-8.025247;-34.891398
Arruda;Rua N S Das Gracas, 114 - Arruda;Rua N S Das Gracas;1;0;4741.76;250175.0;52.76;-8.025247;-34.891398
Arruda;Rua N S Das Gracas, 118 - Arruda;Rua N S Das Gracas;1;0;3324.58;250175.0;75.25;-8.025247;-34.891398
Arruda;Rua Pedro Rodrigues De Barros, 41 - Arruda;Rua Pedro Rodrigues De Barros;1;0;3711.5;341457.7;92.0;-8.025247;-34.891398
Arruda;Rua Raul Pompeia, 255 - Arruda;Rua Raul Pompeia;1;0;4992.31;504323.22;101.02;-8.023374;-34.895422
Arruda;Rua Raul Pompeia, 294 - Arruda;Rua Raul Pompeia;1;0;2783.82;160542.7;57.67;-8.023374;-34.895422
Arruda;Rua Raul Pompeia, 68 - Arruda;Rua Raul Pompeia;1;0;7495.71;220598.85;29.43;-8.02575;-34.894459
Arruda;Rua Sete Pecados, 164 - Arruda;Rua Sete Pecados;1;0;2183.71;446634.63;204.53;-8.025247;-34.891398
Arruda;Rua Sete Pecados, 316 - Arruda;Rua Sete Pecados;1;1;6508.38;1165455.84;179.07;-8.025247;-34.891398
Barro;Avenida Doutor Jose Rufino, 3843 - Barro;Avenida Doutor Jose Rufino;41;16;6776.89;413161.01;61.04;-8.091741;-34.944952
Barro;Rua Amador Araujo, 51 - Barro;Rua Amador Araujo;27;6;970.64;36806.87;37.92;-8.092804;-34.943549
Barro;Avenida Doutor Jose Rufino, 2372 - Barro;Avenida Doutor Jose Rufino;15;1;5533.9;330766.72;60.63;-8.092988;-34.94396
Barro;Avenida Doutor Jose Rufino, 2887 - Barro;Avenida Doutor Jose Rufino;13;4;4643.96;275851.21;59.4;-8.091741;-34.944952
Barro;Avenida Doutor Jose Rufino, 3795 - Barro;Avenida Doutor Jose Rufino;8;2;5102.22;245955.79;48.21;-8.091741;-34.944952
Barro;Rua Domingos Teotonio, 38 - Barro;Rua Domingos Teotonio;4;2;5400.85;284084.74;52.6;-8.092514;-34.941296
Barro;Rua Doutor Vilas Boas, 530 - Barro;Rua Doutor Vilas Boas;4;1;4857.21;323400.51;66.6;-8.096398;-34.940805
Barro;Rua Coronel Seara, 28 - Barro;Rua Coronel Seara;3;3;3842.9;387978.9;100.96;-8.090574;-34.937372
Barro;Rua Padre Nobrega, 307 - Barro;Rua Padre Nobrega;3;0;2622.09;443332.5;170.6;-8.090345;-34.938845
Barro;Avenida Doutor Jose Rufino, 3429 - Barro;Avenida Doutor Jose Rufino;2;2;6588.59;1185947.52;180.0;-8.091741;-34.944952
Barro;Avenida Doutor Jose Rufino, 3491 - Barro;Avenida Doutor Jose Rufino;2;2;20893.85;3001192.06;143.64;-8.091741;-34.944952
Barro;Avenida Doutor Jose Rufino, 3545 - Barro;Avenida Doutor Jose Rufino;2;2;10978.61;2146318.24;195.5;-8.091741;-34.944952
Barro;Rua Pery, 123 - Barro;Rua Pery;2;2;2657.66;404017.58;152.02;-8.092138;-34.945326
Barro;Rua Pery, 98 - Barro;Rua Pery;2;2;3211.13;320887.77;99.93;-8.092391;-34.944992
Barro;Avenida Desembargador Nestor Diogens De Mello, 363 - Barro;Avenida Desembargador Nestor Diogens De Mello;1;0;5285.5;930247.22;176.0;-8.095502;-34.945395
Barro;Avenida Desembargador Nestor Diogens De Mello, 479 - Barro;Avenida Desembargador Nestor Diogens De Mello;1;0;3430.41;645088.35;188.05;-8.096421;-34.944551
Barro;Avenida Doutor Jose Rufino, 2125 - Barro;Avenida Doutor Jose Rufino;1;0;7276.64;492410.43;67.67;-8.091741;-34.944952
Barro;Avenida Doutor Jose Rufino, 3579 - Barro;Avenida Doutor Jose Rufino;1;0;9873.56;1155206.32;117.0;-8.091741;-34.944952
Barro;Avenida Doutor Jose Rufino, 3815 - Barro;Avenida Doutor Jose Rufino;1;0;9318.32;1118197.94;120.0;-8.091741;-34.944952
Barro;Avenida Engenho Muribeca, 198 - Barro;Avenida Engenho Muribeca;1;0;891.44;90204.72;101.19;-8.093723;-34.942232
Barro;Avenida Engenho Muribeca, 254 - Barro;Avenida Engenho Muribeca;1;0;2719.67;122385.17;45.0;-8.093723;-34.942232
Barro;Avenida Engenho Muribeca, 364 - Barro;Avenida Engenho Muribeca;1;0;3627.09;155964.81;43.0;-8.093723;-34.942232
Barro;Rua Almeirim, 108 - Barro;Rua Almeirim;1;0;9024.26;375409.12;41.6;-8.091069;-34.942561
Barro;Rua Amador Araujo, 68 - Barro;Rua Amador Araujo;1;0;2268.85;273623.28;120.6;-8.0925;-34.943253
Barro;Rua Capitao Ponciano, 29 - Barro;Rua Capitao Ponciano;1;0;0.0;0.01;76.5;-8.093518;-34.943492
Barro;Rua Capitao Ponciano, 46 - Barro;Rua Capitao Ponciano;1;0;4004.5;736348.14;183.88;-8.093711;-34.943751
Barro;Rua Coronel Seara, 158 - Barro;Rua Coronel Seara;1;0;4396.35;304403.52;69.24;-8.089429;-34.93762
Barro;Rua Coronel Seara, 62 - Barro;Rua Coronel Seara;1;0;3060.53;385749.57;126.04;-8.090237;-34.937429
Barro;Rua Dom Antonio Vicoso, 154 - Barro;Rua Dom Antonio Vicoso;1;0;1904.58;898466.47;471.74;-8.094081;-34.942508
Barro;Rua Dom Antonio Vicoso, 228 - Barro;Rua Dom Antonio Vicoso;1;0;2844.2;1368401.44;481.12;-8.094771;-34.942185
Barro;Rua Dorotheia Vieira, 61 - Barro;Rua Dorotheia Vieira;1;0;2407.28;148770.18;61.8;-8.093352;-34.94274
Barro;Rua Escritor Lins Do Rego, 114 - Barro;Rua Escritor Lins Do Rego;1;0;8522.68;471218.71;55.29;-8.096381;-34.944038
Barro;Rua Escritor Lins Do Rego, 75 - Barro;Rua Escritor Lins Do Rego;1;0;3276.37;418719.97;127.8;-8.096381;-34.944038
Barro;Rua Manuel Salvador, 194 - Barro;Rua Manuel Salvador;1;0;0.01;1.79;354.1;-8.088424;-34.937828
Barro;Rua Padre Nobrega, 161 - Barro;Rua Padre Nobrega;1;0;1732.56;212117.86;122.43;-8.091152;-34.938871
Barro;Rua Padre Nobrega, 332 - Barro;Rua Padre Nobrega;1;0;1102.03;365874.85;332.0;-8.089538;-34.938818
Barro;Rua Pery, 110 - Barro;Rua Pery;1;0;3492.38;264024.28;75.6;-8.092281;-34.944994
Barro;Rua Pery, 133 - Barro;Rua Pery;1;0;1995.25;265368.06;133.0;-8.092;-34.945243
Barro;Rua Pery, 76 - Barro;Rua Pery;1;0;1502.53;183444.21;122.09;-8.092613;-34.94499
Barro;Rua Sargento Manoel Chagas, 342 - Barro;Rua Sargento Manoel Chagas;1;0;2720.39;418858.31;153.97;-8.095336;-34.945184
Barro;Rua Serra Branca, 127 - Barro;Rua Serra Branca;1;0;3182.18;252028.62;79.2;-8.093723;-34.942232
Beberibe;Avenida Beberibe Santa Cruz Futebol Clube, 3979 - Beberibe;Avenida Beberibe Santa Cruz Futebol Clube;1;1;17481.46;971094.9;55.55;-8.005712;-34.893148
Beberibe;Rua Uriel De Holanda, 113 - Beberibe;Rua Uriel De Holanda;1;0;2949.49;359838.0;122.0;-8.005816;-34.901175
Boa Viagem;Rua Maria Carolina, 661 - Boa Viagem;Rua Maria Carolina;262;187;6316.12;334298.12;54.17;-8.113154;-34.899229
Boa Viagem;Rua Amalia Bernardino De Souza, 532 - Boa Viagem;Rua Amalia Bernardino De Souza;237;168;8096.53;648994.94;80.21;-8.126197;-34.908838
Boa Viagem;Rua Viriato Correia, 142 - Boa Viagem;Rua Viriato Correia;218;109;7037.99;420286.05;59.72;-8.133547;-34.909971
Boa Viagem;Rua Barao De Souza Leao, 425 - Boa Viagem;Rua Barao De Souza Leao;215;119;9617.79;662588.55;73.21;-8.131824;-34.90398
Boa Viagem;Rua Faustino Porto, 458 - Boa Viagem;Rua Faustino Porto;198;113;7411.15;302255.1;40.03;-8.117418;-34.898547
Boa Viagem;Rua Ribeiro De Brito, 950 - Boa Viagem;Rua Ribeiro De Brito;191;132;8502.08;292930.53;34.45;-8.122666;-34.904887
Boa Viagem;Rua Visconde De Jequitinhonha, 1228 - Boa Viagem;Rua Visconde De Jequitinhonha;185;149;8983.44;498947.45;56.23;-8.132053;-34.90335
Boa Viagem;Rua Coronel Anizio Rodrigues Coelho, 660 - Boa Viagem;Rua Coronel Anizio Rodrigues Coelho;184;161;7258.38;291670.33;40.52;-8.122709;-34.906944
Boa Viagem;Rua Pedro Paes Mendonca, 200 - Boa Viagem;Rua Pedro Paes Mendonca;143;56;10821.35;1457882.3;134.79;-8.114243;-34.901996
Boa Viagem;Rua Amaro Albino Pimentel, 112 - Boa Viagem;Rua Amaro Albino Pimentel;130;96;6559.84;822024.84;126.75;-8.123577;-34.901191
Boa Viagem;Rua Copacabana, 35 - Boa Viagem;Rua Copacabana;124;80;7113.89;424429.29;59.78;-8.137791;-34.908737
Boa Viagem;Rua Bruno Veloso, 1280 - Boa Viagem;Rua Bruno Veloso;107;11;9710.95;903709.55;95.32;-8.120019;-34.907495
Boa Viagem;Rua Visconde De Jequitinhonha, 1144 - Boa Viagem;Rua Visconde De Jequitinhonha;106;51;13009.87;264893.3;20.43;-8.131209;-34.903173
Boa Viagem;Rua Jorge Couceiro Da Costa Eiras, 790 - Boa Viagem;Rua Jorge Couceiro Da Costa Eiras;99;0;10208.07;301242.42;29.6;-8.122242;-34.906446
Boa Viagem;Rua Mamanguape, 583 - Boa Viagem;Rua Mamanguape;98;55;8301.11;339377.67;41.5;-8.115204;-34.899338
Boa Viagem;Rua Ministro Nelson Hungria, 300 - Boa Viagem;Rua Ministro Nelson Hungria;96;64;9453.22;326330.52;34.62;-8.113273;-34.898938
Boa Viagem;Rua Professor Julio Ferreira De Melo, 510 - Boa Viagem;Rua Professor Julio Ferreira De Melo;95;80;6934.72;1093287.85;156.22;-8.116714;-34.898912
Boa Viagem;Rua Ernesto De Paula Santos, 187 - Boa Viagem;Rua Ernesto De Paula Santos;93;44;7147.26;367128.45;53.2;-8.125255;-34.898919
Boa Viagem;Rua Felix De Brito E Melo, 585 - Boa Viagem;Rua Felix De Brito E Melo;93;51;7166.76;931319.5;130.89;-8.116436;-34.89874
Boa Viagem;Rua Coronel Anizio Rodrigues Coelho, 255 - Boa Viagem;Rua Coronel Anizio Rodrigues Coelho;91;54;6468.86;326123.59;50.03;-8.12322;-34.906911
Boa Viagem;Rua General Americano Freire, 300 - Boa Viagem;Rua General Americano Freire;85;23;6664.11;248059.28;37.22;-8.123673;-34.906645
Boa Viagem;Rua Bruno Veloso, 257 - Boa Viagem;Rua Bruno Veloso;81;45;9457.31;974008.58;102.99;-8.122192;-34.898453
Boa Viagem;Rua Felix De Brito E Melo, 400 - Boa Viagem;Rua Felix De Brito E Melo;77;4;10310.34;477445.78;47.51;-8.11675;-34.897157
Boa Viagem;Rua Tenente Joao Cicero, 65 - Boa Viagem;Rua Tenente Joao Cicero;72;42;7753.45;848083.25;109.38;-8.112202;-34.896487
Boa Viagem;Rua Luiz De Faria Barbosa, 306 - Boa Viagem;Rua Luiz De Faria Barbosa;70;55;6139.61;924932.06;150.65;-8.123577;-34.901191
Boa Viagem;Rua Tenente Joao Cicero, 717 - Boa Viagem;Rua Tenente Joao Cicero;70;44;8715.16;497878.91;57.13;-8.111395;-34.898319
Boa Viagem;Rua Professor Julio Ferreira De Melo, 562 - Boa Viagem;Rua Professor Julio Ferreira De Melo;68;48;6815.44;557895.18;76.43;-8.116714;-34.898912
Boa Viagem;Rua Ministro Nelson Hungria, 26 - Boa Viagem;Rua Ministro Nelson Hungria;66;45;8442.2;1393300.19;165.04;-8.113273;-34.898938
Boa Viagem;Rua Amalia Bernardino De Souza, 234 - Boa Viagem;Rua Amalia Bernardino De Souza;65;23;6192.73;255508.07;41.37;-8.123447;-34.908647
Boa Viagem;Rua Dos Navegantes, 1415 - Boa Viagem;Rua Dos Navegantes;64;18;14206.16;2967502.73;208.89;-8.11892;-34.894935
Boa Viagem;Rua Ministro Nelson Hungria, 86 - Boa Viagem;Rua Ministro Nelson Hungria;64;35;7219.68;345895.05;47.91;-8.113273;-34.898938
Boa Viagem;Rua Tenente Joao Cicero, 470 - Boa Viagem;Rua Tenente Joao Cicero;64;35;11617.99;386954.71;33.37;-8.112202;-34.896487
Boa Viagem;Rua Aristides Muniz, 65 - Boa Viagem;Rua Aristides Muniz;62;30;8821.02;415037.24;48.29;-8.109785;-34.892574
Boa Viagem;Rua Mamanguape, 470 - Boa Viagem;Rua Mamanguape;61;14;12104.28;1423111.19;117.57;-8.115153;-34.897759
Boa Viagem;Rua Professor Arnaldo Carneiro Leao, 146 - Boa Viagem;Rua Professor Arnaldo Carneiro Leao;61;28;7756.47;872606.72;112.89;-8.113377;-34.900731
Boa Viagem;Rua Serinhaem, 149 - Boa Viagem;Rua Serinhaem;59;22;8567.85;621927.35;72.53;-8.122943;-34.897797
Boa Viagem;Rua Amaro Albino Pimentel, 101 - Boa Viagem;Rua Amaro Albino Pimentel;58;32;9307.76;663032.41;71.05;-8.123577;-34.901191
Boa Viagem;Rua Mamanguape, 546 - Boa Viagem;Rua Mamanguape;58;37;9895.59;989361.41;99.98;-8.114812;-34.898837
Boa Viagem;Rua Serinhaem, 44 - Boa Viagem;Rua Serinhaem;58;22;8629.88;1327819.14;153.66;-8.122853;-34.897809
Boa Viagem;Rua Ana Camelo Da Silva, 256 - Boa Viagem;Rua Ana Camelo Da Silva;55;36;10001.06;1646199.34;164.32;-8.107925;-34.892727
Boa Viagem;Rua Ana Camelo Da Silva, 290 - Boa Viagem;Rua Ana Camelo Da Silva;55;38;10010.73;617471.3;61.68;-8.108285;-34.892763
Boa Viagem;Rua Tenente Joao Cicero, 842 - Boa Viagem;Rua Tenente Joao Cicero;55;34;6891.39;405351.8;58.82;-8.112202;-34.896487
Boa Viagem;Rua Professor Augusto Lins E Silva, 1124 - Boa Viagem;Rua Professor Augusto Lins E Silva;54;18;8491.4;294750.67;34.94;-8.145377;-34.908271
Boa Viagem;Rua Dos Navegantes, 1706 - Boa Viagem;Rua Dos Navegantes;53;30;8308.29;599166.52;76.89;-8.117996;-34.894344
Boa Viagem;Rua Joao Cardoso Aires, 396 - Boa Viagem;Rua Joao Cardoso Aires;53;26;10197.71;1047610.85;102.73;-8.142342;-34.90794
Boa Viagem;Rua Setubal, 1432 - Boa Viagem;Rua Setubal;53;20;10847.33;509262.64;46.83;-8.144439;-34.905936
Boa Viagem;Rua Jose Aderval Chaves, 78 - Boa Viagem;Rua Jose Aderval Chaves;50;39;4940.45;171235.89;34.66;-8.106532;-34.89108
Boa Viagem;Rua Luiz De Faria Barbosa, 36 - Boa Viagem;Rua Luiz De Faria Barbosa;50;23;9180.47;1261487.88;137.41;-8.123577;-34.901191
Boa Viagem;Rua Professor Julio Ferreira De Melo, 225 - Boa Viagem;Rua Professor Julio Ferreira De Melo;49;16;7292.73;342753.74;47.38;-8.115017;-34.898028
Boa Viagem;Rua Visconde De Jequitinhonha, 1294 - Boa Viagem;Rua Visconde De Jequitinhonha;48;29;8414.64;568142.85;67.46;-8.138843;-34.904756
Boa Viagem;Avenida Professor Joao Medeiros, 675 - Boa Viagem;Avenida Professor Joao Medeiros;47;29;7595.65;341271.63;44.92;-8.123036;-34.901102
Boa Viagem;Rua Barao De Souza Leao, 813 - Boa Viagem;Rua Barao De Souza Leao;47;47;9705.72;191105.66;19.69;-8.132553;-34.907721
Boa Viagem;Rua Felix De Brito E Melo, 202 - Boa Viagem;Rua Felix De Brito E Melo;47;37;9704.9;1530367.69;157.69;-8.116719;-34.89852
Boa Viagem;Rua Jorge Couceiro Da Costa Eiras, 443 - Boa Viagem;Rua Jorge Couceiro Da Costa Eiras;47;22;7008.47;499803.17;71.29;-8.122293;-34.905465
Boa Viagem;Rua Major Armando De Souza Mello, 303 - Boa Viagem;Rua Major Armando De Souza Mello;46;38;5498.23;536396.07;98.7;-8.144609;-34.908401
Boa Viagem;Rua Baltazar Passos, 480 - Boa Viagem;Rua Baltazar Passos;45;25;7934.42;290300.82;36.62;-8.14379;-34.907773
Boa Viagem;Avenida Boa Viagem, 2290 - Boa Viagem;Avenida Boa Viagem;43;21;8748.98;628846.38;70.89;-8.114029;-34.891954
Boa Viagem;Rua Conego Romeu, 373 - Boa Viagem;Rua Conego Romeu;43;27;8383.32;563000.09;67.16;-8.138367;-34.907487
Boa Viagem;Rua Faustino Porto, 288 - Boa Viagem;Rua Faustino Porto;43;24;7315.41;362204.25;49.46;-8.117052;-34.898858
Boa Viagem;Rua Professor Valdemar De Oliveira, 74 - Boa Viagem;Rua Professor Valdemar De Oliveira;43;21;5998.21;321834.03;54.57;-8.122508;-34.900153
Boa Viagem;Rua Ernesto De Paula Santos, 1172 - Boa Viagem;Rua Ernesto De Paula Santos;42;26;5719.58;228816.34;41.1;-8.123994;-34.906156
Boa Viagem;Rua Maria Carolina, 378 - Boa Viagem;Rua Maria Carolina;42;30;8010.02;331677.82;42.45;-8.113865;-34.896449
Boa Viagem;Rua Ministro Nelson Hungria, 180 - Boa Viagem;Rua Ministro Nelson Hungria;42;35;5675.31;177924.74;31.4;-8.113273;-34.898938
Boa Viagem;Rua Setubal, 1597 - Boa Viagem;Rua Setubal;42;20;9191.98;1097162.14;119.36;-8.145904;-34.906167
Boa Viagem;Rua Coronel Anizio Rodrigues Coelho, 678 - Boa Viagem;Rua Coronel Anizio Rodrigues Coelho;41;28;8471.67;616687.43;72.8;-8.127239;-34.907002
Boa Viagem;Rua Jonathas De Vasconcelos, 427 - Boa Viagem;Rua Jonathas De Vasconcelos;41;26;7700.59;490118.81;63.64;-8.124963;-34.907531
Boa Viagem;Rua Jose Domingues Da Silva, 116 - Boa Viagem;Rua Jose Domingues Da Silva;41;20;9156.88;554171.78;60.67;-8.133066;-34.9061
Boa Viagem;Rua Ernesto De Paula Santos, 1355 - Boa Viagem;Rua Ernesto De Paula Santos;40;27;7203.68;459493.43;63.79;-8.124449;-34.907424
Boa Viagem;Rua Professor Eduardo Wanderley Filho, 242 - Boa Viagem;Rua Professor Eduardo Wanderley Filho;39;22;7531.68;334030.03;44.35;-8.110972;-34.893948
Boa Viagem;Rua Luiz De Faria Barbosa, 364 - Boa Viagem;Rua Luiz De Faria Barbosa;38;27;7286.34;1470820.34;201.86;-8.123577;-34.901191
Boa Viagem;Rua Major Armando De Souza Mello, 207 - Boa Viagem;Rua Major Armando De Souza Mello;38;30;6272.2;518979.61;82.72;-8.141446;-34.907012
Boa Viagem;Rua Major Armando De Souza Mello, 570 - Boa Viagem;Rua Major Armando De Souza Mello;38;14;7355.12;1495168.7;203.27;-8.142012;-34.907489
Boa Viagem;Rua Amalia Bernardino De Souza, 283 - Boa Viagem;Rua Amalia Bernardino De Souza;37;6;8027.99;306682.59;38.21;-8.125756;-34.90866
Boa Viagem;Rua Baltazar Passos, 260 - Boa Viagem;Rua Baltazar Passos;37;23;6650.86;817391.34;122.9;-8.143875;-34.907153
Boa Viagem;Rua Mamanguape, 576 - Boa Viagem;Rua Mamanguape;37;20;7503.88;385737.68;51.64;-8.114701;-34.899207
Boa Viagem;Rua Padre Luiz Marques Teixeira, 215 - Boa Viagem;Rua Padre Luiz Marques Teixeira;37;29;7942.96;820428.36;103.29;-8.130062;-34.906504
Boa Viagem;Rua Tenente Joao Cicero, 772 - Boa Viagem;Rua Tenente Joao Cicero;37;19;8110.42;1302152.54;160.55;-8.112202;-34.896487
Boa Viagem;Rua Viriato Correia, 71 - Boa Viagem;Rua Viriato Correia;37;12;8784.55;628582.36;71.55;-8.133729;-34.909039
Boa Viagem;Rua Copacabana, 52 - Boa Viagem;Rua Copacabana;35;16;4199.41;238610.22;56.82;-8.137087;-34.908915
Boa Viagem;Rua Jorge Couceiro Da Costa Eiras, 685 - Boa Viagem;Rua Jorge Couceiro Da Costa Eiras;35;8;7325.5;471615.5;64.38;-8.122328;-34.907643
Boa Viagem;Rua Poeta Zezito Neves, 281 - Boa Viagem;Rua Poeta Zezito Neves;35;21;9834.26;375318.6;38.48;-8.112876;-34.895912
Boa Viagem;Rua Aristides Muniz, 89 - Boa Viagem;Rua Aristides Muniz;34;23;7313.84;432414.11;59.08;-8.109664;-34.892755
Boa Viagem;Rua Doutor Pedro De Mello Cahu, 22 - Boa Viagem;Rua Doutor Pedro De Mello Cahu;34;19;9431.23;1659834.76;176.18;-8.110967;-34.896068
Boa Viagem;Avenida Boa Viagem, 1662 - Boa Viagem;Avenida Boa Viagem;33;21;17772.01;4325512.87;242.29;-8.105871;-34.888007
Boa Viagem;Avenida Boa Viagem, 4520 - Boa Viagem;Avenida Boa Viagem;33;17;12989.17;3220275.43;247.92;-8.128681;-34.898787
Boa Viagem;Rua Cruzeiro Do Forte, 152 - Boa Viagem;Rua Cruzeiro Do Forte;33;24;8183.04;594634.64;72.74;-8.138019;-34.909365
Boa Viagem;Rua Dhalia, 191 - Boa Viagem;Rua Dhalia;33;22;8496.47;989159.68;116.42;-8.119729;-34.898653
Boa Viagem;Rua Faustino Porto, 289 - Boa Viagem;Rua Faustino Porto;33;17;6641.96;479291.57;72.17;-8.117526;-34.899158
Boa Viagem;Rua General Americano Freire, 764 - Boa Viagem;Rua General Americano Freire;33;13;7892.18;507011.35;64.24;-8.126676;-34.906277
Boa Viagem;Avenida Engenheiro Domingos Ferreira, 2448 - Boa Viagem;Avenida Engenheiro Domingos Ferreira;32;4;11498.38;575855.06;50.75;-8.113561;-34.894358
Boa Viagem;Rua Maria Carolina, 276 - Boa Viagem;Rua Maria Carolina;32;13;12790.34;749769.74;58.62;-8.114387;-34.895461
Boa Viagem;Rua Padre Carapuceiro, 777 - Boa Viagem;Rua Padre Carapuceiro;32;2;10250.93;5811156.06;507.14;-8.119403;-34.904694
Boa Viagem;Avenida Boa Viagem, 1906 - Boa Viagem;Avenida Boa Viagem;31;22;12922.69;885901.96;68.96;-8.107363;-34.888523
Boa Viagem;Avenida Conselheiro Aguiar, 1472 - Boa Viagem;Avenida Conselheiro Aguiar;31;18;4814.7;291873.91;60.75;-8.103133;-34.888118
Boa Viagem;Avenida Conselheiro Aguiar, 1748 - Boa Viagem;Avenida Conselheiro Aguiar;31;19;11627.25;834686.55;72.02;-8.105425;-34.88915
Boa Viagem;Rua Baltazar Passos, 440 - Boa Viagem;Rua Baltazar Passos;31;16;6715.54;450322.81;66.94;-8.143111;-34.908668
Boa Viagem;Rua Ernesto De Paula Santos, 1342 - Boa Viagem;Rua Ernesto De Paula Santos;31;14;6376.52;678203.84;106.36;-8.124052;-34.90732
Boa Viagem;Rua Mamanguape, 623 - Boa Viagem;Rua Mamanguape;31;15;6832.41;758880.59;111.1;-8.11509;-34.899557
Boa Viagem;Rua Setubal, 777 - Boa Viagem;Rua Setubal;31;18;7926.15;394371.43;49.9;-8.13781;-34.902764
Boa Viagem;Avenida Boa Viagem, 4298 - Boa Viagem;Avenida Boa Viagem;30;6;4127.62;587295.39;81.34;-8.12691;-34.89817
Boa Viagem;Avenida Conselheiro Aguiar, 1350 - Boa Viagem;Avenida Conselheiro Aguiar;30;10;4393.94;222943.38;52.47;-8.101495;-34.887257
Boa Viagem;Rua Dos Navegantes, 1455 - Boa Viagem;Rua Dos Navegantes;30;23;9646.17;416479.16;43.18;-8.119691;-34.895923
Boa Viagem;Rua Doutor Joao Guilherme De Pontes Sobrinho, 505 - Boa Viagem;Rua Doutor Joao Guilherme De Pontes Sobrinho;30;16;5673.25;521582.2;91.95;-8.125469;-34.904351
Boa Viagem;Rua Izabel Magalhaes, 51 - Boa Viagem;Rua Izabel Magalhaes;30;17;7505.04;574541.97;77.44;-8.139198;-34.906056
Boa Viagem;Rua Mamanguape, 48 - Boa Viagem;Rua Mamanguape;30;13;10400.71;1410232.24;135.59;-8.117105;-34.894586
Boa Viagem;Rua Raul Azedo, 95 - Boa Viagem;Rua Raul Azedo;30;19;14601.56;2065225.4;141.5;-8.102982;-34.887041
Boa Viagem;Rua Visconde De Jequitinhonha, 287 - Boa Viagem;Rua Visconde De Jequitinhonha;30;14;4446.31;152731.85;35.25;-8.123369;-34.903602
Boa Viagem;Avenida Conselheiro Aguiar, 1527 - Boa Viagem;Avenida Conselheiro Aguiar;29;15;11231.86;1336823.55;119.02;-8.103747;-34.887667
Boa Viagem;Rua Aristides Muniz, 121 - Boa Viagem;Rua Aristides Muniz;29;18;6856.93;759338.23;110.8;-8.109534;-34.893012
Boa Viagem;Rua Bruno Veloso, 603 - Boa Viagem;Rua Bruno Veloso;29;20;5787.59;186476.09;32.59;-8.121443;-34.901823
Boa Viagem;Rua Dona Benvinda De Farias, 562 - Boa Viagem;Rua Dona Benvinda De Farias;29;14;5898.47;480921.93;81.6;-8.109391;-34.893753
Boa Viagem;Rua Felix De Brito E Melo, 273 - Boa Viagem;Rua Felix De Brito E Melo;29;19;8041.97;314283.72;39.59;-8.117741;-34.896359
Boa Viagem;Rua Francisco Da Cunha, 1406 - Boa Viagem;Rua Francisco Da Cunha;29;21;8555.63;981415.98;114.71;-8.116999;-34.898151
Boa Viagem;Rua Professor Augusto Lins E Silva, 769 - Boa Viagem;Rua Professor Augusto Lins E Silva;29;14;8290.39;462538.13;55.91;-8.141291;-34.906348
Boa Viagem;Rua Almirante Batista Leao, 43 - Boa Viagem;Rua Almirante Batista Leao;28;18;6505.88;425886.22;67.13;-8.140276;-34.909808
Boa Viagem;Rua Barao De Souza Leao, 221 - Boa Viagem;Rua Barao De Souza Leao;28;12;4826.14;340835.7;70.68;-8.132465;-34.902104
Boa Viagem;Rua Mamanguape, 159 - Boa Viagem;Rua Mamanguape;28;21;7410.5;867102.64;117.01;-8.116956;-34.895744
Boa Viagem;Rua Professor Augusto Lins E Silva, 761 - Boa Viagem;Rua Professor Augusto Lins E Silva;28;16;5542.83;454179.43;81.94;-8.142653;-34.906645
Boa Viagem;Rua Tenente Domingos De Brito, 425 - Boa Viagem;Rua Tenente Domingos De Brito;28;4;6811.23;335085.75;49.2;-8.12497;-34.905134
Boa Viagem;Rua Amaro Albino Pimentel, 290 - Boa Viagem;Rua Amaro Albino Pimentel;27;18;8086.62;780576.76;96.29;-8.123577;-34.901191
Boa Viagem;Rua Aviador Severiano Lins, 219 - Boa Viagem;Rua Aviador Severiano Lins;27;14;6858.02;509621.1;76.44;-8.108249;-34.893052
Boa Viagem;Rua Faustino Porto, 197 - Boa Viagem;Rua Faustino Porto;27;17;8858.89;903693.71;100.74;-8.11821;-34.89773
Boa Viagem;Rua Faustino Porto, 200 - Boa Viagem;Rua Faustino Porto;27;7;5037.42;429704.64;85.32;-8.117709;-34.897514
Boa Viagem;Rua Jonathas De Vasconcelos, 788 - Boa Viagem;Rua Jonathas De Vasconcelos;27;13;6272.99;591864.44;94.3;-8.127963;-34.907578
Boa Viagem;Rua Professor Augusto Lins E Silva, 835 - Boa Viagem;Rua Professor Augusto Lins E Silva;27;9;7184.51;539738.02;75.12;-8.143449;-34.906983
Boa Viagem;Rua Professor Ruy Baptista, 78 - Boa Viagem;Rua Professor Ruy Baptista;27;16;9425.16;1272208.79;134.98;-8.110588;-34.893192
Boa Viagem;Rua Pedro Americo Galvao, 109 - Boa Viagem;Rua Pedro Americo Galvao;26;21;9666.08;1532846.51;158.58;-8.101581;-34.886441
Boa Viagem;Rua Viriato Correia, 86 - Boa Viagem;Rua Viriato Correia;26;12;7788.35;440964.96;56.6;-8.133478;-34.909287
Boa Viagem;Avenida Boa Viagem, 4820 - Boa Viagem;Avenida Boa Viagem;25;12;14826.72;3301622.81;222.68;-8.131417;-34.899933
Boa Viagem;Avenida Engenheiro Domingos Ferreira, 3965 - Boa Viagem;Avenida Engenheiro Domingos Ferreira;25;22;3952.55;203744.18;51.65;-8.123078;-34.899283
Boa Viagem;Rua Aviador Severiano Lins, 466 - Boa Viagem;Rua Aviador Severiano Lins;25;21;7569.17;460814.0;60.89;-8.110036;-34.894703
Boa Viagem;Rua Bruno Veloso, 284 - Boa Viagem;Rua Bruno Veloso;25;6;8901.63;851529.81;95.66;-8.121484;-34.898595
Boa Viagem;Rua Jose Maria De Miranda, 300 - Boa Viagem;Rua Jose Maria De Miranda;25;9;6317.04;662314.85;104.83;-8.107862;-34.893792
Boa Viagem;Rua Major Armando De Souza Mello, 42 - Boa Viagem;Rua Major Armando De Souza Mello;25;10;5442.01;475562.04;87.32;-8.139973;-34.906882
Boa Viagem;Rua Padre Carapuceiro, 821 - Boa Viagem;Rua Padre Carapuceiro;25;17;10556.61;1115501.07;105.65;-8.116727;-34.903639
Boa Viagem;Rua Padre Carapuceiro, 968 - Boa Viagem;Rua Padre Carapuceiro;25;9;6773.5;604690.79;90.84;-8.115912;-34.9035
Boa Viagem;Rua Poeta Zezito Neves, 38 - Boa Viagem;Rua Poeta Zezito Neves;25;15;8392.66;1464267.45;174.47;-8.111732;-34.895682
Boa Viagem;Rua Professor Jose Brandao, 377 - Boa Viagem;Rua Professor Jose Brandao;25;18;9010.75;328384.05;36.42;-8.112275;-34.894471
Boa Viagem;Rua Ribeiro De Brito, 901 - Boa Viagem;Rua Ribeiro De Brito;25;7;5131.25;222990.35;43.47;-8.123178;-34.904364
Boa Viagem;Rua Dos Navegantes, 1322 - Boa Viagem;Rua Dos Navegantes;24;19;10478.09;707690.38;67.54;-8.120937;-34.896056
Boa Viagem;Rua Faustino Porto, 322 - Boa Viagem;Rua Faustino Porto;24;12;6414.89;271151.79;42.31;-8.117157;-34.898621
Boa Viagem;Rua Joao Dias Martins, 73 - Boa Viagem;Rua Joao Dias Martins;24;9;6309.13;543461.47;86.2;-8.131165;-34.905968
Boa Viagem;Rua Mamanguape, 303 - Boa Viagem;Rua Mamanguape;24;14;6414.67;734054.03;114.33;-8.116281;-34.897073
Boa Viagem;Rua Padre Carapuceiro, 258 - Boa Viagem;Rua Padre Carapuceiro;24;17;7568.09;370005.75;49.26;-8.119036;-34.897148
Boa Viagem;Rua Phaelante Da Camara, 67 - Boa Viagem;Rua Phaelante Da Camara;24;18;10091.09;1587731.87;157.34;-8.103442;-34.88699
Boa Viagem;Rua Barao De Souza Leao, 1000 - Boa Viagem;Rua Barao De Souza Leao;23;10;5048.27;154473.28;30.66;-8.132287;-34.908893
Boa Viagem;Rua Professor Eduardo Wanderley Filho, 161 - Boa Viagem;Rua Professor Eduardo Wanderley Filho;23;16;6264.19;887761.42;141.72;-8.111702;-34.89382
Boa Viagem;Rua Tenente Joao Cicero, 99 - Boa Viagem;Rua Tenente Joao Cicero;23;23;2949.35;380658.72;129.06;-8.114028;-34.893086
Boa Viagem;Avenida Boa Viagem, 4660 - Boa Viagem;Avenida Boa Viagem;22;12;11831.3;2520658.72;213.05;-8.129929;-34.899285
Boa Viagem;Avenida Boa Viagem, 5868 - Boa Viagem;Avenida Boa Viagem;22;11;8115.4;901853.08;112.65;-8.140131;-34.903377
Boa Viagem;Rua Antonio Falcao, 979 - Boa Viagem;Rua Antonio Falcao;22;3;10716.35;769332.38;72.36;-8.113233;-34.901147
Boa Viagem;Rua Felix De Brito E Melo, 945 - Boa Viagem;Rua Felix De Brito E Melo;22;12;7197.41;423459.88;59.8;-8.115956;-34.900356
Boa Viagem;Rua Major Armando De Souza Mello, 302 - Boa Viagem;Rua Major Armando De Souza Mello;22;8;8250.85;843979.81;102.29;-8.142102;-34.90781
Boa Viagem;Rua Ministro Nelson Hungria, 159 - Boa Viagem;Rua Ministro Nelson Hungria;22;12;6593.16;586775.54;89.0;-8.109378;-34.896136
Boa Viagem;Avenida Boa Viagem, 4744 - Boa Viagem;Avenida Boa Viagem;21;10;10459.84;2179203.3;208.34;-8.130599;-34.899582
Boa Viagem;Rua Major Armando De Souza Mello, 601 - Boa Viagem;Rua Major Armando De Souza Mello;21;6;5718.55;528657.47;92.46;-8.145005;-34.90852
Boa Viagem;Rua Setubal, 1630 - Boa Viagem;Rua Setubal;21;16;5644.42;1039935.45;196.0;-8.145914;-34.906666
Boa Viagem;Rua Doutor Joao Guilherme De Pontes Sobrinho, 294 - Boa Viagem;Rua Doutor Joao Guilherme De Pontes Sobrinho;20;2;7942.38;296207.53;37.3;-8.123556;-34.904761
Boa Viagem;Rua Jose Trajano, 179 - Boa Viagem;Rua Jose Trajano;20;7;5164.72;520980.41;100.91;-8.121034;-34.899376
Boa Viagem;Rua Major Armando De Souza Mello, 530 - Boa Viagem;Rua Major Armando De Souza Mello;20;13;7415.16;599959.63;81.09;-8.144004;-34.908687
Boa Viagem;Rua Professor Augusto Lins E Silva, 764 - Boa Viagem;Rua Professor Augusto Lins E Silva;20;14;6870.47;920574.09;133.99;-8.142668;-34.907191
Boa Viagem;Rua Setubal, 1245 - Boa Viagem;Rua Setubal;20;13;9399.71;1291737.58;137.4;-8.143162;-34.904854
Boa Viagem;Avenida Boa Viagem, 4398 - Boa Viagem;Avenida Boa Viagem;19;17;9348.67;3634297.11;388.75;-8.12776;-34.898444
Boa Viagem;Avenida Boa Viagem, 4470 - Boa Viagem;Avenida Boa Viagem;19;9;14185.01;3385678.98;238.68;-8.128313;-34.898673
Boa Viagem;Avenida Engenheiro Domingos Ferreira, 2842 - Boa Viagem;Avenida Engenheiro Domingos Ferreira;19;0;7431.76;507861.15;69.89;-8.114206;-34.894895
Boa Viagem;Rua Amalia Bernardino De Souza, 454 - Boa Viagem;Rua Amalia Bernardino De Souza;19;15;6252.75;506739.21;80.91;-8.125389;-34.908631
Boa Viagem;Rua Aristides Muniz, 70 - Boa Viagem;Rua Aristides Muniz;19;10;4075.44;230684.95;56.67;-8.109665;-34.892777
Boa Viagem;Rua Conego Romeu, 314 - Boa Viagem;Rua Conego Romeu;19;16;7498.52;869153.31;115.91;-8.137959;-34.90721
Boa Viagem;Avenida Boa Viagem, 4700 - Boa Viagem;Avenida Boa Viagem;18;2;7864.06;1247514.14;158.74;-8.130215;-34.899421
Boa Viagem;Rua Amalia Bernardino De Souza, 670 - Boa Viagem;Rua Amalia Bernardino De Souza;18;13;7190.02;422340.89;59.03;-8.127374;-34.908108
Boa Viagem;Rua Ernesto De Paula Santos, 1260 - Boa Viagem;Rua Ernesto De Paula Santos;18;14;2684.28;160999.28;60.5;-8.124017;-34.906691
Boa Viagem;Rua Francisco De Barros Barreto, 193 - Boa Viagem;Rua Francisco De Barros Barreto;18;9;5371.63;524511.71;97.74;-8.129618;-34.904594
Boa Viagem;Rua Mamanguape, 518 - Boa Viagem;Rua Mamanguape;18;7;6593.3;794395.46;120.49;-8.115017;-34.898543
Boa Viagem;Rua Mamanguape, 665 - Boa Viagem;Rua Mamanguape;18;13;3912.06;703709.56;178.84;-8.114969;-34.899793
Boa Viagem;Rua Professor Mario Castro, 398 - Boa Viagem;Rua Professor Mario Castro;18;12;7842.28;436117.95;55.65;-8.135653;-34.90547
Boa Viagem;Rua Setubal, 542 - Boa Viagem;Rua Setubal;18;11;10748.81;1220097.84;113.51;-8.135618;-34.902643
Boa Viagem;Rua Tenente Joao Cicero, 186 - Boa Viagem;Rua Tenente Joao Cicero;18;8;7025.87;397698.26;56.27;-8.113257;-34.893591
Boa Viagem;Rua Tenente Joao Cicero, 87 - Boa Viagem;Rua Tenente Joao Cicero;18;17;3338.68;427351.24;128.0;-8.114109;-34.892927
Boa Viagem;Rua Francisco Da Cunha, 129 - Boa Viagem;Rua Francisco Da Cunha;17;11;6943.16;955299.9;137.59;-8.109783;-34.893167
Boa Viagem;Rua Professor Jose Brandao, 410 - Boa Viagem;Rua Professor Jose Brandao;17;3;8753.06;548283.93;62.62;-8.111751;-34.894448
Boa Viagem;Rua Professor Mario Castro, 389 - Boa Viagem;Rua Professor Mario Castro;17;11;7492.42;740026.26;98.77;-8.136034;-34.90554
Boa Viagem;Avenida Boa Viagem, 1870 - Boa Viagem;Avenida Boa Viagem;16;10;14017.62;2863034.17;201.08;-8.107205;-34.888332
Boa Viagem;Avenida Boa Viagem, 4138 - Boa Viagem;Avenida Boa Viagem;16;8;8744.37;1705737.07;192.66;-8.12562;-34.897708
Boa Viagem;Avenida Boa Viagem, 4798 - Boa Viagem;Avenida Boa Viagem;16;6;15526.58;4680411.69;307.18;-8.13108;-34.899797
Boa Viagem;Avenida Engenheiro Domingos Ferreira, 2391 - Boa Viagem;Avenida Engenheiro Domingos Ferreira;16;1;7636.12;364274.44;48.04;-8.111538;-34.892578
Boa Viagem;Rua Amaro Albino Pimentel, 33 - Boa Viagem;Rua Amaro Albino Pimentel;16;4;9132.03;1090090.8;119.37;-8.123577;-34.901191
Boa Viagem;Rua Dona Benvinda De Farias, 624 - Boa Viagem;Rua Dona Benvinda De Farias;16;2;8936.61;713498.55;79.84;-8.110087;-34.892943
Boa Viagem;Rua Dos Navegantes, 1541 - Boa Viagem;Rua Dos Navegantes;16;7;7914.92;1622274.36;203.8;-8.119025;-34.895476
Boa Viagem;Rua Izabel Magalhaes, 34 - Boa Viagem;Rua Izabel Magalhaes;16;6;5668.34;701658.73;123.76;-8.138829;-34.905707
Boa Viagem;Rua Joao Arruda Marinho, 54 - Boa Viagem;Rua Joao Arruda Marinho;16;8;6659.27;684439.25;102.78;-8.106311;-34.892054
Boa Viagem;Rua Jorge Couceiro Da Costa Eiras, 649 - Boa Viagem;Rua Jorge Couceiro Da Costa Eiras;16;9;5876.24;331121.7;57.05;-8.122318;-34.90737
Boa Viagem;Rua Maria Carolina, 417 - Boa Viagem;Rua Maria Carolina;16;6;6176.69;579682.1;93.85;-8.114258;-34.896923
Boa Viagem;Rua Professor Jose Brandao, 58 - Boa Viagem;Rua Professor Jose Brandao;16;9;12559.21;1785729.8;141.5;-8.113375;-34.891583
Boa Viagem;Rua Professor Julio Ferreira De Melo, 915 - Boa Viagem;Rua Professor Julio Ferreira De Melo;16;7;9699.46;578990.64;60.72;-8.120434;-34.900026
Boa Viagem;Rua Professor Mario Castro, 222 - Boa Viagem;Rua Professor Mario Castro;16;5;5627.77;676588.25;120.2;-8.136064;-34.904241
Boa Viagem;Rua Tenente Joao Cicero, 787 - Boa Viagem;Rua Tenente Joao Cicero;16;4;4845.66;462413.5;95.2;-8.111103;-34.898871
Boa Viagem;Rua Visconde De Jequitinhonha, 1370 - Boa Viagem;Rua Visconde De Jequitinhonha;16;11;5659.02;1311274.45;234.01;-8.139362;-34.904924
Boa Viagem;Avenida Boa Viagem, 3040 - Boa Viagem;Avenida Boa Viagem;15;10;7523.48;1172737.77;157.54;-8.116537;-34.893324
Boa Viagem;Avenida Boa Viagem, 3650 - Boa Viagem;Avenida Boa Viagem;15;8;20582.07;4589184.27;222.97;-8.121356;-34.896107
Boa Viagem;Avenida Boa Viagem, 6274 - Boa Viagem;Avenida Boa Viagem;15;7;14179.27;1030592.56;72.23;-8.143516;-34.904633
Boa Viagem;Rua Bruno Veloso, 392 - Boa Viagem;Rua Bruno Veloso;15;8;5983.31;673302.26;112.49;-8.121383;-34.89951
Boa Viagem;Rua Dom Estevao Brioso, 36 - Boa Viagem;Rua Dom Estevao Brioso;15;10;8023.08;515932.69;64.32;-8.127683;-34.903681
Boa Viagem;Rua Dom Jose Lopes, 1136 - Boa Viagem;Rua Dom Jose Lopes;15;8;4807.95;324319.87;67.47;-8.127103;-34.909509
Boa Viagem;Rua Dona Benvinda De Farias, 449 - Boa Viagem;Rua Dona Benvinda De Farias;15;10;6883.93;591284.74;85.89;-8.110273;-34.893128
Boa Viagem;Rua Ernesto De Paula Santos, 1368 - Boa Viagem;Rua Ernesto De Paula Santos;15;4;7588.28;161891.86;21.19;-8.124065;-34.907592
Boa Viagem;Rua Ernesto De Paula Santos, 175 - Boa Viagem;Rua Ernesto De Paula Santos;15;7;6955.12;1216218.93;176.53;-8.125318;-34.898555
Boa Viagem;Rua Felix De Brito E Melo, 425 - Boa Viagem;Rua Felix De Brito E Melo;15;4;4741.71;446266.03;94.11;-8.117074;-34.897694
Boa Viagem;Rua Francisco Da Cunha, 1325 - Boa Viagem;Rua Francisco Da Cunha;15;7;6776.37;582261.24;85.73;-8.116433;-34.897261
Boa Viagem;Rua Leon Helmer, 79 - Boa Viagem;Rua Leon Helmer;15;7;7190.84;640899.94;89.18;-8.136499;-34.905938
Boa Viagem;Rua Padre Carapuceiro, 813 - Boa Viagem;Rua Padre Carapuceiro;15;8;10610.01;1202040.46;113.23;-8.116899;-34.903022
Boa Viagem;Rua Professor Augusto Lins E Silva, 228 - Boa Viagem;Rua Professor Augusto Lins E Silva;15;8;6215.96;823924.89;132.55;-8.138141;-34.905337
Boa Viagem;Rua Professor Augusto Lins E Silva, 345 - Boa Viagem;Rua Professor Augusto Lins E Silva;15;8;9394.37;507763.83;53.7;-8.138801;-34.905073
Boa Viagem;Rua Visconde De Jequitinhonha, 1360 - Boa Viagem;Rua Visconde De Jequitinhonha;15;4;6639.68;978785.72;150.15;-8.133355;-34.903101
Boa Viagem;Avenida Conselheiro Aguiar, 1555 - Boa Viagem;Avenida Conselheiro Aguiar;14;2;3687.41;238513.03;64.72;-8.103998;-34.887754
Boa Viagem;Avenida Engenheiro Domingos Ferreira, 4023 - Boa Viagem;Avenida Engenheiro Domingos Ferreira;14;5;4611.14;410849.11;97.81;-8.123383;-34.899399
Boa Viagem;Rua Barao De Souza Leao, 514 - Boa Viagem;Rua Barao De Souza Leao;14;4;5414.63;460907.32;85.1;-8.13121;-34.90469
Boa Viagem;Rua Bruno Veloso, 200 - Boa Viagem;Rua Bruno Veloso;14;10;5448.8;923101.63;170.7;-8.121613;-34.897576
Boa Viagem;Rua Bruno Veloso, 403 - Boa Viagem;Rua Bruno Veloso;14;8;4438.8;506510.9;114.11;-8.121662;-34.900554
Boa Viagem;Rua Dona Uzinha Nunes, 66 - Boa Viagem;Rua Dona Uzinha Nunes;14;9;6653.35;1067615.17;160.45;-8.134228;-34.903429
Boa Viagem;Rua Dos Navegantes, 1515 - Boa Viagem;Rua Dos Navegantes;14;9;7028.9;1541508.45;219.58;-8.119302;-34.895702
Boa Viagem;Rua Doutor Joao Guilherme De Pontes Sobrinho, 536 - Boa Viagem;Rua Doutor Joao Guilherme De Pontes Sobrinho;14;9;6179.11;518290.03;89.98;-8.125588;-34.904812
Boa Viagem;Rua Feliciano Jose De Farias, 185 - Boa Viagem;Rua Feliciano Jose De Farias;14;9;7501.17;610445.19;81.38;-8.133202;-34.90433
Boa Viagem;Rua Jack Ayres, 198 - Boa Viagem;Rua Jack Ayres;14;9;5726.08;515768.11;90.09;-8.119515;-34.900006
Boa Viagem;Rua Jack Ayres, 62 - Boa Viagem;Rua Jack Ayres;14;9;7285.39;614572.61;83.65;-8.119888;-34.899058
Boa Viagem;Rua Mamanguape, 455 - Boa Viagem;Rua Mamanguape;14;2;6629.84;547640.28;82.65;-8.115886;-34.897999
Boa Viagem;Rua Petrolina, 105 - Boa Viagem;Rua Petrolina;14;2;7853.45;909743.79;115.84;-8.130024;-34.900465
Boa Viagem;Avenida Boa Viagem, 4268 - Boa Viagem;Avenida Boa Viagem;13;6;9046.84;2421658.17;267.68;-8.12667;-34.898109
Boa Viagem;Avenida Fernando Simoes Barbosa, 668 - Boa Viagem;Avenida Fernando Simoes Barbosa;13;7;6974.91;765078.14;109.69;-8.12374;-34.901833
Boa Viagem;Avenida Professor Joao Medeiros, 533 - Boa Viagem;Avenida Professor Joao Medeiros;13;6;5139.05;393278.23;77.11;-8.12175;-34.900995
Boa Viagem;Rua Antonio De Sa Leitao, 26 - Boa Viagem;Rua Antonio De Sa Leitao;13;7;9741.52;962462.61;98.8;-8.109558;-34.895949
Boa Viagem;Rua Aviador Severiano Lins, 182 - Boa Viagem;Rua Aviador Severiano Lins;13;10;4493.62;784721.15;174.63;-8.109187;-34.893898
Boa Viagem;Rua Ernesto De Paula Santos, 315 - Boa Viagem;Rua Ernesto De Paula Santos;13;4;4832.37;664837.33;137.58;-8.12497;-34.899984
Boa Viagem;Rua Faustino Porto, 65 - Boa Viagem;Rua Faustino Porto;13;5;6177.77;888362.66;143.8;-8.118595;-34.896813
Boa Viagem;Rua Jose Aderval Chaves, 144 - Boa Viagem;Rua Jose Aderval Chaves;13;5;5713.72;721928.25;126.35;-8.107177;-34.891366
Boa Viagem;Rua Major Armando De Souza Mello, 176 - Boa Viagem;Rua Major Armando De Souza Mello;13;6;4901.92;609780.55;124.73;-8.14109;-34.907375
Boa Viagem;Rua Mamanguape, 59 - Boa Viagem;Rua Mamanguape;13;11;11457.27;1697542.73;148.2;-8.117387;-34.89492
Boa Viagem;Rua Maria Carolina, 205 - Boa Viagem;Rua Maria Carolina;13;0;5106.59;195381.32;38.39;-8.115255;-34.894931
Boa Viagem;Rua Maria Carolina, 816 - Boa Viagem;Rua Maria Carolina;13;8;9159.15;676017.58;73.84;-8.113482;-34.898316
Boa Viagem;Rua Padre Bernardino Pessoa, 816 - Boa Viagem;Rua Padre Bernardino Pessoa;13;2;10379.13;1171076.82;112.83;-8.111254;-34.899449
Boa Viagem;Rua Professor Jose Brandao, 331 - Boa Viagem;Rua Professor Jose Brandao;13;2;5535.91;550822.74;99.5;-8.112399;-34.894225
Boa Viagem;Rua Setubal, 1497 - Boa Viagem;Rua Setubal;13;8;7293.11;274726.51;37.56;-8.145261;-34.905832
Boa Viagem;Rua Tenente Joao Cicero, 712 - Boa Viagem;Rua Tenente Joao Cicero;13;2;9614.83;1550006.86;161.21;-8.112202;-34.896487
Boa Viagem;Avenida Boa Viagem, 1338 - Boa Viagem;Avenida Boa Viagem;12;4;15338.63;3764100.13;245.4;-8.103529;-34.886584
Boa Viagem;Avenida Boa Viagem, 1824 - Boa Viagem;Avenida Boa Viagem;12;4;11935.67;677413.22;56.97;-8.106971;-34.888073
Boa Viagem;Avenida Boa Viagem, 1850 - Boa Viagem;Avenida Boa Viagem;12;8;13866.29;3679241.54;268.78;-8.107098;-34.888158
Boa Viagem;Avenida Boa Viagem, 4772 - Boa Viagem;Avenida Boa Viagem;12;11;8196.71;1659833.39;202.5;-8.130888;-34.899707
Boa Viagem;Rua Amalia Bernardino De Souza, 710 - Boa Viagem;Rua Amalia Bernardino De Souza;12;6;4469.21;422441.09;94.73;-8.127782;-34.908055
Boa Viagem;Rua Baltazar Passos, 317 - Boa Viagem;Rua Baltazar Passos;12;11;5126.6;446067.57;87.02;-8.143926;-34.908032
Boa Viagem;Rua Coronel Anizio Rodrigues Coelho, 168 - Boa Viagem;Rua Coronel Anizio Rodrigues Coelho;12;8;5632.25;433854.78;76.81;-8.122573;-34.907359
Boa Viagem;Rua Coronel Anizio Rodrigues Coelho, 618 - Boa Viagem;Rua Coronel Anizio Rodrigues Coelho;12;5;8333.26;884851.08;106.21;-8.12667;-34.907193
Boa Viagem;Rua Dos Navegantes, 191 - Boa Viagem;Rua Dos Navegantes;12;4;6472.16;954141.13;149.77;-8.130332;-34.900073
Boa Viagem;Rua Ernesto De Paula Santos, 168 - Boa Viagem;Rua Ernesto De Paula Santos;12;7;5474.12;901372.39;167.51;-8.124793;-34.89852
Boa Viagem;Rua Faustino Porto, 275 - Boa Viagem;Rua Faustino Porto;12;1;4823.3;562927.65;116.71;-8.117652;-34.898894
Boa Viagem;Rua Jack Ayres, 55 - Boa Viagem;Rua Jack Ayres;12;5;5854.49;716882.76;122.45;-8.120315;-34.899101
Boa Viagem;Rua Joao Cardoso Aires, 239 - Boa Viagem;Rua Joao Cardoso Aires;12;9;9105.23;1051198.67;115.45;-8.143356;-34.906611
Boa Viagem;Rua Jose Aderval Chaves, 186 - Boa Viagem;Rua Jose Aderval Chaves;12;12;6684.81;252438.59;37.79;-8.107534;-34.891541
Boa Viagem;Rua Jose Hipolito Cardoso, 116 - Boa Viagem;Rua Jose Hipolito Cardoso;12;5;5548.33;393711.97;71.02;-8.140367;-34.909132
Boa Viagem;Rua Jose Moreira Leal, 89 - Boa Viagem;Rua Jose Moreira Leal;12;10;5974.75;436335.59;73.03;-8.135722;-34.904379
Boa Viagem;Rua Luiz De Faria Barbosa, 201 - Boa Viagem;Rua Luiz De Faria Barbosa;12;5;4669.9;414613.54;88.78;-8.123577;-34.901191
Boa Viagem;Rua Petrolina, 61 - Boa Viagem;Rua Petrolina;12;5;6117.25;207802.84;33.97;-8.130403;-34.90058
Boa Viagem;Rua Setubal, 1663 - Boa Viagem;Rua Setubal;12;2;4094.6;868014.67;212.36;-8.1462;-34.906363
Boa Viagem;Rua Tenente Joao Cicero, 819 - Boa Viagem;Rua Tenente Joao Cicero;12;8;5949.53;320500.97;53.4;-8.11093;-34.899156
Boa Viagem;Rua Visconde De Jequitinhonha, 1310 - Boa Viagem;Rua Visconde De Jequitinhonha;12;12;3536.73;497369.95;140.63;-8.138999;-34.904808
Boa Viagem;Avenida Boa Viagem, 1590 - Boa Viagem;Avenida Boa Viagem;11;7;14400.17;2547821.48;176.93;-8.104909;-34.887685
Boa Viagem;Avenida Boa Viagem, 3136 - Boa Viagem;Avenida Boa Viagem;11;6;10137.56;3579989.25;360.68;-8.117268;-34.893757
Boa Viagem;Avenida Boa Viagem, 3160 - Boa Viagem;Avenida Boa Viagem;11;2;7549.86;1602216.61;208.05;-8.117427;-34.893849
Boa Viagem;Avenida Boa Viagem, 5680 - Boa Viagem;Avenida Boa Viagem;11;9;15500.22;3150110.27;203.23;-8.138517;-34.902832
Boa Viagem;Avenida Boa Viagem, 6166 - Boa Viagem;Avenida Boa Viagem;11;4;12197.1;2533948.05;207.75;-8.142798;-34.904268
Boa Viagem;Rua Agenor Lopes, 25 - Boa Viagem;Rua Agenor Lopes;11;8;8216.21;391880.39;49.15;-8.12389;-34.906069
Boa Viagem;Rua Agenor Lopes, 424 - Boa Viagem;Rua Agenor Lopes;11;2;6442.93;857506.02;133.09;-8.124962;-34.906075
Boa Viagem;Rua Antonio Lumack Do Monte, 96 - Boa Viagem;Rua Antonio Lumack Do Monte;11;5;5258.03;1817832.37;325.02;-8.117929;-34.902449
Boa Viagem;Rua Bruno Veloso, 490 - Boa Viagem;Rua Bruno Veloso;11;9;5128.12;1245974.27;244.28;-8.121279;-34.900533
Boa Viagem;Rua Desembargador Joao Paes, 1044 - Boa Viagem;Rua Desembargador Joao Paes;11;8;5728.49;743786.61;129.84;-8.126276;-34.907989
Boa Viagem;Rua Ernesto De Paula Santos, 960 - Boa Viagem;Rua Ernesto De Paula Santos;11;4;5316.96;299504.07;56.93;-8.123924;-34.905043
Boa Viagem;Rua Felix De Brito E Melo, 946 - Boa Viagem;Rua Felix De Brito E Melo;11;7;6866.54;660396.75;96.08;-8.115298;-34.900142
Boa Viagem;Rua Joao Cardoso Aires, 504 - Boa Viagem;Rua Joao Cardoso Aires;11;5;5273.45;678376.39;128.64;-8.141758;-34.909054
Boa Viagem;Rua Jorge Couceiro Da Costa Eiras, 595 - Boa Viagem;Rua Jorge Couceiro Da Costa Eiras;11;5;6659.25;655403.33;98.42;-8.122298;-34.906853
Boa Viagem;Rua Maria Carolina, 586 - Boa Viagem;Rua Maria Carolina;11;6;6590.74;679288.27;103.17;-8.112967;-34.898359
Boa Viagem;Rua Solidonio Leite, 161 - Boa Viagem;Rua Solidonio Leite;11;3;5113.98;687327.44;136.12;-8.106836;-34.888393
Boa Viagem;Rua Tenente Joao Cicero, 498 - Boa Viagem;Rua Tenente Joao Cicero;11;4;6576.27;661693.94;100.67;-8.111979;-34.896139
Boa Viagem;Avenida Boa Viagem, 1516 - Boa Viagem;Avenida Boa Viagem;10;4;11601.04;2643890.01;227.9;-8.104227;-34.887372
Boa Viagem;Avenida Boa Viagem, 3056 - Boa Viagem;Avenida Boa Viagem;10;7;14819.5;5493922.02;357.45;-8.116695;-34.893416
Boa Viagem;Avenida Boa Viagem, 4610 - Boa Viagem;Avenida Boa Viagem;10;7;10425.76;2579751.2;247.44;-8.129593;-34.89917
Boa Viagem;Avenida Boa Viagem, 4632 - Boa Viagem;Avenida Boa Viagem;10;4;8339.39;1697935.59;202.58;-8.129749;-34.899214
Boa Viagem;Avenida Boa Viagem, 5802 - Boa Viagem;Avenida Boa Viagem;10;4;5469.23;1076042.28;194.41;-8.139503;-34.90315
Boa Viagem;Avenida Boa Viagem, 5822 - Boa Viagem;Avenida Boa Viagem;10;4;11000.79;2115280.31;193.59;-8.139654;-34.903205
Boa Viagem;Rua Agenor Lopes, 63 - Boa Viagem;Rua Agenor Lopes;10;6;5127.85;807999.84;157.81;-8.12389;-34.906069
Boa Viagem;Rua Antonio Lumack Do Monte, 203 - Boa Viagem;Rua Antonio Lumack Do Monte;10;6;5161.77;300282.22;58.16;-8.118103;-34.902248
Boa Viagem;Rua Aviador Severiano Lins, 479 - Boa Viagem;Rua Aviador Severiano Lins;10;3;5982.76;634052.43;105.98;-8.1103;-34.894317
Boa Viagem;Rua Baltazar Passos, 500 - Boa Viagem;Rua Baltazar Passos;10;4;5467.85;497666.43;91.12;-8.142709;-34.909333
Boa Viagem;Rua Carlos Pereira Falcao, 500 - Boa Viagem;Rua Carlos Pereira Falcao;10;2;6038.02;725441.1;120.07;-8.124962;-34.902395
Boa Viagem;Rua Dom Jose Lopes, 66 - Boa Viagem;Rua Dom Jose Lopes;10;2;8443.88;1017832.89;120.68;-8.12755;-34.899412
Boa Viagem;Rua Dos Navegantes, 1353 - Boa Viagem;Rua Dos Navegantes;10;2;6194.6;1112054.52;179.52;-8.120544;-34.896391
Boa Viagem;Rua Ernesto De Paula Santos, 636 - Boa Viagem;Rua Ernesto De Paula Santos;10;7;4603.84;490705.41;106.58;-8.123849;-34.90348
Boa Viagem;Rua Faustino Porto, 265 - Boa Viagem;Rua Faustino Porto;10;4;4570.96;533476.58;116.71;-8.117782;-34.898615
Boa Viagem;Rua General Americano Freire, 528 - Boa Viagem;Rua General Americano Freire;10;5;6637.89;839493.84;126.47;-8.125587;-34.906456
Boa Viagem;Rua Joao Dias Martins, 256 - Boa Viagem;Rua Joao Dias Martins;10;2;5085.68;482142.62;94.76;-8.129494;-34.905401
Boa Viagem;Rua Jorge Couceiro Da Costa Eiras, 650 - Boa Viagem;Rua Jorge Couceiro Da Costa Eiras;10;6;5324.14;411963.05;77.39;-8.121887;-34.907385
Boa Viagem;Rua Jorge Couceiro Da Costa Eiras, 731 - Boa Viagem;Rua Jorge Couceiro Da Costa Eiras;10;2;15724.6;253222.82;16.17;-8.122349;-34.908164
Boa Viagem;Rua Jose Aderval Chaves, 108 - Boa Viagem;Rua Jose Aderval Chaves;10;4;6286.34;820089.52;130.67;-8.106864;-34.891228
Boa Viagem;Rua Maria Carolina, 356 - Boa Viagem;Rua Maria Carolina;10;6;6186.31;1238547.1;198.75;-8.114026;-34.896295
Boa Viagem;Rua Padre Carapuceiro, 815 - Boa Viagem;Rua Padre Carapuceiro;10;3;9906.71;1480371.98;149.47;-8.117011;-34.903372
Boa Viagem;Rua Professor Augusto Lins E Silva, 824 - Boa Viagem;Rua Professor Augusto Lins E Silva;10;5;6400.86;879030.42;137.33;-8.143245;-34.907432
Boa Viagem;Rua Setubal, 1600 - Boa Viagem;Rua Setubal;10;4;5011.08;666924.5;133.09;-8.145718;-34.906571
Boa Viagem;Rua Visconde De Jequitinhonha, 2544 - Boa Viagem;Rua Visconde De Jequitinhonha;10;8;8486.08;1252566.57;147.59;-8.142053;-34.906
Boa Viagem;Rua Zeferino Galvao, 68 - Boa Viagem;Rua Zeferino Galvao;10;7;9476.05;2392704.16;264.9;-8.107533;-34.888954
Boa Viagem;Avenida Boa Viagem, 1500 - Boa Viagem;Avenida Boa Viagem;9;2;16284.9;5022751.15;308.43;-8.10407;-34.887298
Boa Viagem;Avenida Boa Viagem, 3020 - Boa Viagem;Avenida Boa Viagem;9;2;5380.79;1004739.5;192.67;-8.11638;-34.893233
Boa Viagem;Avenida Engenheiro Domingos Ferreira, 3190 - Boa Viagem;Avenida Engenheiro Domingos Ferreira;9;2;5869.39;706146.58;120.31;-8.116828;-34.896498
Boa Viagem;Avenida Fernando Simoes Barbosa, 140 - Boa Viagem;Avenida Fernando Simoes Barbosa;9;1;5276.7;588964.86;111.53;-8.118641;-34.901576
Boa Viagem;Rua Ana Camelo Da Silva, 79 - Boa Viagem;Rua Ana Camelo Da Silva;9;6;6607.92;340812.26;51.62;-8.106613;-34.89142
Boa Viagem;Rua Baltazar Passos, 275 - Boa Viagem;Rua Baltazar Passos;9;3;8476.81;1391722.5;164.18;-8.144426;-34.907134
Boa Viagem;Rua Bruno Veloso, 393 - Boa Viagem;Rua Bruno Veloso;9;0;4485.05;542556.83;120.97;-8.12169;-34.900307
Boa Viagem;Rua Coronel Anizio Rodrigues Coelho, 254 - Boa Viagem;Rua Coronel Anizio Rodrigues Coelho;9;2;5415.76;675778.69;124.78;-8.123471;-34.907345
Boa Viagem;Rua Coronel Anizio Rodrigues Coelho, 461 - Boa Viagem;Rua Coronel Anizio Rodrigues Coelho;9;3;7420.58;519538.35;70.09;-8.124972;-34.906844
Boa Viagem;Rua Doutor Pedro De Mello Cahu, 78 - Boa Viagem;Rua Doutor Pedro De Mello Cahu;9;5;9287.15;1406376.86;151.24;-8.11038;-34.895675
Boa Viagem;Rua Faustino Porto, 384 - Boa Viagem;Rua Faustino Porto;9;6;7244.54;407880.8;56.94;-8.116976;-34.899164
Boa Viagem;Rua Feliciano Jose De Farias, 111 - Boa Viagem;Rua Feliciano Jose De Farias;9;4;4746.68;360301.85;76.16;-8.132431;-34.904597
Boa Viagem;Rua Francisco Da Cunha, 1095 - Boa Viagem;Rua Francisco Da Cunha;9;6;6787.34;241972.04;35.79;-8.117532;-34.898048
Boa Viagem;Rua Francisco Da Cunha, 1340 - Boa Viagem;Rua Francisco Da Cunha;9;7;8165.11;409660.89;50.19;-8.116514;-34.897818
Boa Viagem;Rua General Americano Freire, 192 - Boa Viagem;Rua General Americano Freire;9;2;4757.1;529374.01;111.28;-8.122549;-34.906713
Boa Viagem;Rua General Americano Freire, 561 - Boa Viagem;Rua General Americano Freire;9;2;5412.42;277560.76;51.3;-8.125909;-34.906016
Boa Viagem;Rua Izabel Magalhaes, 128 - Boa Viagem;Rua Izabel Magalhaes;9;6;8642.22;454930.14;53.0;-8.138767;-34.906409
Boa Viagem;Rua Joao Dias Martins, 88 - Boa Viagem;Rua Joao Dias Martins;9;5;8920.16;598343.0;67.62;-8.131023;-34.905429
Boa Viagem;Rua Major Armando De Souza Mello, 325 - Boa Viagem;Rua Major Armando De Souza Mello;9;4;5235.41;479092.35;91.51;-8.142538;-34.907479
Boa Viagem;Rua Maria Carolina, 390 - Boa Viagem;Rua Maria Carolina;9;7;9538.42;992091.36;104.01;-8.113796;-34.896651
Boa Viagem;Rua Ministro Nelson Hungria, 696 - Boa Viagem;Rua Ministro Nelson Hungria;9;3;10407.69;614441.45;58.63;-8.114222;-34.899621
Boa Viagem;Rua Professor Augusto Lins E Silva, 196 - Boa Viagem;Rua Professor Augusto Lins E Silva;9;4;5864.33;542587.99;92.54;-8.13786;-34.905226
Boa Viagem;Rua Professor Augusto Lins E Silva, 621 - Boa Viagem;Rua Professor Augusto Lins E Silva;9;4;6506.5;759504.7;116.75;-8.141614;-34.906292
Boa Viagem;Rua Professor Jose Brandao, 374 - Boa Viagem;Rua Professor Jose Brandao;9;2;4789.75;824186.4;174.04;-8.111862;-34.894143
Boa Viagem;Rua Sansao Ribeiro, 99 - Boa Viagem;Rua Sansao Ribeiro;9;7;7015.69;398432.19;56.68;-8.130891;-34.909959
Boa Viagem;Rua Setubal, 1810 - Boa Viagem;Rua Setubal;9;2;7825.52;1061272.43;135.68;-8.139963;-34.904127
Boa Viagem;Rua Setubal, 596 - Boa Viagem;Rua Setubal;9;7;8853.43;1977945.76;223.41;-8.1362;-34.902759
Boa Viagem;Rua Tenente Joao Cicero, 314 - Boa Viagem;Rua Tenente Joao Cicero;9;2;6795.44;398824.57;58.69;-8.112691;-34.894583
Boa Viagem;Avenida Boa Viagem, 5212 - Boa Viagem;Avenida Boa Viagem;8;1;4509.78;432532.5;73.18;-8.134742;-34.901622
Boa Viagem;Avenida Boa Viagem, 5890 - Boa Viagem;Avenida Boa Viagem;8;5;16692.42;4476739.16;268.19;-8.140318;-34.903441
Boa Viagem;Rua Agenor Lopes, 80 - Boa Viagem;Rua Agenor Lopes;8;5;3942.29;298352.71;75.64;-8.12389;-34.906069
Boa Viagem;Rua Aldemar Da Costa Almeida, 51 - Boa Viagem;Rua Aldemar Da Costa Almeida;8;3;3515.72;326680.56;92.92;-8.132281;-34.905208
Boa Viagem;Rua Antonio De Sa Leitao, 111 - Boa Viagem;Rua Antonio De Sa Leitao;8;2;4836.7;883851.83;182.3;-8.110036;-34.896553
Boa Viagem;Rua Aviador Severiano Lins, 140 - Boa Viagem;Rua Aviador Severiano Lins;8;6;6277.39;857178.09;136.55;-8.109187;-34.893898
Boa Viagem;Rua Barao De Souza Leao, 75 - Boa Viagem;Rua Barao De Souza Leao;8;6;5053.28;485409.25;96.08;-8.13251;-34.90089
Boa Viagem;Rua Bruno Veloso, 247 - Boa Viagem;Rua Bruno Veloso;8;6;4426.22;155888.57;44.89;-8.12194;-34.898233
Boa Viagem;Rua Bruno Veloso, 268 - Boa Viagem;Rua Bruno Veloso;8;4;5645.85;248803.58;43.67;-8.121503;-34.898404
Boa Viagem;Rua Conego Romeu, 43 - Boa Viagem;Rua Conego Romeu;8;2;5817.6;619865.36;106.55;-8.138591;-34.90479
Boa Viagem;Rua Dos Navegantes, 157 - Boa Viagem;Rua Dos Navegantes;8;0;0.05;1.85;38.53;-8.130816;-34.900252
Boa Viagem;Rua Dos Navegantes, 1575 - Boa Viagem;Rua Dos Navegantes;8;0;7721.09;1649533.7;213.64;-8.118775;-34.895341
Boa Viagem;Rua Ernesto De Paula Santos, 848 - Boa Viagem;Rua Ernesto De Paula Santos;8;6;5176.06;587276.16;113.46;-8.12388;-34.904297
Boa Viagem;Rua Ernesto De Paula Santos, 992 - Boa Viagem;Rua Ernesto De Paula Santos;8;0;5382.72;454283.32;84.6;-8.12395;-34.905435
Boa Viagem;Rua Feliciano Jose De Farias, 160 - Boa Viagem;Rua Feliciano Jose De Farias;8;3;3047.53;456284.61;158.37;-8.133252;-34.904957
Boa Viagem;Rua Felix De Brito E Melo, 140 - Boa Viagem;Rua Felix De Brito E Melo;8;2;5048.96;417862.18;82.8;-8.117906;-34.895061
Boa Viagem;Rua Felix De Brito E Melo, 572 - Boa Viagem;Rua Felix De Brito E Melo;8;2;5201.74;699921.59;134.38;-8.1167;-34.897526
Boa Viagem;Rua Jorge Couceiro Da Costa Eiras, 50 - Boa Viagem;Rua Jorge Couceiro Da Costa Eiras;8;6;4477.1;432198.84;96.59;-8.122015;-34.901879
Boa Viagem;Rua Luiz Pimentel, 77 - Boa Viagem;Rua Luiz Pimentel;8;7;6972.23;537289.21;76.71;-8.137828;-34.905618
Boa Viagem;Rua Mamanguape, 255 - Boa Viagem;Rua Mamanguape;8;2;6298.36;491324.56;78.17;-8.116559;-34.896598
Boa Viagem;Rua Mario Souto Maior, 89 - Boa Viagem;Rua Mario Souto Maior;8;3;12034.59;1602526.35;133.16;-8.141445;-34.906121
Boa Viagem;Rua Padre Carapuceiro, 835 - Boa Viagem;Rua Padre Carapuceiro;8;3;11515.42;2178026.91;189.14;-8.116538;-34.904208
Boa Viagem;Rua Pinhal, 26 - Boa Viagem;Rua Pinhal;8;2;5879.63;628238.5;106.85;-8.128033;-34.903966
Boa Viagem;Rua Professor Aloisio Pessoa De Araujo, 80 - Boa Viagem;Rua Professor Aloisio Pessoa De Araujo;8;4;6543.75;168605.26;25.77;-8.128591;-34.901177
Boa Viagem;Rua Professor Aurelio De Castro Cavalcanti, 79 - Boa Viagem;Rua Professor Aurelio De Castro Cavalcanti;8;5;4418.96;364829.76;82.56;-8.140547;-34.914896
Boa Viagem;Rua Professor Mario Castro, 192 - Boa Viagem;Rua Professor Mario Castro;8;5;8430.44;967393.09;114.75;-8.136162;-34.903948
Boa Viagem;Rua Ribeiro De Brito, 404 - Boa Viagem;Rua Ribeiro De Brito;8;2;3019.88;393576.32;130.33;-8.123143;-34.900424
Boa Viagem;Rua Sa E Souza, 764 - Boa Viagem;Rua Sa E Souza;8;8;8182.6;474346.05;58.22;-8.139044;-34.907744
Boa Viagem;Rua Setubal, 1030 - Boa Viagem;Rua Setubal;8;4;5593.53;1425456.12;254.84;-8.139806;-34.903989
Boa Viagem;Rua Tenente Joao Cicero, 268 - Boa Viagem;Rua Tenente Joao Cicero;8;4;4715.55;548534.56;116.6;-8.112814;-34.894331
Boa Viagem;Rua Tenente Joao Cicero, 325 - Boa Viagem;Rua Tenente Joao Cicero;8;2;5192.42;603517.25;116.18;-8.113174;-34.894857
Boa Viagem;Avenida Boa Viagem, 3962 - Boa Viagem;Avenida Boa Viagem;7;4;5756.47;722677.97;124.59;-8.124129;-34.897207
Boa Viagem;Avenida Boa Viagem, 4558 - Boa Viagem;Avenida Boa Viagem;7;4;11798.69;4575062.75;387.76;-8.129095;-34.898964
Boa Viagem;Avenida Conselheiro Aguiar, 1998 - Boa Viagem;Avenida Conselheiro Aguiar;7;7;15774.29;1082950.95;68.2;-8.107351;-34.889875
Boa Viagem;Avenida Conselheiro Aguiar, 2034 - Boa Viagem;Avenida Conselheiro Aguiar;7;2;5296.6;192610.03;36.32;-8.107689;-34.890075
Boa Viagem;Avenida Engenheiro Domingos Ferreira, 2574 - Boa Viagem;Avenida Engenheiro Domingos Ferreira;7;2;4684.2;271402.51;57.94;-8.112024;-34.893636
Boa Viagem;Avenida Fernando Simoes Barbosa, 316 - Boa Viagem;Avenida Fernando Simoes Barbosa;7;3;6489.45;517998.93;79.92;-8.120169;-34.901671
Boa Viagem;Rua Amalia Bernardino De Souza, 210 - Boa Viagem;Rua Amalia Bernardino De Souza;7;2;6954.97;646884.51;92.97;-8.125756;-34.90866
Boa Viagem;Rua Amalia Bernardino De Souza, 600 - Boa Viagem;Rua Amalia Bernardino De Souza;7;3;8922.46;393085.52;44.31;-8.126846;-34.908192
Boa Viagem;Rua Aviador Severiano Lins, 333 - Boa Viagem;Rua Aviador Severiano Lins;7;6;7264.9;307436.33;42.28;-8.109169;-34.893615
Boa Viagem;Rua Baltazar Pereira, 84 - Boa Viagem;Rua Baltazar Pereira;7;3;14102.02;2933501.91;208.02;-8.10098;-34.886035
Boa Viagem;Rua Barao De Beberibe, 260 - Boa Viagem;Rua Barao De Beberibe;7;2;3472.88;339047.68;98.01;-8.134349;-34.911486
Boa Viagem;Rua Copacabana, 185 - Boa Viagem;Rua Copacabana;7;3;4470.85;381418.28;85.3;-8.137387;-34.910205
Boa Viagem;Rua Coronel Anizio Rodrigues Coelho, 423 - Boa Viagem;Rua Coronel Anizio Rodrigues Coelho;7;4;5441.91;405035.16;74.28;-8.127866;-34.90697
Boa Viagem;Rua Desembargador Joao Paes, 446 - Boa Viagem;Rua Desembargador Joao Paes;7;6;6219.71;452053.39;72.77;-8.125847;-34.902246
Boa Viagem;Rua Dom Jose Lopes, 186 - Boa Viagem;Rua Dom Jose Lopes;7;2;4541.05;365978.06;80.16;-8.127208;-34.900593
Boa Viagem;Rua Dom Jose Lopes, 396 - Boa Viagem;Rua Dom Jose Lopes;7;0;4714.64;588283.94;127.75;-8.126696;-34.902295
Boa Viagem;Rua Dos Navegantes, 1717 - Boa Viagem;Rua Dos Navegantes;7;4;3981.39;349037.37;87.02;-8.117826;-34.894781
Boa Viagem;Rua Dos Navegantes, 2313 - Boa Viagem;Rua Dos Navegantes;7;5;4557.68;239278.3;52.5;-8.11296;-34.891901
Boa Viagem;Rua Dos Navegantes, 2853 - Boa Viagem;Rua Dos Navegantes;7;6;9007.27;469545.55;52.5;-8.109421;-34.890002
Boa Viagem;Rua Doutor Luiz Inacio Pessoa De Melo, 81 - Boa Viagem;Rua Doutor Luiz Inacio Pessoa De Melo;7;3;5026.62;316315.44;64.29;-8.140108;-34.905396
Boa Viagem;Rua Doutor Raul Lafayette, 122 - Boa Viagem;Rua Doutor Raul Lafayette;7;5;7269.75;356726.46;49.07;-8.121956;-34.900413
Boa Viagem;Rua Ernesto De Paula Santos, 550 - Boa Viagem;Rua Ernesto De Paula Santos;7;4;6357.11;131795.19;20.74;-8.12406;-34.902081
Boa Viagem;Rua Felix De Brito E Melo, 282 - Boa Viagem;Rua Felix De Brito E Melo;7;6;4397.01;475932.06;108.24;-8.117296;-34.89624
Boa Viagem;Rua Jornalista Alfredo Porto Silveira, 312 - Boa Viagem;Rua Jornalista Alfredo Porto Silveira;7;4;4646.25;283558.35;61.06;-8.138315;-34.914524
Boa Viagem;Rua Jose Aderval Chaves, 48 - Boa Viagem;Rua Jose Aderval Chaves;7;6;11352.38;1162710.6;102.42;-8.106202;-34.891034
Boa Viagem;Rua Jose Hipolito Cardoso, 130 - Boa Viagem;Rua Jose Hipolito Cardoso;7;6;4869.24;538147.99;110.52;-8.140527;-34.909163
Boa Viagem;Rua Luiz De Faria Barbosa, 271 - Boa Viagem;Rua Luiz De Faria Barbosa;7;2;6341.81;360528.16;56.72;-8.123577;-34.901191
Boa Viagem;Rua Major Armando De Souza Mello, 216 - Boa Viagem;Rua Major Armando De Souza Mello;7;4;6250.46;801247.3;128.19;-8.141503;-34.907539
Boa Viagem;Rua Mamanguape, 687 - Boa Viagem;Rua Mamanguape;7;5;5333.13;686647.67;129.17;-8.114792;-34.899966
Boa Viagem;Rua Maria Carolina, 387 - Boa Viagem;Rua Maria Carolina;7;3;7123.43;653503.64;91.74;-8.11434;-34.896744
Boa Viagem;Rua Padre Carapuceiro, 752 - Boa Viagem;Rua Padre Carapuceiro;7;3;7613.31;688018.8;90.78;-8.116767;-34.901633
Boa Viagem;Rua Serinhaem, 118 - Boa Viagem;Rua Serinhaem;7;2;6188.14;383284.5;63.34;-8.122338;-34.897863
Boa Viagem;Rua Setubal, 1256 - Boa Viagem;Rua Setubal;7;4;9865.99;960072.58;97.26;-8.143033;-34.905283
Boa Viagem;Rua Setubal, 1700 - Boa Viagem;Rua Setubal;7;2;4717.7;873455.31;186.45;-8.139963;-34.904127
Boa Viagem;Rua Setubal, 764 - Boa Viagem;Rua Setubal;7;6;5755.95;1078119.85;190.17;-8.137582;-34.903216
Boa Viagem;Rua Setubal, 860 - Boa Viagem;Rua Setubal;7;4;5832.26;787154.89;134.42;-8.13826;-34.903443
Boa Viagem;Rua Sideral, 295 - Boa Viagem;Rua Sideral;7;4;4364.67;263102.04;60.28;-8.138859;-34.91168
Boa Viagem;Rua Silva Lobato, 117 - Boa Viagem;Rua Silva Lobato;7;2;6133.15;1044903.93;170.37;-8.100652;-34.886014
Boa Viagem;Rua Tenente Joao Cicero, 800 - Boa Viagem;Rua Tenente Joao Cicero;7;2;4982.22;231822.8;46.53;-8.112202;-34.896487
Boa Viagem;Rua Visconde De Jequitinhonha, 1418 - Boa Viagem;Rua Visconde De Jequitinhonha;7;4;6044.76;985900.26;163.1;-8.133923;-34.903222
Boa Viagem;Rua Visconde De Jequitinhonha, 290 - Boa Viagem;Rua Visconde De Jequitinhonha;7;0;9046.64;737534.33;81.54;-8.123469;-34.904227
Boa Viagem;Avenida Boa Viagem, 3402 - Boa Viagem;Avenida Boa Viagem;6;6;12190.84;4048942.59;332.13;-8.119346;-34.894982
Boa Viagem;Avenida Boa Viagem, 3906 - Boa Viagem;Avenida Boa Viagem;6;2;7242.56;1414183.06;195.26;-8.123781;-34.896936
Boa Viagem;Avenida Boa Viagem, 5354 - Boa Viagem;Avenida Boa Viagem;6;5;17693.42;6951038.02;392.86;-8.13572;-34.901891
Boa Viagem;Avenida Boa Viagem, 5788 - Boa Viagem;Avenida Boa Viagem;6;0;11879.37;614598.47;51.85;-8.1394;-34.902994
Boa Viagem;Avenida Boa Viagem, 5858 - Boa Viagem;Avenida Boa Viagem;6;4;4887.84;361360.48;74.44;-8.13997;-34.903318
Boa Viagem;Avenida Engenheiro Domingos Ferreira, 1967 - Boa Viagem;Avenida Engenheiro Domingos Ferreira;6;0;5613.18;951785.47;198.82;-8.108037;-34.890511
Boa Viagem;Rua Baltazar Passos, 333 - Boa Viagem;Rua Baltazar Passos;6;2;3579.07;283426.39;79.19;-8.143851;-34.908192
Boa Viagem;Rua Bruno Veloso, 451 - Boa Viagem;Rua Bruno Veloso;6;0;4870.63;607964.08;128.68;-8.121722;-34.900056
Boa Viagem;Rua Copacabana, 85 - Boa Viagem;Rua Copacabana;6;2;3317.36;412871.15;124.5;-8.137652;-34.909307
Boa Viagem;Rua Dhalia, 25 - Boa Viagem;Rua Dhalia;6;3;10029.39;436206.2;43.43;-8.120313;-34.897346
Boa Viagem;Rua Dom Jose Lopes, 415 - Boa Viagem;Rua Dom Jose Lopes;6;2;5345.31;900952.41;168.55;-8.127075;-34.90244
Boa Viagem;Rua Dos Navegantes, 1607 - Boa Viagem;Rua Dos Navegantes;6;4;6103.77;1121202.29;183.69;-8.118579;-34.895231
Boa Viagem;Rua Dos Navegantes, 1755 - Boa Viagem;Rua Dos Navegantes;6;2;6633.31;1208854.64;182.24;-8.11753;-34.894616
Boa Viagem;Rua Dos Navegantes, 2599 - Boa Viagem;Rua Dos Navegantes;6;4;10188.53;1042828.04;102.39;-8.110633;-34.890563
Boa Viagem;Rua Ernesto De Paula Santos, 130 - Boa Viagem;Rua Ernesto De Paula Santos;6;2;6173.91;555651.78;90.0;-8.124835;-34.898304
Boa Viagem;Rua Jonathas De Vasconcelos, 512 - Boa Viagem;Rua Jonathas De Vasconcelos;6;0;3631.72;212887.84;58.42;-8.125387;-34.907876
Boa Viagem;Rua Libia Castro Assis, 52 - Boa Viagem;Rua Libia Castro Assis;6;2;8295.91;950628.71;114.59;-8.133729;-34.903833
Boa Viagem;Rua Major Armando De Souza Mello, 17 - Boa Viagem;Rua Major Armando De Souza Mello;6;5;5012.84;313503.37;62.54;-8.140313;-34.906522
Boa Viagem;Rua Major Armando De Souza Mello, 430 - Boa Viagem;Rua Major Armando De Souza Mello;6;4;3866.75;645593.3;166.96;-8.143274;-34.908343
Boa Viagem;Rua Major Armando De Souza Mello, 57 - Boa Viagem;Rua Major Armando De Souza Mello;6;2;4076.17;254923.89;62.54;-8.140313;-34.906522
Boa Viagem;Rua Maria Carolina, 474 - Boa Viagem;Rua Maria Carolina;6;6;4712.45;17328960.13;3677.27;-8.113536;-34.897113
Boa Viagem;Rua Maria Carolina, 483 - Boa Viagem;Rua Maria Carolina;6;5;3827.49;702957.66;183.66;-8.11392;-34.897428
Boa Viagem;Rua Ministro Nelson Hungria, 200 - Boa Viagem;Rua Ministro Nelson Hungria;6;2;8632.32;197766.5;22.91;-8.113273;-34.898938
Boa Viagem;Rua Padre Carapuceiro, 910 - Boa Viagem;Rua Padre Carapuceiro;6;4;10353.36;3740763.22;361.3;-8.116112;-34.903036
Boa Viagem;Rua Pedro Paes Mendonca, 140 - Boa Viagem;Rua Pedro Paes Mendonca;6;2;10071.94;1096536.81;108.87;-8.114017;-34.90131
Boa Viagem;Rua Poeta Zezito Neves, 71 - Boa Viagem;Rua Poeta Zezito Neves;6;3;7943.72;903664.92;113.8;-8.112151;-34.895484
Boa Viagem;Rua Professor Jose Brandao, 269 - Boa Viagem;Rua Professor Jose Brandao;6;4;7771.94;1257654.67;161.82;-8.112838;-34.893304
Boa Viagem;Rua Professor Osias Ribeiro, 61 - Boa Viagem;Rua Professor Osias Ribeiro;6;5;7074.32;661372.48;88.8;-8.108155;-34.889439
Boa Viagem;Rua Sa E Souza, 286 - Boa Viagem;Rua Sa E Souza;6;4;6116.97;244067.15;39.9;-8.134514;-34.906778
Boa Viagem;Rua Setubal, 1548 - Boa Viagem;Rua Setubal;6;5;5691.18;949118.19;166.77;-8.145489;-34.906461
Boa Viagem;Rua Setubal, 1662 - Boa Viagem;Rua Setubal;6;2;6463.21;1426868.61;225.14;-8.146086;-34.906756
Boa Viagem;Rua Setubal, 1726 - Boa Viagem;Rua Setubal;6;2;4432.68;862510.61;194.58;-8.139963;-34.904127
Boa Viagem;Rua Setubal, 512 - Boa Viagem;Rua Setubal;6;2;10720.62;436645.31;40.78;-8.135426;-34.902415
Boa Viagem;Rua Setubal, 682 - Boa Viagem;Rua Setubal;6;3;4099.56;535586.73;130.93;-8.13683;-34.902969
Boa Viagem;Rua Setubal, 943 - Boa Viagem;Rua Setubal;6;2;7684.21;1195586.21;155.59;-8.139282;-34.903288
Boa Viagem;Rua Visconde De Jequitinhonha, 1340 - Boa Viagem;Rua Visconde De Jequitinhonha;6;6;3600.52;862721.39;239.61;-8.139102;-34.904845
Boa Viagem;Avenida Boa Viagem, 2258 - Boa Viagem;Avenida Boa Viagem;5;4;11360.74;4379350.3;434.45;-8.110495;-34.889662
Boa Viagem;Avenida Boa Viagem, 5790 - Boa Viagem;Avenida Boa Viagem;5;0;25443.35;2839157.54;110.51;-8.1394;-34.902994
Boa Viagem;Avenida Boa Viagem, 6292 - Boa Viagem;Avenida Boa Viagem;5;2;10650.63;1956367.46;192.74;-8.14367;-34.904712
Boa Viagem;Avenida Conselheiro Aguiar, 2286 - Boa Viagem;Avenida Conselheiro Aguiar;5;0;4835.59;388395.43;80.4;-8.109652;-34.891199
Boa Viagem;Avenida Fernando Simoes Barbosa, 646 - Boa Viagem;Avenida Fernando Simoes Barbosa;5;5;6577.27;850703.62;129.34;-8.123483;-34.901822
Boa Viagem;Rua Antonio Lumack Do Monte, 128 - Boa Viagem;Rua Antonio Lumack Do Monte;5;4;4076.7;352668.09;95.18;-8.117624;-34.902802
Boa Viagem;Rua Aviador Severiano Lins, 226 - Boa Viagem;Rua Aviador Severiano Lins;5;2;5229.95;304580.8;58.22;-8.10814;-34.893503
Boa Viagem;Rua Bruno Veloso, 422 - Boa Viagem;Rua Bruno Veloso;5;2;6031.43;863401.86;143.23;-8.121373;-34.899983
Boa Viagem;Rua Capitao Zuzinha, 22 - Boa Viagem;Rua Capitao Zuzinha;5;4;7144.03;197140.11;28.47;-8.132983;-34.903121
Boa Viagem;Rua Capitao Zuzinha, 231 - Boa Viagem;Rua Capitao Zuzinha;5;3;6183.76;602628.63;97.55;-8.134195;-34.904955
Boa Viagem;Rua Conego Romeu, 213 - Boa Viagem;Rua Conego Romeu;5;1;5249.64;477449.22;91.19;-8.138462;-34.906488
Boa Viagem;Rua Copacabana, 67 - Boa Viagem;Rua Copacabana;5;2;5397.97;242790.23;44.9;-8.137698;-34.909138
Boa Viagem;Rua Coronel Anizio Rodrigues Coelho, 38 - Boa Viagem;Rua Coronel Anizio Rodrigues Coelho;5;3;6010.81;518460.68;86.69;-8.12118;-34.907346
Boa Viagem;Rua Coronel Anizio Rodrigues Coelho, 532 - Boa Viagem;Rua Coronel Anizio Rodrigues Coelho;5;3;4180.22;355065.31;84.78;-8.125694;-34.907184
Boa Viagem;Rua Dom Estevao Brioso, 29 - Boa Viagem;Rua Dom Estevao Brioso;5;4;5928.86;697810.89;117.53;-8.12808;-34.903529
Boa Viagem;Rua Dom Jose Lopes, 40 - Boa Viagem;Rua Dom Jose Lopes;5;3;7726.8;537732.08;70.13;-8.127862;-34.899153
Boa Viagem;Rua Dos Navegantes, 1733 - Boa Viagem;Rua Dos Navegantes;5;4;6042.6;1143800.39;189.4;-8.117713;-34.894718
Boa Viagem;Rua Dos Navegantes, 2225 - Boa Viagem;Rua Dos Navegantes;5;1;8370.07;288672.64;34.93;-8.113703;-34.89237
Boa Viagem;Rua Dos Navegantes, 2563 - Boa Viagem;Rua Dos Navegantes;5;2;4298.2;586367.41;134.19;-8.110858;-34.890895
Boa Viagem;Rua Dos Navegantes, 611 - Boa Viagem;Rua Dos Navegantes;5;2;5620.14;1445455.59;272.33;-8.126753;-34.898798
Boa Viagem;Rua Doutor Joao Guilherme De Pontes Sobrinho, 164 - Boa Viagem;Rua Doutor Joao Guilherme De Pontes Sobrinho;5;2;4609.9;196684.96;42.67;-8.122418;-34.904758
Boa Viagem;Rua Ernesto De Paula Santos, 391 - Boa Viagem;Rua Ernesto De Paula Santos;5;2;4259.45;699199.35;163.94;-8.124807;-34.900834
Boa Viagem;Rua Faustino Porto, 295 - Boa Viagem;Rua Faustino Porto;5;0;5256.03;828531.03;157.55;-8.117398;-34.899448
Boa Viagem;Rua Faustino Porto, 66 - Boa Viagem;Rua Faustino Porto;5;2;6181.68;1010673.39;163.48;-8.11824;-34.896512
Boa Viagem;Rua Felix De Brito E Melo, 395 - Boa Viagem;Rua Felix De Brito E Melo;5;2;2960.04;285926.01;97.21;-8.117332;-34.897296
Boa Viagem;Rua Felix De Brito E Melo, 912 - Boa Viagem;Rua Felix De Brito E Melo;5;0;5609.29;489651.3;87.25;-8.115413;-34.899842
Boa Viagem;Rua Francisco Da Cunha, 1038 - Boa Viagem;Rua Francisco Da Cunha;5;3;10868.31;535109.24;48.65;-8.114742;-34.896724
Boa Viagem;Rua General Americano Freire, 562 - Boa Viagem;Rua General Americano Freire;5;0;4745.74;799690.57;173.03;-8.125948;-34.906347
Boa Viagem;Rua General Americano Freire, 742 - Boa Viagem;Rua General Americano Freire;5;2;4823.55;258735.36;53.64;-8.126475;-34.906304
Boa Viagem;Rua Izabel Magalhaes, 127 - Boa Viagem;Rua Izabel Magalhaes;5;4;7082.48;824967.09;116.48;-8.139144;-34.906581
Boa Viagem;Rua Jack Ayres, 52 - Boa Viagem;Rua Jack Ayres;5;2;4432.61;267641.64;63.75;-8.119975;-34.898823
Boa Viagem;Rua Joao Dias Martins, 277 - Boa Viagem;Rua Joao Dias Martins;5;0;5124.3;550810.04;111.07;-8.129559;-34.905839
Boa Viagem;Rua Joao Eugenio De Lima, 207 - Boa Viagem;Rua Joao Eugenio De Lima;5;4;6782.92;1073872.43;158.32;-8.137126;-34.90579
Boa Viagem;Rua Joao Eugenio De Lima, 67 - Boa Viagem;Rua Joao Eugenio De Lima;5;0;6182.73;706500.7;114.27;-8.137144;-34.904426
Boa Viagem;Rua Jonathas De Vasconcelos, 500 - Boa Viagem;Rua Jonathas De Vasconcelos;5;4;6080.06;519114.9;85.38;-8.125145;-34.907916
Boa Viagem;Rua Jose Hipolito Cardoso, 72 - Boa Viagem;Rua Jose Hipolito Cardoso;5;4;4448.63;428109.21;96.25;-8.140034;-34.908926
Boa Viagem;Rua Mamanguape, 418 - Boa Viagem;Rua Mamanguape;5;2;4275.26;542825.1;126.94;-8.115509;-34.897523
Boa Viagem;Rua Mamanguape, 475 - Boa Viagem;Rua Mamanguape;5;2;4863.49;401199.85;82.56;-8.115812;-34.898145
Boa Viagem;Rua Mamanguape, 562 - Boa Viagem;Rua Mamanguape;5;0;4110.8;421723.04;102.68;-8.114552;-34.898944
Boa Viagem;Rua Maria Carolina, 469 - Boa Viagem;Rua Maria Carolina;5;2;9372.68;712698.73;75.25;-8.11406;-34.897245
Boa Viagem;Rua Professor Jose Brandao, 691 - Boa Viagem;Rua Professor Jose Brandao;5;0;13775.57;2043881.15;148.37;-8.11239;-34.893972
Boa Viagem;Rua Sargento Melo Junior, 297 - Boa Viagem;Rua Sargento Melo Junior;5;4;4376.72;209853.65;48.28;-8.134432;-34.913006
Boa Viagem;Rua Senador Jose Ermirio De Morais, 84 - Boa Viagem;Rua Senador Jose Ermirio De Morais;5;5;3483.8;392206.13;112.58;-8.147584;-34.914355
Boa Viagem;Rua Setubal, 1765 - Boa Viagem;Rua Setubal;5;2;8597.77;1025883.59;117.54;-8.147064;-34.906781
Boa Viagem;Rua Setubal, 948 - Boa Viagem;Rua Setubal;5;1;10461.74;2076445.94;198.48;-8.139173;-34.903771
Boa Viagem;Rua Sideral, 268 - Boa Viagem;Rua Sideral;5;2;4220.6;265222.35;62.84;-8.138354;-34.911379
Boa Viagem;Rua Visconde De Cabo Frio, 60 - Boa Viagem;Rua Visconde De Cabo Frio;5;0;3717.76;338353.17;91.01;-8.123577;-34.901191
Boa Viagem;Rua Zeferino Galvao, 100 - Boa Viagem;Rua Zeferino Galvao;5;0;9503.5;1180798.31;124.91;-8.107463;-34.889309
Boa Viagem;Avenida Boa Viagem, 3000 - Boa Viagem;Avenida Boa Viagem;4;2;10805.49;1304583.95;120.28;-8.116224;-34.89314
Boa Viagem;Avenida Boa Viagem, 3098 - Boa Viagem;Avenida Boa Viagem;4;2;6759.92;500874.44;84.01;-8.117003;-34.893449
Boa Viagem;Avenida Boa Viagem, 4594 - Boa Viagem;Avenida Boa Viagem;4;0;6722.54;922736.58;137.26;-8.129461;-34.899008
Boa Viagem;Avenida Boa Viagem, 4752 - Boa Viagem;Avenida Boa Viagem;4;0;8337.71;2470372.01;286.03;-8.130759;-34.899652
Boa Viagem;Avenida Boa Viagem, 4862 - Boa Viagem;Avenida Boa Viagem;4;4;16379.74;2921325.87;178.35;-8.114029;-34.891954
Boa Viagem;Avenida Boa Viagem, 5450 - Boa Viagem;Avenida Boa Viagem;4;2;12450.09;4971538.38;399.32;-8.136627;-34.902172
Boa Viagem;Avenida Conselheiro Aguiar, 1540 - Boa Viagem;Avenida Conselheiro Aguiar;4;4;13613.73;4531059.33;332.83;-8.104086;-34.888365
Boa Viagem;Avenida Engenheiro Domingos Ferreira, 2215 - Boa Viagem;Avenida Engenheiro Domingos Ferreira;4;4;6305.42;307471.18;48.74;-8.109823;-34.89152
Boa Viagem;Avenida Engenheiro Domingos Ferreira, 2640 - Boa Viagem;Avenida Engenheiro Domingos Ferreira;4;4;21948.9;15251853.57;694.88;-8.112741;-34.894015
Boa Viagem;Avenida Engenheiro Domingos Ferreira, 3309 - Boa Viagem;Avenida Engenheiro Domingos Ferreira;4;3;4844.02;480284.25;99.15;-8.117965;-34.8965
Boa Viagem;Avenida Fernando Simoes Barbosa, 22 - Boa Viagem;Avenida Fernando Simoes Barbosa;4;1;6517.54;197342.42;30.24;-8.117516;-34.901526
Boa Viagem;Avenida Helio Falcao, 323 - Boa Viagem;Avenida Helio Falcao;4;3;7684.19;979196.71;127.43;-8.123766;-34.90257
Boa Viagem;Rua Amalia Bernardino De Souza, 147 - Boa Viagem;Rua Amalia Bernardino De Souza;4;0;7020.86;276275.47;39.38;-8.122596;-34.908297
Boa Viagem;Rua Amalia Bernardino De Souza, 695 - Boa Viagem;Rua Amalia Bernardino De Souza;4;2;6651.74;346289.88;52.06;-8.127695;-34.907729
Boa Viagem;Rua Ana Camelo Da Silva, 251 - Boa Viagem;Rua Ana Camelo Da Silva;4;3;3599.38;695364.38;193.19;-8.107973;-34.892095
Boa Viagem;Rua Belmonte, 19 - Boa Viagem;Rua Belmonte;4;2;7024.06;500112.87;71.2;-8.133242;-34.905435
Boa Viagem;Rua Bruno Veloso, 325 - Boa Viagem;Rua Bruno Veloso;4;4;3819.61;577102.75;153.42;-8.121768;-34.899706
Boa Viagem;Rua Coronel Anizio Rodrigues Coelho, 395 - Boa Viagem;Rua Coronel Anizio Rodrigues Coelho;4;4;4003.21;757727.43;189.28;-8.128047;-34.906885
Boa Viagem;Rua Coronel Anizio Rodrigues Coelho, 447 - Boa Viagem;Rua Coronel Anizio Rodrigues Coelho;4;3;6032.46;499184.99;82.85;-8.124699;-34.906865
Boa Viagem;Rua Coronel Anizio Rodrigues Coelho, 527 - Boa Viagem;Rua Coronel Anizio Rodrigues Coelho;4;3;6504.98;661296.19;101.66;-8.125639;-34.906808
Boa Viagem;Rua Desembargador Joao Paes, 999 - Boa Viagem;Rua Desembargador Joao Paes;4;2;5644.76;426782.47;75.4;-8.126698;-34.908406
Boa Viagem;Rua Dom Jose Lopes, 573 - Boa Viagem;Rua Dom Jose Lopes;4;1;8965.59;1141677.98;127.34;-8.126826;-34.904173
Boa Viagem;Rua Dom Jose Lopes, 626 - Boa Viagem;Rua Dom Jose Lopes;4;0;5285.44;744930.21;140.94;-8.126408;-34.904305
Boa Viagem;Rua Dona Magina Pontual, 147 - Boa Viagem;Rua Dona Magina Pontual;4;0;5483.1;536576.45;97.86;-8.13015;-34.904083
Boa Viagem;Rua Dos Navegantes, 1295 - Boa Viagem;Rua Dos Navegantes;4;3;7966.68;2795140.33;345.5;-8.120861;-34.896559
Boa Viagem;Rua Dos Navegantes, 2233 - Boa Viagem;Rua Dos Navegantes;4;2;5752.78;306599.02;53.09;-8.113609;-34.892313
Boa Viagem;Rua Dos Navegantes, 691 - Boa Viagem;Rua Dos Navegantes;4;0;12149.34;347016.7;29.42;-8.126143;-34.8985
Boa Viagem;Rua Dos Navegantes, 727 - Boa Viagem;Rua Dos Navegantes;4;2;5807.99;503396.91;86.68;-8.125883;-34.898551
Boa Viagem;Rua Ernesto De Paula Santos, 275 - Boa Viagem;Rua Ernesto De Paula Santos;4;0;4832.78;723274.5;149.66;-8.125019;-34.899667
Boa Viagem;Rua Ernesto De Paula Santos, 561 - Boa Viagem;Rua Ernesto De Paula Santos;4;2;5403.85;348653.17;65.05;-8.124578;-34.902285
Boa Viagem;Rua Felix De Brito E Melo, 246 - Boa Viagem;Rua Felix De Brito E Melo;4;2;3186.96;341291.78;107.09;-8.117463;-34.895913
Boa Viagem;Rua Felix De Brito E Melo, 255 - Boa Viagem;Rua Felix De Brito E Melo;4;0;4470.72;248572.33;55.6;-8.1178;-34.896246
Boa Viagem;Rua Felix De Brito E Melo, 346 - Boa Viagem;Rua Felix De Brito E Melo;4;0;5472.9;1162389.06;212.39;-8.117112;-34.896685
Boa Viagem;Rua Felix De Brito E Melo, 380 - Boa Viagem;Rua Felix De Brito E Melo;4;0;3680.76;354137.83;95.8;-8.117389;-34.897171
Boa Viagem;Rua Henrique Capitulino, 75 - Boa Viagem;Rua Henrique Capitulino;4;0;7187.82;1718580.58;256.08;-8.110219;-34.889893
Boa Viagem;Rua Joao Cardoso Aires, 327 - Boa Viagem;Rua Joao Cardoso Aires;4;3;8718.67;1043189.39;119.65;-8.142946;-34.907662
Boa Viagem;Rua Joao Cardoso Aires, 480 - Boa Viagem;Rua Joao Cardoso Aires;4;1;3543.75;479097.05;136.76;-8.141859;-34.90889
Boa Viagem;Rua Jorge Couceiro Da Costa Eiras, 534 - Boa Viagem;Rua Jorge Couceiro Da Costa Eiras;4;2;5981.78;530449.85;88.71;-8.122242;-34.906446
Boa Viagem;Rua Jorge Couceiro Da Costa Eiras, 90 - Boa Viagem;Rua Jorge Couceiro Da Costa Eiras;4;2;4157.54;333015.78;85.18;-8.122108;-34.902204
Boa Viagem;Rua Jose Aderval Chaves, 198 - Boa Viagem;Rua Jose Aderval Chaves;4;0;3637.27;244651.87;67.27;-8.107631;-34.891592
Boa Viagem;Rua Jose Domingues Da Silva, 219 - Boa Viagem;Rua Jose Domingues Da Silva;4;2;5411.42;567805.36;104.74;-8.133983;-34.905566
Boa Viagem;Rua Jose Hipolito Cardoso, 17 - Boa Viagem;Rua Jose Hipolito Cardoso;4;2;3615.1;226088.13;62.54;-8.140341;-34.908503
Boa Viagem;Rua Jose Hipolito Cardoso, 34 - Boa Viagem;Rua Jose Hipolito Cardoso;4;2;4769.42;658990.06;138.17;-8.139749;-34.908721
Boa Viagem;Rua Jose Hipolito Cardoso, 346 - Boa Viagem;Rua Jose Hipolito Cardoso;4;0;4745.26;256030.58;54.03;-8.142336;-34.909886
Boa Viagem;Rua Jose Hipolito Cardoso, 434 - Boa Viagem;Rua Jose Hipolito Cardoso;4;0;4236.62;319144.62;75.33;-8.143014;-34.910419
Boa Viagem;Rua Major Armando De Souza Mello, 175 - Boa Viagem;Rua Major Armando De Souza Mello;4;2;4909.41;307034.52;62.54;-8.141142;-34.906881
Boa Viagem;Rua Mamanguape, 486 - Boa Viagem;Rua Mamanguape;4;4;8563.81;17619179.88;2057.4;-8.115153;-34.897759
Boa Viagem;Rua Mamanguape, 555 - Boa Viagem;Rua Mamanguape;4;2;3402.88;364142.71;107.01;-8.115369;-34.899018
Boa Viagem;Rua Maria Carolina, 587 - Boa Viagem;Rua Maria Carolina;4;0;6688.61;315091.82;47.12;-8.113409;-34.89855
Boa Viagem;Rua Mario Souto Maior, 56 - Boa Viagem;Rua Mario Souto Maior;4;2;8859.02;1083900.38;122.35;-8.141193;-34.905649
Boa Viagem;Rua Olavo Bilac, 72 - Boa Viagem;Rua Olavo Bilac;4;1;9257.65;635297.93;68.66;-8.129799;-34.903531
Boa Viagem;Rua Padre Leandro Camelo, 67 - Boa Viagem;Rua Padre Leandro Camelo;4;4;8761.02;1008919.64;115.16;-8.146646;-34.906574
Boa Viagem;Rua Padre Luiz Marques Teixeira, 281 - Boa Viagem;Rua Padre Luiz Marques Teixeira;4;3;5565.91;479336.22;86.12;-8.129296;-34.906504
Boa Viagem;Rua Phaelante Da Camara, 54 - Boa Viagem;Rua Phaelante Da Camara;4;0;7509.56;652865.67;87.64;-8.103754;-34.887308
Boa Viagem;Rua Professor Augusto Lins E Silva, 1060 - Boa Viagem;Rua Professor Augusto Lins E Silva;4;0;6733.84;281258.48;41.69;-8.144988;-34.908141
Boa Viagem;Rua Professor Augusto Lins E Silva, 668 - Boa Viagem;Rua Professor Augusto Lins E Silva;4;2;5142.42;1035273.42;201.36;-8.142162;-34.906989
Boa Viagem;Rua Professor Augusto Lins E Silva, 953 - Boa Viagem;Rua Professor Augusto Lins E Silva;4;3;9774.9;708605.52;72.49;-8.144213;-34.907305
Boa Viagem;Rua Rio Azul, 275 - Boa Viagem;Rua Rio Azul;4;0;3764.27;233279.16;61.96;-8.134532;-34.909049
Boa Viagem;Rua Rio Azul, 391 - Boa Viagem;Rua Rio Azul;4;4;8413.97;1019352.75;121.15;-8.135365;-34.908219
Boa Viagem;Rua Senador Helio Coutinho, 214 - Boa Viagem;Rua Senador Helio Coutinho;4;2;4183.85;417464.29;99.78;-8.105645;-34.889363
Boa Viagem;Rua Serinhaem, 136 - Boa Viagem;Rua Serinhaem;4;0;4870.77;497987.38;102.24;-8.122452;-34.897949
Boa Viagem;Rua Setubal, 1204 - Boa Viagem;Rua Setubal;4;0;5498.0;723847.4;131.46;-8.142408;-34.904993
Boa Viagem;Rua Setubal, 1214 - Boa Viagem;Rua Setubal;4;0;7060.53;429543.48;62.3;-8.14259;-34.905076
Boa Viagem;Rua Setubal, 1228 - Boa Viagem;Rua Setubal;4;2;5199.38;1604667.24;316.38;-8.142724;-34.905139
Boa Viagem;Rua Setubal, 1346 - Boa Viagem;Rua Setubal;4;0;6249.77;1659592.22;265.56;-8.143814;-34.905637
Boa Viagem;Rua Setubal, 638 - Boa Viagem;Rua Setubal;4;0;15001.01;2389060.93;159.26;-8.136511;-34.902852
Boa Viagem;Rua Sideral, 443 - Boa Viagem;Rua Sideral;4;3;4285.18;273566.27;63.84;-8.138509;-34.913046
Boa Viagem;Rua Solidonio Leite, 42 - Boa Viagem;Rua Solidonio Leite;4;4;10431.28;3184045.48;305.24;-8.105794;-34.888554
Boa Viagem;Rua Tenente Joao Cicero, 334 - Boa Viagem;Rua Tenente Joao Cicero;4;1;8917.98;740103.22;82.99;-8.112642;-34.894873
Boa Viagem;Rua Tenente Joao Cicero, 807 - Boa Viagem;Rua Tenente Joao Cicero;4;2;5546.96;405260.9;73.06;-8.111028;-34.899021
Boa Viagem;Rua Verdes Mares, 133 - Boa Viagem;Rua Verdes Mares;4;2;7679.9;1484216.92;193.26;-8.13534;-34.90267
Boa Viagem;Rua Visconde De Jequitinhonha, 1400 - Boa Viagem;Rua Visconde De Jequitinhonha;4;2;3911.76;391685.0;100.13;-8.139654;-34.904976
Boa Viagem;Rua Visconde De Jequitinhonha, 1846 - Boa Viagem;Rua Visconde De Jequitinhonha;4;3;4892.38;436001.06;89.16;-8.125101;-34.904049
Boa Viagem;Avenida Boa Viagem, 1448 - Boa Viagem;Avenida Boa Viagem;3;2;16497.34;3726418.3;225.88;-8.103779;-34.886919
Boa Viagem;Avenida Boa Viagem, 2514 - Boa Viagem;Avenida Boa Viagem;3;3;11211.68;2271374.99;202.59;-8.112459;-34.890829
Boa Viagem;Avenida Boa Viagem, 4120 - Boa Viagem;Avenida Boa Viagem;3;2;10682.9;2557486.9;239.4;-8.125491;-34.897525
Boa Viagem;Avenida Boa Viagem, 4574 - Boa Viagem;Avenida Boa Viagem;3;0;9059.8;1539260.49;169.9;-8.129314;-34.898957
Boa Viagem;Avenida Conselheiro Aguiar, 2941 - Boa Viagem;Avenida Conselheiro Aguiar;3;3;11107.56;408494.51;36.8;-8.114814;-34.893611
Boa Viagem;Avenida Conselheiro Aguiar, 4010 - Boa Viagem;Avenida Conselheiro Aguiar;3;3;11492.6;700243.71;60.93;-8.123273;-34.898891
Boa Viagem;Avenida Fernando Simoes Barbosa, 428 - Boa Viagem;Avenida Fernando Simoes Barbosa;3;0;8553.94;491457.21;58.29;-8.120793;-34.901691
Boa Viagem;Rua Almirante Batista Leao, 53 - Boa Viagem;Rua Almirante Batista Leao;3;3;5776.74;602803.29;104.35;-8.139988;-34.909392
Boa Viagem;Rua Amazonas, 196 - Boa Viagem;Rua Amazonas;3;2;8687.01;576730.49;66.39;-8.0995;-34.885465
Boa Viagem;Rua Ana Camelo Da Silva, 163 - Boa Viagem;Rua Ana Camelo Da Silva;3;0;3864.7;270953.89;70.11;-8.107322;-34.891749
Boa Viagem;Rua Ana Camelo Da Silva, 38 - Boa Viagem;Rua Ana Camelo Da Silva;3;3;10381.85;1758165.91;169.35;-8.106095;-34.891771
Boa Viagem;Rua Antonio Falcao, 565 - Boa Viagem;Rua Antonio Falcao;3;0;5347.13;338882.41;117.4;-8.114741;-34.897932
Boa Viagem;Rua Antonio Falcao, 63 - Boa Viagem;Rua Antonio Falcao;3;0;5897.74;150982.03;25.6;-8.11686;-34.893725
Boa Viagem;Rua Barao De Souza Leao, 1395 - Boa Viagem;Rua Barao De Souza Leao;3;1;1827.79;204929.42;120.14;-8.133224;-34.912437
Boa Viagem;Rua Barao De Souza Leao, 243 - Boa Viagem;Rua Barao De Souza Leao;3;0;6070.06;135969.34;22.4;-8.132015;-34.902253
Boa Viagem;Rua Coronel Anizio Rodrigues Coelho, 385 - Boa Viagem;Rua Coronel Anizio Rodrigues Coelho;3;3;5304.74;962809.55;181.5;-8.128155;-34.906869
Boa Viagem;Rua Coronel Anizio Rodrigues Coelho, 561 - Boa Viagem;Rua Coronel Anizio Rodrigues Coelho;3;1;5227.05;572944.8;109.6;-8.125877;-34.90672
Boa Viagem;Rua Coronel Anizio Rodrigues Coelho, 74 - Boa Viagem;Rua Coronel Anizio Rodrigues Coelho;3;0;4621.64;234131.98;50.66;-8.121668;-34.90739
Boa Viagem;Rua Cruzeiro Do Forte, 164 - Boa Viagem;Rua Cruzeiro Do Forte;3;1;3879.84;257194.44;66.29;-8.137965;-34.909699
Boa Viagem;Rua Desembargador Joao Paes, 527 - Boa Viagem;Rua Desembargador Joao Paes;3;3;11861.05;709672.2;59.91;-8.126137;-34.903263
Boa Viagem;Rua Dom Jose Lopes, 487 - Boa Viagem;Rua Dom Jose Lopes;3;3;7027.75;807716.07;114.8;-8.126958;-34.903192
Boa Viagem;Rua Dom Jose Lopes, 635 - Boa Viagem;Rua Dom Jose Lopes;3;0;4193.86;401266.24;99.65;-8.126867;-34.904677
Boa Viagem;Rua Dona Magina Pontual, 126 - Boa Viagem;Rua Dona Magina Pontual;3;0;7308.7;736059.38;100.71;-8.129787;-34.904199
Boa Viagem;Rua Dos Navegantes, 1059 - Boa Viagem;Rua Dos Navegantes;3;1;10422.67;1134296.24;108.78;-8.122998;-34.897396
Boa Viagem;Rua Dos Navegantes, 1363 - Boa Viagem;Rua Dos Navegantes;3;2;4692.43;723806.5;158.99;-8.120388;-34.896294
Boa Viagem;Rua Dos Navegantes, 1475 - Boa Viagem;Rua Dos Navegantes;3;0;7499.51;1768683.15;235.84;-8.119537;-34.895817
Boa Viagem;Rua Doutor Joao Guilherme De Pontes Sobrinho, 606 - Boa Viagem;Rua Doutor Joao Guilherme De Pontes Sobrinho;3;2;5649.66;421634.26;74.63;-8.126387;-34.904711
Boa Viagem;Rua Ernesto De Paula Santos, 360 - Boa Viagem;Rua Ernesto De Paula Santos;3;2;4455.01;388476.82;87.2;-8.124457;-34.900486
Boa Viagem;Rua Ernesto De Paula Santos, 454 - Boa Viagem;Rua Ernesto De Paula Santos;3;2;7326.51;613302.21;83.71;-8.124324;-34.901196
Boa Viagem;Rua Ernesto De Paula Santos, 927 - Boa Viagem;Rua Ernesto De Paula Santos;3;0;4959.13;282072.89;57.0;-8.124348;-34.905649
Boa Viagem;Rua Francisco De Barros Barreto, 184 - Boa Viagem;Rua Francisco De Barros Barreto;3;2;3888.58;342700.62;88.13;-8.130591;-34.905104
Boa Viagem;Rua Jack Ayres, 210 - Boa Viagem;Rua Jack Ayres;3;3;7217.35;588358.44;81.52;-8.119601;-34.900392
Boa Viagem;Rua Joao Cardoso Aires, 305 - Boa Viagem;Rua Joao Cardoso Aires;3;1;7035.6;798805.31;113.5;-8.143036;-34.907337
Boa Viagem;Rua Joao Dias Martins, 280 - Boa Viagem;Rua Joao Dias Martins;3;2;3851.28;408312.44;106.02;-8.129257;-34.905405
Boa Viagem;Rua Joao Eugenio De Lima, 133 - Boa Viagem;Rua Joao Eugenio De Lima;3;2;5014.98;363034.55;72.39;-8.137163;-34.905145
Boa Viagem;Rua Jonathas De Vasconcelos, 460 - Boa Viagem;Rua Jonathas De Vasconcelos;3;1;5071.91;599804.36;118.26;-8.124929;-34.907927
Boa Viagem;Rua Jose Domingues Da Silva, 205 - Boa Viagem;Rua Jose Domingues Da Silva;3;2;4974.94;453715.03;91.2;-8.133788;-34.90559
Boa Viagem;Rua Jose Hipolito Cardoso, 365 - Boa Viagem;Rua Jose Hipolito Cardoso;3;2;2837.35;575545.35;209.29;-8.142514;-34.909561
Boa Viagem;Rua Leon Helmer, 80 - Boa Viagem;Rua Leon Helmer;3;0;4224.16;339808.72;81.6;-8.136184;-34.906013
Boa Viagem;Rua Major Armando De Souza Mello, 116 - Boa Viagem;Rua Major Armando De Souza Mello;3;2;6463.44;657331.78;101.7;-8.14053;-34.907123
Boa Viagem;Rua Major Armando De Souza Mello, 117 - Boa Viagem;Rua Major Armando De Souza Mello;3;2;4363.72;272906.97;62.54;-8.140313;-34.906522
Boa Viagem;Rua Major Armando De Souza Mello, 196 - Boa Viagem;Rua Major Armando De Souza Mello;3;0;3874.31;532058.34;137.33;-8.141292;-34.90746
Boa Viagem;Rua Mamanguape, 171 - Boa Viagem;Rua Mamanguape;3;0;4271.49;476698.04;111.6;-8.116902;-34.895841
Boa Viagem;Rua Maria Carolina, 287 - Boa Viagem;Rua Maria Carolina;3;2;5710.82;704487.22;123.36;-8.114786;-34.895912
Boa Viagem;Rua Marques De Valenca, 125 - Boa Viagem;Rua Marques De Valenca;3;0;6856.91;621098.57;90.58;-8.129258;-34.903734
Boa Viagem;Rua Padre Carapuceiro, 858 - Boa Viagem;Rua Padre Carapuceiro;3;3;7189.76;2516018.12;349.94;-8.116324;-34.902583
Boa Viagem;Rua Padre Luiz Marques Teixeira, 163 - Boa Viagem;Rua Padre Luiz Marques Teixeira;3;0;3919.16;231621.8;59.52;-8.130604;-34.906503
Boa Viagem;Rua Padre Luiz Marques Teixeira, 250 - Boa Viagem;Rua Padre Luiz Marques Teixeira;3;2;3749.83;273512.28;72.94;-8.129548;-34.906112
Boa Viagem;Rua Petrolina, 29 - Boa Viagem;Rua Petrolina;3;3;10264.18;1973801.74;192.3;-8.130692;-34.900666
Boa Viagem;Rua Professor Augusto Lins E Silva, 147 - Boa Viagem;Rua Professor Augusto Lins E Silva;3;0;4669.48;348997.16;74.74;-8.137475;-34.904607
Boa Viagem;Rua Professor Gondim Filho, 71 - Boa Viagem;Rua Professor Gondim Filho;3;0;5082.69;598334.37;117.72;-8.107212;-34.889006
Boa Viagem;Rua Professor Julio Ferreira De Melo, 340 - Boa Viagem;Rua Professor Julio Ferreira De Melo;3;1;5313.73;554996.72;104.49;-8.115455;-34.898761
Boa Viagem;Rua Professor Julio Ferreira De Melo, 490 - Boa Viagem;Rua Professor Julio Ferreira De Melo;3;2;13492.84;3057167.34;217.29;-8.116332;-34.89979
Boa Viagem;Rua Professor Julio Ferreira De Melo, 770 - Boa Viagem;Rua Professor Julio Ferreira De Melo;3;3;3831.89;709595.2;184.19;-8.119215;-34.900395
Boa Viagem;Rua Professor Valdemar De Oliveira, 65 - Boa Viagem;Rua Professor Valdemar De Oliveira;3;0;5131.27;658804.15;135.6;-8.123047;-34.900185
Boa Viagem;Rua Setubal, 1492 - Boa Viagem;Rua Setubal;3;0;7951.46;1139126.76;143.26;-8.145024;-34.906235
Boa Viagem;Rua Setubal, 70 - Boa Viagem;Rua Setubal;3;1;3772.19;109153.23;29.81;-8.131409;-34.901665
Boa Viagem;Rua Solidonio Leite, 62 - Boa Viagem;Rua Solidonio Leite;3;3;10917.66;3873259.56;354.77;-8.105939;-34.88849
Boa Viagem;Rua Tenente Domingos De Brito, 681 - Boa Viagem;Rua Tenente Domingos De Brito;3;0;4456.17;279366.16;62.69;-8.125612;-34.905084
Boa Viagem;Rua Tenente Joao Cicero, 111 - Boa Viagem;Rua Tenente Joao Cicero;3;3;3999.15;385117.71;96.3;-8.114028;-34.893086
Boa Viagem;Rua Visconde De Jequitinhonha, 523 - Boa Viagem;Rua Visconde De Jequitinhonha;3;2;7702.3;891232.55;115.71;-8.125566;-34.903463
Boa Viagem;Avenida Boa Viagem, 1230 - Boa Viagem;Avenida Boa Viagem;2;0;24314.91;10221014.91;420.36;-8.102137;-34.88609
Boa Viagem;Avenida Boa Viagem, 2294 - Boa Viagem;Avenida Boa Viagem;2;2;17714.0;4125767.38;232.91;-8.110742;-34.889932
Boa Viagem;Avenida Boa Viagem, 3892 - Boa Viagem;Avenida Boa Viagem;2;0;10226.33;2614673.14;257.7;-8.123501;-34.897004
Boa Viagem;Avenida Boa Viagem, 4000 - Boa Viagem;Avenida Boa Viagem;2;2;17596.44;3192170.1;181.41;-8.124531;-34.897322
Boa Viagem;Avenida Boa Viagem, 4364 - Boa Viagem;Avenida Boa Viagem;2;0;6843.08;1111633.07;162.43;-8.127496;-34.898356
Boa Viagem;Avenida Boa Viagem, 4424 - Boa Viagem;Avenida Boa Viagem;2;0;7196.84;1607197.64;223.32;-8.128029;-34.898416
Boa Viagem;Avenida Boa Viagem, 5274 - Boa Viagem;Avenida Boa Viagem;2;1;13802.1;2981804.32;216.04;-8.135226;-34.901766
Boa Viagem;Avenida Boa Viagem, 5710 - Boa Viagem;Avenida Boa Viagem;2;2;8082.62;1193654.42;144.33;-8.13878;-34.902934
Boa Viagem;Avenida Boa Viagem, 6246 - Boa Viagem;Avenida Boa Viagem;2;0;12360.73;148946.83;12.05;-8.143363;-34.904555
Boa Viagem;Avenida Conselheiro Aguiar, 4582 - Boa Viagem;Avenida Conselheiro Aguiar;2;2;6372.88;440493.97;69.12;-8.127313;-34.900308
Boa Viagem;Avenida Engenheiro Domingos Ferreira, 1486 - Boa Viagem;Avenida Engenheiro Domingos Ferreira;2;0;5192.26;203780.66;39.89;-8.103384;-34.889039
Boa Viagem;Avenida Engenheiro Domingos Ferreira, 2700 - Boa Viagem;Avenida Engenheiro Domingos Ferreira;2;2;17293.0;4596479.3;265.8;-8.113294;-34.894322
Boa Viagem;Avenida Engenheiro Domingos Ferreira, 2766 - Boa Viagem;Avenida Engenheiro Domingos Ferreira;2;2;19613.9;2876573.96;146.66;-8.113621;-34.894525
Boa Viagem;Avenida Engenheiro Domingos Ferreira, 2769 - Boa Viagem;Avenida Engenheiro Domingos Ferreira;2;2;20454.32;6251248.62;305.62;-8.11389;-34.89403
Boa Viagem;Avenida Fernando Simoes Barbosa, 374 - Boa Viagem;Avenida Fernando Simoes Barbosa;2;0;6502.24;1073154.03;159.0;-8.120756;-34.901719
Boa Viagem;Avenida Fernando Simoes Barbosa, 406 - Boa Viagem;Avenida Fernando Simoes Barbosa;2;2;21416.44;9963355.02;465.22;-8.121033;-34.901732
Boa Viagem;Avenida Fernando Simoes Barbosa, 50 - Boa Viagem;Avenida Fernando Simoes Barbosa;2;2;5192.27;503079.54;96.89;-8.117828;-34.901519
Boa Viagem;Avenida Marechal Mascarenhas De Moraes, 6345 - Boa Viagem;Avenida Marechal Mascarenhas De Moraes;2;2;5276.0;1996014.54;378.32;-8.14146;-34.91738
Boa Viagem;Avenida Vinte De Janeiro, 1041 - Boa Viagem;Avenida Vinte De Janeiro;2;0;3726.64;342254.82;91.84;-8.142255;-34.914972
Boa Viagem;Rua Agenor Lopes, 186 - Boa Viagem;Rua Agenor Lopes;2;1;4828.93;273800.67;56.7;-8.122467;-34.906057
Boa Viagem;Rua Agenor Lopes, 404 - Boa Viagem;Rua Agenor Lopes;2;0;4024.11;326528.9;81.27;-8.124538;-34.905958
Boa Viagem;Rua Aldemar Da Costa Almeida, 140 - Boa Viagem;Rua Aldemar Da Costa Almeida;2;0;5864.7;323731.44;55.2;-8.132967;-34.905473
Boa Viagem;Rua Almirante Tamandare, 244 - Boa Viagem;Rua Almirante Tamandare;2;0;3069.8;304224.76;108.65;-8.134659;-34.908108
Boa Viagem;Rua Almirante Tamandare, 259 - Boa Viagem;Rua Almirante Tamandare;2;2;3550.87;525067.62;147.87;-8.135182;-34.907456
Boa Viagem;Rua Amalia Bernardino De Souza, 162 - Boa Viagem;Rua Amalia Bernardino De Souza;2;2;14404.74;801735.0;79.9;-8.124779;-34.908207
Boa Viagem;Rua Ana Camelo Da Silva, 175 - Boa Viagem;Rua Ana Camelo Da Silva;2;2;2873.52;1050958.71;365.74;-8.10742;-34.891799
Boa Viagem;Rua Ana Camelo Da Silva, 193 - Boa Viagem;Rua Ana Camelo Da Silva;2;2;3583.26;1046706.93;292.11;-8.10752;-34.891846
Boa Viagem;Rua Ana Camelo Da Silva, 263 - Boa Viagem;Rua Ana Camelo Da Silva;2;2;5692.94;2438455.37;428.33;-8.108098;-34.892169
Boa Viagem;Rua Ana Camelo Da Silva, 287 - Boa Viagem;Rua Ana Camelo Da Silva;2;2;4057.0;1389034.84;342.38;-8.108344;-34.892325
Boa Viagem;Rua Ana Camelo Da Silva, 315 - Boa Viagem;Rua Ana Camelo Da Silva;2;2;3513.32;2916936.42;830.25;-8.108541;-34.892495
Boa Viagem;Rua Arthur Bruno Schwambach, 1142 - Boa Viagem;Rua Arthur Bruno Schwambach;2;2;3849.36;784115.2;203.7;-8.141015;-34.911322
Boa Viagem;Rua Aviador Severiano Lins, 263 - Boa Viagem;Rua Aviador Severiano Lins;2;2;9887.52;3047827.67;308.25;-8.108624;-34.893282
Boa Viagem;Rua Aviador Severiano Lins, 277 - Boa Viagem;Rua Aviador Severiano Lins;2;2;8056.2;2442481.26;303.18;-8.10874;-34.893351
Boa Viagem;Rua Aviador Severiano Lins, 289 - Boa Viagem;Rua Aviador Severiano Lins;2;2;10656.82;3221662.94;302.31;-8.108853;-34.893413
Boa Viagem;Rua Baltazar Passos, 332 - Boa Viagem;Rua Baltazar Passos;2;0;6754.0;652742.54;96.54;-8.143487;-34.907902
Boa Viagem;Rua Barao De Beberibe, 265 - Boa Viagem;Rua Barao De Beberibe;2;2;4289.27;1265120.96;294.95;-8.134884;-34.910965
Boa Viagem;Rua Barao De Souza Leao, 226 - Boa Viagem;Rua Barao De Souza Leao;2;2;6408.3;2097564.55;327.32;-8.131706;-34.902004
Boa Viagem;Rua Barao De Souza Leao, 240 - Boa Viagem;Rua Barao De Souza Leao;2;2;9695.07;4124769.04;425.45;-8.131645;-34.902187
Boa Viagem;Rua Barao De Souza Leao, 335 - Boa Viagem;Rua Barao De Souza Leao;2;2;2954.58;102996.83;34.86;-8.131683;-34.903154
Boa Viagem;Rua Barao De Souza Leao, 490 - Boa Viagem;Rua Barao De Souza Leao;2;0;4741.97;261756.82;55.2;-8.131197;-34.904512
Boa Viagem;Rua Barao De Souza Leao, 723 - Boa Viagem;Rua Barao De Souza Leao;2;2;3940.45;434789.46;110.34;-8.132218;-34.906527
Boa Viagem;Rua Belmonte, 148 - Boa Viagem;Rua Belmonte;2;0;5425.24;419913.53;77.4;-8.133258;-34.906954
Boa Viagem;Rua Belmonte, 196 - Boa Viagem;Rua Belmonte;2;2;5246.53;868825.04;165.6;-8.13329;-34.907112
Boa Viagem;Rua Bruno Veloso, 333 - Boa Viagem;Rua Bruno Veloso;2;0;7833.33;860341.7;110.36;-8.12175;-34.899849
Boa Viagem;Rua Bruno Veloso, 60 - Boa Viagem;Rua Bruno Veloso;2;0;7171.14;1675321.52;233.62;-8.121724;-34.896499
Boa Viagem;Rua Conego Romeu, 189 - Boa Viagem;Rua Conego Romeu;2;2;4986.96;594296.68;119.17;-8.138499;-34.906115
Boa Viagem;Rua Conego Romeu, 625 - Boa Viagem;Rua Conego Romeu;2;2;3762.62;466565.99;124.0;-8.138303;-34.907872
Boa Viagem;Rua Conego Romeu, 65 - Boa Viagem;Rua Conego Romeu;2;1;2232.46;371302.86;166.32;-8.138546;-34.90503
Boa Viagem;Rua Copacabana, 303 - Boa Viagem;Rua Copacabana;2;0;5667.34;318731.22;56.24;-8.137165;-34.911099
Boa Viagem;Rua Coronel Anizio Rodrigues Coelho, 449 - Boa Viagem;Rua Coronel Anizio Rodrigues Coelho;2;2;6893.44;785024.72;113.88;-8.12756;-34.906955
Boa Viagem;Rua Coronel Anizio Rodrigues Coelho, 508 - Boa Viagem;Rua Coronel Anizio Rodrigues Coelho;2;1;6729.17;1045781.1;155.41;-8.125248;-34.907243
Boa Viagem;Rua Coronel Sergio Henrique Cardim, 115 - Boa Viagem;Rua Coronel Sergio Henrique Cardim;2;1;6380.66;349200.74;54.4;-8.131194;-34.900666
Boa Viagem;Rua Desembargador Joao Paes, 656 - Boa Viagem;Rua Desembargador Joao Paes;2;2;4882.57;362921.21;74.33;-8.125746;-34.904401
Boa Viagem;Rua Dom Jose Lopes, 1088 - Boa Viagem;Rua Dom Jose Lopes;2;1;5925.84;459133.84;77.48;-8.127044;-34.909023
Boa Viagem;Rua Dom Jose Lopes, 498 - Boa Viagem;Rua Dom Jose Lopes;2;0;6515.6;231522.46;35.72;-8.126524;-34.903225
Boa Viagem;Rua Dom Jose Lopes, 604 - Boa Viagem;Rua Dom Jose Lopes;2;0;9104.56;895069.5;98.31;-8.126447;-34.903984
Boa Viagem;Rua Dona Uzinha Nunes, 91 - Boa Viagem;Rua Dona Uzinha Nunes;2;1;7204.34;645724.36;89.63;-8.134441;-34.903999
Boa Viagem;Rua Dos Navegantes, 1847 - Boa Viagem;Rua Dos Navegantes;2;2;10717.26;524824.54;48.97;-8.11673;-34.894087
Boa Viagem;Rua Dos Navegantes, 1929 - Boa Viagem;Rua Dos Navegantes;2;0;3919.5;379143.75;97.84;-8.115995;-34.893663
Boa Viagem;Rua Dos Navegantes, 2257 - Boa Viagem;Rua Dos Navegantes;2;2;7286.84;1239054.16;170.04;-8.113418;-34.892133
Boa Viagem;Rua Dos Navegantes, 2287 - Boa Viagem;Rua Dos Navegantes;2;0;3176.02;335250.01;104.8;-8.1131;-34.891985
Boa Viagem;Rua Dos Navegantes, 2475 - Boa Viagem;Rua Dos Navegantes;2;2;10025.5;2211524.68;220.59;-8.111621;-34.891141
Boa Viagem;Rua Doutor Joao Guilherme De Pontes Sobrinho, 246 - Boa Viagem;Rua Doutor Joao Guilherme De Pontes Sobrinho;2;0;3654.65;383957.51;105.06;-8.124526;-34.904795
Boa Viagem;Rua Doutor Joao Guilherme De Pontes Sobrinho, 448 - Boa Viagem;Rua Doutor Joao Guilherme De Pontes Sobrinho;2;2;3945.26;198841.19;50.4;-8.124658;-34.904803
Boa Viagem;Rua Doutor Pedro De Mello Cahu, 201 - Boa Viagem;Rua Doutor Pedro De Mello Cahu;2;1;5510.9;342546.42;55.59;-8.110967;-34.896068
Boa Viagem;Rua Ernesto De Paula Santos, 465 - Boa Viagem;Rua Ernesto De Paula Santos;2;2;8523.5;10548511.56;1237.58;-8.124482;-34.908082
Boa Viagem;Rua Feliciano Jose De Farias, 162 - Boa Viagem;Rua Feliciano Jose De Farias;2;2;3779.45;244908.38;64.8;-8.13307;-34.904995
Boa Viagem;Rua Felix De Brito E Melo, 150 - Boa Viagem;Rua Felix De Brito E Melo;2;2;3133.82;611846.81;195.24;-8.117814;-34.895236
Boa Viagem;Rua Felix De Brito E Melo, 245 - Boa Viagem;Rua Felix De Brito E Melo;2;0;3920.22;382222.1;97.5;-8.117898;-34.896165
Boa Viagem;Rua Felix De Brito E Melo, 382 - Boa Viagem;Rua Felix De Brito E Melo;2;2;7344.35;3341973.24;455.04;-8.116825;-34.897012
Boa Viagem;Rua Felix De Brito E Melo, 413 - Boa Viagem;Rua Felix De Brito E Melo;2;0;4081.59;218773.14;53.6;-8.11727;-34.897413
Boa Viagem;Rua Felix De Brito E Melo, 421 - Boa Viagem;Rua Felix De Brito E Melo;2;0;5665.42;575152.57;101.52;-8.117167;-34.897509
Boa Viagem;Rua Franca Pereira, 115 - Boa Viagem;Rua Franca Pereira;2;0;11736.18;663094.0;56.5;-8.106619;-34.888725
Boa Viagem;Rua Francisco Da Cunha, 1065 - Boa Viagem;Rua Francisco Da Cunha;2;0;5464.57;538260.24;98.5;-8.117355;-34.897784
Boa Viagem;Rua General Americano Freire, 394 - Boa Viagem;Rua General Americano Freire;2;0;6054.1;207322.53;34.22;-8.124397;-34.906504
Boa Viagem;Rua Joao Cardoso Aires, 407 - Boa Viagem;Rua Joao Cardoso Aires;2;2;12011.42;5864578.63;488.25;-8.14275;-34.9081
Boa Viagem;Rua Joao Cardoso Aires, 501 - Boa Viagem;Rua Joao Cardoso Aires;2;0;4139.44;558616.81;134.95;-8.1422;-34.909419
Boa Viagem;Rua Joao Dias Martins, 299 - Boa Viagem;Rua Joao Dias Martins;2;2;5123.08;7797178.46;1521.97;-8.129224;-34.905837
Boa Viagem;Rua Joao Dias Martins, 51 - Boa Viagem;Rua Joao Dias Martins;2;0;4626.07;515944.84;111.53;-8.131569;-34.905803
Boa Viagem;Rua Jonathas De Vasconcelos, 126 - Boa Viagem;Rua Jonathas De Vasconcelos;2;2;7877.18;4118820.28;522.88;-8.126647;-34.907652
Boa Viagem;Rua Jonathas De Vasconcelos, 13 - Boa Viagem;Rua Jonathas De Vasconcelos;2;2;4137.8;1133176.86;273.86;-8.128368;-34.907353
Boa Viagem;Rua Jonathas De Vasconcelos, 442 - Boa Viagem;Rua Jonathas De Vasconcelos;2;0;4890.73;268754.68;55.02;-8.124767;-34.907933
Boa Viagem;Rua Jonathas De Vasconcelos, 55 - Boa Viagem;Rua Jonathas De Vasconcelos;2;2;7973.18;1702219.42;214.38;-8.123425;-34.907616
Boa Viagem;Rua Jonathas De Vasconcelos, 60 - Boa Viagem;Rua Jonathas De Vasconcelos;2;2;7843.9;3919358.37;499.67;-8.126928;-34.907732
Boa Viagem;Rua Jonathas De Vasconcelos, 750 - Boa Viagem;Rua Jonathas De Vasconcelos;2;0;5089.39;362566.04;71.6;-8.127608;-34.907513
Boa Viagem;Rua Jorge Couceiro Da Costa Eiras, 499 - Boa Viagem;Rua Jorge Couceiro Da Costa Eiras;2;2;11037.05;2571632.4;233.0;-8.122264;-34.905996
Boa Viagem;Rua Jornalista Alfredo Porto Silveira, 55 - Boa Viagem;Rua Jornalista Alfredo Porto Silveira;2;0;3251.3;322327.13;99.73;-8.139411;-34.9133
Boa Viagem;Rua Jornalista Alfredo Porto Silveira, 665 - Boa Viagem;Rua Jornalista Alfredo Porto Silveira;2;0;2868.56;243770.7;84.98;-8.138702;-34.91487
Boa Viagem;Rua Jose Aderval Chaves, 230 - Boa Viagem;Rua Jose Aderval Chaves;2;2;8746.01;1154298.62;131.98;-8.107745;-34.891803
Boa Viagem;Rua Jose Domingues Da Silva, 218 - Boa Viagem;Rua Jose Domingues Da Silva;2;2;4703.23;1458002.13;310.0;-8.133942;-34.90586
Boa Viagem;Rua Jose Hipolito Cardoso, 584 - Boa Viagem;Rua Jose Hipolito Cardoso;2;2;6479.88;1308935.89;202.0;-8.143708;-34.911614
Boa Viagem;Rua Jose Trajano, 170 - Boa Viagem;Rua Jose Trajano;2;0;4483.55;488123.96;108.87;-8.120607;-34.899085
Boa Viagem;Rua Luiz Pimentel, 97 - Boa Viagem;Rua Luiz Pimentel;2;2;5071.46;1377001.76;271.52;-8.137813;-34.905776
Boa Viagem;Rua Major Armando De Souza Mello, 156 - Boa Viagem;Rua Major Armando De Souza Mello;2;0;4351.6;442818.39;101.76;-8.140882;-34.907285
Boa Viagem;Rua Major Armando De Souza Mello, 331 - Boa Viagem;Rua Major Armando De Souza Mello;2;2;5237.93;2345597.37;447.81;-8.144726;-34.908452
Boa Viagem;Rua Mamanguape, 158 - Boa Viagem;Rua Mamanguape;2;2;5747.99;1156783.23;201.25;-8.116586;-34.895562
Boa Viagem;Rua Mamanguape, 561 - Boa Viagem;Rua Mamanguape;2;0;3868.36;452326.78;116.93;-8.115276;-34.899191
Boa Viagem;Rua Mamanguape, 590 - Boa Viagem;Rua Mamanguape;2;0;3817.88;410727.07;107.58;-8.114642;-34.8994
Boa Viagem;Rua Maria Carolina, 336 - Boa Viagem;Rua Maria Carolina;2;0;6177.9;853909.26;138.22;-8.114187;-34.895998
Boa Viagem;Rua Maria Carolina, 553 - Boa Viagem;Rua Maria Carolina;2;0;6636.08;918831.08;138.46;-8.113567;-34.898238
Boa Viagem;Rua Marques De Valenca, 750 - Boa Viagem;Rua Marques De Valenca;2;2;8154.18;376723.05;46.2;-8.128257;-34.909592
Boa Viagem;Rua Padre Bernardino Pessoa, 291 - Boa Viagem;Rua Padre Bernardino Pessoa;2;1;9197.61;496895.14;54.16;-8.113916;-34.895456
Boa Viagem;Rua Padre Bernardino Pessoa, 793 - Boa Viagem;Rua Padre Bernardino Pessoa;2;2;5728.5;291465.9;50.88;-8.113217;-34.896331
Boa Viagem;Rua Padre Carapuceiro, 427 - Boa Viagem;Rua Padre Carapuceiro;2;0;6207.22;751822.38;121.13;-8.118864;-34.898614
Boa Viagem;Rua Padre Luiz Marques Teixeira, 179 - Boa Viagem;Rua Padre Luiz Marques Teixeira;2;0;3870.85;373459.69;96.48;-8.130279;-34.906503
Boa Viagem;Rua Padre Luiz Marques Teixeira, 187 - Boa Viagem;Rua Padre Luiz Marques Teixeira;2;2;3827.0;1423605.08;371.99;-8.130387;-34.906503
Boa Viagem;Rua Padre Luiz Marques Teixeira, 241 - Boa Viagem;Rua Padre Luiz Marques Teixeira;2;1;3171.27;312148.61;98.43;-8.129735;-34.906505
Boa Viagem;Rua Petrolina, 151 - Boa Viagem;Rua Petrolina;2;2;5888.26;275982.71;46.87;-8.129661;-34.900358
Boa Viagem;Rua Phaelante Da Camara, 64 - Boa Viagem;Rua Phaelante Da Camara;2;0;6760.46;408692.66;64.0;-8.103625;-34.887339
Boa Viagem;Rua Pinhal, 230 - Boa Viagem;Rua Pinhal;2;0;4205.17;288390.46;68.58;-8.129392;-34.904171
Boa Viagem;Rua Pinhal, 251 - Boa Viagem;Rua Pinhal;2;0;4529.51;526900.2;126.0;-8.129666;-34.903767
Boa Viagem;Rua Professor Augusto Lins E Silva, 124 - Boa Viagem;Rua Professor Augusto Lins E Silva;2;0;3589.55;311449.68;86.71;-8.137239;-34.904915
Boa Viagem;Rua Professor Augusto Lins E Silva, 168 - Boa Viagem;Rua Professor Augusto Lins E Silva;2;0;4331.13;358617.6;82.8;-8.137517;-34.905009
Boa Viagem;Rua Professor Augusto Lins E Silva, 80 - Boa Viagem;Rua Professor Augusto Lins E Silva;2;2;7466.6;1021953.88;136.87;-8.136768;-34.904369
Boa Viagem;Rua Professor Aurelio De Castro Cavalcanti, 440 - Boa Viagem;Rua Professor Aurelio De Castro Cavalcanti;2;0;3248.96;297150.04;91.46;-8.140547;-34.914896
Boa Viagem;Rua Professor Aurelio De Castro Cavalcanti, 530 - Boa Viagem;Rua Professor Aurelio De Castro Cavalcanti;2;0;4905.44;363493.32;74.1;-8.140536;-34.91439
Boa Viagem;Rua Professor Eduardo Wanderley Filho, 200 - Boa Viagem;Rua Professor Eduardo Wanderley Filho;2;2;11355.99;20788506.82;1830.62;-8.111043;-34.893632
Boa Viagem;Rua Ribeiro De Brito, 1002 - Boa Viagem;Rua Ribeiro De Brito;2;0;0.05;1.7;37.25;-8.122697;-34.905401
Boa Viagem;Rua Ribeiro De Brito, 928 - Boa Viagem;Rua Ribeiro De Brito;2;2;12558.19;1041701.97;82.95;-8.122767;-34.904683
Boa Viagem;Rua Rio Azul, 363 - Boa Viagem;Rua Rio Azul;2;2;4111.72;2302518.54;559.99;-8.135106;-34.908534
Boa Viagem;Rua Sargento Waldir Correia, 425 - Boa Viagem;Rua Sargento Waldir Correia;2;2;5377.0;298853.84;55.58;-8.135846;-34.912388
Boa Viagem;Rua Setubal, 278 - Boa Viagem;Rua Setubal;2;0;7586.64;2019991.7;263.92;-8.13353;-34.902099
Boa Viagem;Rua Setubal, 566 - Boa Viagem;Rua Setubal;2;2;5088.39;1133591.4;222.78;-8.135905;-34.902534
Boa Viagem;Rua Setubal, 60 - Boa Viagem;Rua Setubal;2;0;4772.29;262774.44;54.6;-8.131307;-34.901641
Boa Viagem;Rua Setubal, 716 - Boa Viagem;Rua Setubal;2;0;10520.38;614084.98;58.26;-8.137091;-34.90312
Boa Viagem;Rua Setubal, 98 - Boa Viagem;Rua Setubal;2;2;17412.56;2312736.52;132.82;-8.131617;-34.901695
Boa Viagem;Rua Setubal, 984 - Boa Viagem;Rua Setubal;2;0;4982.54;1265435.3;253.36;-8.139597;-34.903917
Boa Viagem;Rua Solidonio Leite, 240 - Boa Viagem;Rua Solidonio Leite;2;2;6535.12;5188100.03;793.88;-8.106881;-34.889208
Boa Viagem;Rua Solidonio Leite, 26 - Boa Viagem;Rua Solidonio Leite;2;2;78602.13;5653851.3;71.93;-8.105674;-34.888664
Boa Viagem;Rua Tenente Domingos De Brito, 314 - Boa Viagem;Rua Tenente Domingos De Brito;2;0;5532.52;945231.46;170.85;-8.123773;-34.905528
Boa Viagem;Rua Tenente Joao Cicero, 411 - Boa Viagem;Rua Tenente Joao Cicero;2;2;6128.83;399906.16;65.25;-8.112613;-34.895839
Boa Viagem;Rua Viriato Correia, 39 - Boa Viagem;Rua Viriato Correia;2;0;3371.66;369398.38;109.56;-8.133619;-34.908789
Boa Viagem;Rua Visconde De Jequitinhonha, 1352 - Boa Viagem;Rua Visconde De Jequitinhonha;2;2;1862.0;902662.28;484.78;-8.139208;-34.90487
Boa Viagem;Avenida Boa Viagem, 1064 - Boa Viagem;Avenida Boa Viagem;1;0;8729.27;2534980.65;290.4;-8.100713;-34.88527
Boa Viagem;Avenida Boa Viagem, 1330 - Boa Viagem;Avenida Boa Viagem;1;1;30363.62;10281121.57;338.6;-8.114029;-34.891954
Boa Viagem;Avenida Boa Viagem, 2492 - Boa Viagem;Avenida Boa Viagem;1;0;10385.35;3545557.94;341.4;-8.112299;-34.890736
Boa Viagem;Avenida Boa Viagem, 3376 - Boa Viagem;Avenida Boa Viagem;1;0;5255.19;647702.73;123.25;-8.11919;-34.894887
Boa Viagem;Avenida Boa Viagem, 3574 - Boa Viagem;Avenida Boa Viagem;1;0;11377.88;2476053.2;217.62;-8.120755;-34.8958
Boa Viagem;Avenida Boa Viagem, 4100 - Boa Viagem;Avenida Boa Viagem;1;0;8332.8;1631895.16;195.84;-8.125341;-34.897469
Boa Viagem;Avenida Boa Viagem, 4160 - Boa Viagem;Avenida Boa Viagem;1;1;9568.87;4004286.12;418.47;-8.125815;-34.897784
Boa Viagem;Avenida Boa Viagem, 4742 - Boa Viagem;Avenida Boa Viagem;1;0;45167.93;10840302.89;240.0;-8.114029;-34.891954
Boa Viagem;Avenida Boa Viagem, 5366 - Boa Viagem;Avenida Boa Viagem;1;0;12371.4;2490981.47;201.35;-8.136098;-34.901993
Boa Viagem;Avenida Boa Viagem, 5526 - Boa Viagem;Avenida Boa Viagem;1;1;11992.26;2100444.19;175.15;-8.137216;-34.90238
Boa Viagem;Avenida Boa Viagem, 5576 - Boa Viagem;Avenida Boa Viagem;1;1;8193.45;24820090.53;3029.26;-8.137639;-34.902517
Boa Viagem;Avenida Boa Viagem, 5840 - Boa Viagem;Avenida Boa Viagem;1;0;8122.73;1989013.37;244.87;-8.139874;-34.903139
Boa Viagem;Avenida Conselheiro Aguiar, 1950 - Boa Viagem;Avenida Conselheiro Aguiar;1;1;2966.53;514010.97;173.27;-8.107004;-34.889721
Boa Viagem;Avenida Conselheiro Aguiar, 4577 - Boa Viagem;Avenida Conselheiro Aguiar;1;0;5563.3;324451.91;58.32;-8.12746;-34.899825
Boa Viagem;Avenida Engenheiro Domingos Ferreira, 1901 - Boa Viagem;Avenida Engenheiro Domingos Ferreira;1;0;4318.14;336382.87;77.9;-8.106356;-34.889631
Boa Viagem;Avenida Engenheiro Domingos Ferreira, 2379 - Boa Viagem;Avenida Engenheiro Domingos Ferreira;1;0;4218.43;3105948.23;736.28;-8.111392;-34.89249
Boa Viagem;Avenida Engenheiro Domingos Ferreira, 2718 - Boa Viagem;Avenida Engenheiro Domingos Ferreira;1;0;8236.95;3161916.85;383.87;-8.113402;-34.89439
Boa Viagem;Avenida Engenheiro Domingos Ferreira, 2742 - Boa Viagem;Avenida Engenheiro Domingos Ferreira;1;0;12969.94;3368034.05;259.68;-8.11351;-34.89446
Boa Viagem;Avenida Engenheiro Domingos Ferreira, 2784 - Boa Viagem;Avenida Engenheiro Domingos Ferreira;1;0;11965.24;3382093.5;282.66;-8.113733;-34.894595
Boa Viagem;Avenida Engenheiro Domingos Ferreira, 3254 - Boa Viagem;Avenida Engenheiro Domingos Ferreira;1;0;0.0;1.75;409.23;-8.117413;-34.896917
Boa Viagem;Avenida Engenheiro Domingos Ferreira, 5027 - Boa Viagem;Avenida Engenheiro Domingos Ferreira;1;1;5228.79;524186.14;100.25;-8.131442;-34.902061
Boa Viagem;Avenida Fernando Simoes Barbosa, 1222 - Boa Viagem;Avenida Fernando Simoes Barbosa;1;1;9201.5;478662.16;52.02;-8.120793;-34.901691
Boa Viagem;Avenida Fernando Simoes Barbosa, 266 - Boa Viagem;Avenida Fernando Simoes Barbosa;1;1;6485.26;441646.48;68.1;-8.119742;-34.901647
Boa Viagem;Avenida Marechal Mascarenhas De Moraes, 5293 - Boa Viagem;Avenida Marechal Mascarenhas De Moraes;1;0;11688.27;731101.17;62.55;-8.131448;-34.915705
Boa Viagem;Avenida Marechal Mascarenhas De Moraes, 5653 - Boa Viagem;Avenida Marechal Mascarenhas De Moraes;1;0;5503.81;46545688.86;8457.0;-8.133228;-34.915779
Boa Viagem;Avenida Marechal Mascarenhas De Moraes, 5777 - Boa Viagem;Avenida Marechal Mascarenhas De Moraes;1;0;7355.74;13278442.21;1805.18;-8.134149;-34.915886
Boa Viagem;Avenida Marechal Mascarenhas De Moraes, 5803 - Boa Viagem;Avenida Marechal Mascarenhas De Moraes;1;0;28068.07;4531869.91;161.46;-8.134617;-34.916237
Boa Viagem;Avenida Professor Joao Medeiros, 139 - Boa Viagem;Avenida Professor Joao Medeiros;1;0;13948.46;9205982.36;660.0;-8.118943;-34.900745
Boa Viagem;Avenida Vinte De Janeiro, 1080 - Boa Viagem;Avenida Vinte De Janeiro;1;0;4376.48;317076.23;72.45;-8.142186;-34.915752
Boa Viagem;Avenida Vinte De Janeiro, 505 - Boa Viagem;Avenida Vinte De Janeiro;1;0;4114.25;932701.34;226.7;-8.139042;-34.91428
Boa Viagem;Avenida Vinte De Janeiro, 513 - Boa Viagem;Avenida Vinte De Janeiro;1;0;4854.32;1865369.88;384.27;-8.137794;-34.914042
Boa Viagem;Rua Agenor Lopes, 100 - Boa Viagem;Rua Agenor Lopes;1;0;6351.39;1392225.52;219.2;-8.12389;-34.906069
Boa Viagem;Rua Agenor Lopes, 314 - Boa Viagem;Rua Agenor Lopes;1;1;6793.45;522008.87;76.84;-8.123681;-34.906141
Boa Viagem;Rua Agenor Lopes, 383 - Boa Viagem;Rua Agenor Lopes;1;0;2939.91;277645.56;94.44;-8.124536;-34.905636
Boa Viagem;Rua Aldemar Da Costa Almeida, 131 - Boa Viagem;Rua Aldemar Da Costa Almeida;1;0;3719.51;1116449.19;300.16;-8.132733;-34.905133
Boa Viagem;Rua Aldemar Da Costa Almeida, 141 - Boa Viagem;Rua Aldemar Da Costa Almeida;1;0;3847.25;698007.17;181.43;-8.132824;-34.905149
Boa Viagem;Rua Aldemar Da Costa Almeida, 143 - Boa Viagem;Rua Aldemar Da Costa Almeida;1;0;2693.91;838910.05;311.41;-8.132964;-34.905175
Boa Viagem;Rua Almirante Saldanha Da Gama, 460 - Boa Viagem;Rua Almirante Saldanha Da Gama;1;1;5155.3;16716841.13;3242.65;-8.145376;-34.914283
Boa Viagem;Rua Almirante Tamandare, 225 - Boa Viagem;Rua Almirante Tamandare;1;0;4629.02;336298.16;72.65;-8.134209;-34.907913
Boa Viagem;Rua Almirante Tamandare, 249 - Boa Viagem;Rua Almirante Tamandare;1;0;0.0;1.55;422.92;-8.135007;-34.907539
Boa Viagem;Rua Almirante Tamandare, 250 - Boa Viagem;Rua Almirante Tamandare;1;0;4256.77;1909374.51;448.55;-8.133957;-34.908287
Boa Viagem;Rua Ana Camelo Da Silva, 192 - Boa Viagem;Rua Ana Camelo Da Silva;1;0;6461.66;2185592.16;338.24;-8.107523;-34.892287
Boa Viagem;Rua Ana Camelo Da Silva, 31 - Boa Viagem;Rua Ana Camelo Da Silva;1;0;2134.62;892909.9;418.3;-8.106221;-34.89124
Boa Viagem;Rua Ana Camelo Da Silva, 314 - Boa Viagem;Rua Ana Camelo Da Silva;1;0;7562.22;2174514.94;287.55;-8.108467;-34.892883
Boa Viagem;Rua Antonio De Sa Leitao, 139 - Boa Viagem;Rua Antonio De Sa Leitao;1;0;7404.51;403323.76;54.47;-8.110606;-34.896257
Boa Viagem;Rua Antonio De Sa Leitao, 98 - Boa Viagem;Rua Antonio De Sa Leitao;1;0;9254.94;930769.61;100.57;-8.10977;-34.896145
Boa Viagem;Rua Antonio Falcao, 1013 - Boa Viagem;Rua Antonio Falcao;1;0;10451.89;743025.07;71.09;-8.113241;-34.901544
Boa Viagem;Rua Antonio Falcao, 551 - Boa Viagem;Rua Antonio Falcao;1;0;12320.88;2587384.88;210.0;-8.114806;-34.897812
Boa Viagem;Rua Antonio Falcao, 552 - Boa Viagem;Rua Antonio Falcao;1;0;2976.97;98478.03;33.08;-8.114418;-34.897647
Boa Viagem;Rua Antonio Falcao, 620 - Boa Viagem;Rua Antonio Falcao;1;0;0.0;1.61;831.36;-8.114144;-34.898028
Boa Viagem;Rua Antonio Falcao, 634 - Boa Viagem;Rua Antonio Falcao;1;0;3382.6;487838.7;144.22;-8.114013;-34.898276
Boa Viagem;Rua Antonio Falcao, 635 - Boa Viagem;Rua Antonio Falcao;1;0;8505.83;1547209.83;181.9;-8.114553;-34.898427
Boa Viagem;Rua Arpoador, 106 - Boa Viagem;Rua Arpoador;1;0;4411.91;1705995.48;386.68;-8.153304;-34.912993
Boa Viagem;Rua Arpoador, 116 - Boa Viagem;Rua Arpoador;1;0;0.01;1.35;209.98;-8.153293;-34.913121
Boa Viagem;Rua Arthur Bruno Schwambach, 1010 - Boa Viagem;Rua Arthur Bruno Schwambach;1;0;1475.29;958512.31;649.71;-8.145882;-34.913232
Boa Viagem;Rua Arthur Bruno Schwambach, 126 - Boa Viagem;Rua Arthur Bruno Schwambach;1;0;3124.38;1363418.15;436.38;-8.138264;-34.910256
Boa Viagem;Rua Arthur Bruno Schwambach, 1264 - Boa Viagem;Rua Arthur Bruno Schwambach;1;1;3561.79;376873.46;105.81;-8.147638;-34.913845
Boa Viagem;Rua Aviador Severiano Lins, 320 - Boa Viagem;Rua Aviador Severiano Lins;1;0;4768.58;1059053.05;222.09;-8.109948;-34.894559
Boa Viagem;Rua Barao De Souza Leao, 1241 - Boa Viagem;Rua Barao De Souza Leao;1;1;3913.56;74005.35;18.91;-8.133029;-34.911254
Boa Viagem;Rua Barao De Souza Leao, 406 - Boa Viagem;Rua Barao De Souza Leao;1;0;3064.98;208357.29;67.98;-8.131164;-34.903699
Boa Viagem;Rua Barao De Souza Leao, 418 - Boa Viagem;Rua Barao De Souza Leao;1;0;7629.89;2544720.84;333.52;-8.131161;-34.903835
Boa Viagem;Rua Barao De Souza Leao, 460 - Boa Viagem;Rua Barao De Souza Leao;1;0;3322.25;187673.9;56.49;-8.131174;-34.904249
Boa Viagem;Rua Barao De Souza Leao, 470 - Boa Viagem;Rua Barao De Souza Leao;1;0;12373.84;692934.92;56.0;-8.131177;-34.904382
Boa Viagem;Rua Barao De Souza Leao, 849 - Boa Viagem;Rua Barao De Souza Leao;1;0;6898.55;1757751.6;254.8;-8.132532;-34.908077
Boa Viagem;Rua Barao De Souza Leao, 95 - Boa Viagem;Rua Barao De Souza Leao;1;0;43126.07;6210154.0;144.0;-8.132103;-34.905109
Boa Viagem;Rua Belmonte, 122 - Boa Viagem;Rua Belmonte;1;0;4776.2;408365.02;85.5;-8.133187;-34.906351
Boa Viagem;Rua Belmonte, 199 - Boa Viagem;Rua Belmonte;1;0;1119.42;1322588.94;1181.5;-8.133761;-34.907152
Boa Viagem;Rua Belmonte, 233 - Boa Viagem;Rua Belmonte;1;0;7242.39;4606162.74;636.0;-8.133723;-34.907497
Boa Viagem;Rua Bruno Veloso, 140 - Boa Viagem;Rua Bruno Veloso;1;1;4616.93;696464.33;150.85;-8.121661;-34.897301
Boa Viagem;Rua Bruno Veloso, 181 - Boa Viagem;Rua Bruno Veloso;1;0;4773.52;762952.5;159.83;-8.122;-34.897731
Boa Viagem;Rua Bruno Veloso, 250 - Boa Viagem;Rua Bruno Veloso;1;0;3311.69;311894.97;94.18;-8.121519;-34.898272
Boa Viagem;Rua Bruno Veloso, 528 - Boa Viagem;Rua Bruno Veloso;1;0;0.0;1.68;2523.75;-8.121157;-34.900879
Boa Viagem;Rua Conego Romeu, 374 - Boa Viagem;Rua Conego Romeu;1;0;3729.72;1694263.01;454.26;-8.137911;-34.90776
Boa Viagem;Rua Conego Romeu, 50 - Boa Viagem;Rua Conego Romeu;1;0;3670.91;289928.42;78.98;-8.13819;-34.904827
Boa Viagem;Rua Copacabana, 1575 - Boa Viagem;Rua Copacabana;1;0;3743.96;1603837.15;428.38;-8.137066;-34.909447
Boa Viagem;Rua Copacabana, 253 - Boa Viagem;Rua Copacabana;1;1;7753.83;1701190.0;219.4;-8.137268;-34.91068
Boa Viagem;Rua Copacabana, 378 - Boa Viagem;Rua Copacabana;1;0;5985.48;780507.2;130.4;-8.13701;-34.911739
Boa Viagem;Rua Copacabana, 380 - Boa Viagem;Rua Copacabana;1;0;10104.25;1351544.86;133.76;-8.13756;-34.909088
Boa Viagem;Rua Copacabana, 438 - Boa Viagem;Rua Copacabana;1;0;5223.84;851955.95;163.09;-8.136233;-34.912589
Boa Viagem;Rua Copacabana, 580 - Boa Viagem;Rua Copacabana;1;0;4102.83;2300456.75;560.7;-8.13599;-34.913493
Boa Viagem;Rua Copacabana, 68 - Boa Viagem;Rua Copacabana;1;0;2640.06;439437.9;166.45;-8.136656;-34.911163
Boa Viagem;Rua Copacabana, 725 - Boa Viagem;Rua Copacabana;1;0;4589.82;4601435.63;1002.53;-8.136358;-34.914803
Boa Viagem;Rua Desembargador Joao Paes, 655 - Boa Viagem;Rua Desembargador Joao Paes;1;0;7171.16;714677.54;99.66;-8.126217;-34.904943
Boa Viagem;Rua Dom Jose Lopes, 1200 - Boa Viagem;Rua Dom Jose Lopes;1;0;5853.76;1935369.29;330.62;-8.127144;-34.909749
Boa Viagem;Rua Dom Jose Lopes, 158 - Boa Viagem;Rua Dom Jose Lopes;1;0;6129.5;1697871.55;277.0;-8.126485;-34.904904
Boa Viagem;Rua Dom Jose Lopes, 640 - Boa Viagem;Rua Dom Jose Lopes;1;0;5022.41;455833.94;90.76;-8.126521;-34.904691
Boa Viagem;Rua Dona Benvinda De Farias, 446 - Boa Viagem;Rua Dona Benvinda De Farias;1;0;4400.99;1125993.34;255.85;-8.109917;-34.892911
Boa Viagem;Rua Dona Benvinda De Farias, 530 - Boa Viagem;Rua Dona Benvinda De Farias;1;0;4117.33;438660.7;106.54;-8.109601;-34.893555
Boa Viagem;Rua Dona Benvinda De Farias, 622 - Boa Viagem;Rua Dona Benvinda De Farias;1;0;7940.04;2611638.37;328.92;-8.110087;-34.892943
Boa Viagem;Rua Dona Benvinda De Farias, 80 - Boa Viagem;Rua Dona Benvinda De Farias;1;0;7358.03;872000.08;118.51;-8.111449;-34.890401
Boa Viagem;Rua Dos Navegantes, 2151 - Boa Viagem;Rua Dos Navegantes;1;0;9316.44;1186169.59;127.32;-8.114202;-34.892609
Boa Viagem;Rua Dos Navegantes, 2241 - Boa Viagem;Rua Dos Navegantes;1;0;4632.48;131932.95;28.48;-8.11354;-34.892209
Boa Viagem;Rua Doutor Joao Guilherme De Pontes Sobrinho, 17 - Boa Viagem;Rua Doutor Joao Guilherme De Pontes Sobrinho;1;0;4419.11;1879227.08;425.25;-8.127127;-34.904573
Boa Viagem;Rua Doutor Joao Guilherme De Pontes Sobrinho, 420 - Boa Viagem;Rua Doutor Joao Guilherme De Pontes Sobrinho;1;0;8394.42;3251244.38;387.31;-8.124317;-34.904733
Boa Viagem;Rua Doutor Joao Guilherme De Pontes Sobrinho, 576 - Boa Viagem;Rua Doutor Joao Guilherme De Pontes Sobrinho;1;0;7708.8;378810.48;49.14;-8.126176;-34.904673
Boa Viagem;Rua Ernesto De Paula Santos, 1300 - Boa Viagem;Rua Ernesto De Paula Santos;1;0;12516.75;2878851.71;230.0;-8.124032;-34.906975
Boa Viagem;Rua Ernesto De Paula Santos, 153 - Boa Viagem;Rua Ernesto De Paula Santos;1;0;12246.87;2595480.15;211.93;-8.124522;-34.903004
Boa Viagem;Rua Ernesto De Paula Santos, 367 - Boa Viagem;Rua Ernesto De Paula Santos;1;0;9091.07;2276857.94;250.45;-8.124846;-34.900623
Boa Viagem;Rua Ernesto De Paula Santos, 368 - Boa Viagem;Rua Ernesto De Paula Santos;1;0;4749.35;393436.34;82.84;-8.124434;-34.900611
Boa Viagem;Rua Ernesto De Paula Santos, 417 - Boa Viagem;Rua Ernesto De Paula Santos;1;0;11956.32;3228206.78;270.0;-8.124768;-34.901047
Boa Viagem;Rua Ernesto De Paula Santos, 433 - Boa Viagem;Rua Ernesto De Paula Santos;1;0;11956.32;3228206.78;270.0;-8.124743;-34.901176
Boa Viagem;Rua Ernesto De Paula Santos, 566 - Boa Viagem;Rua Ernesto De Paula Santos;1;0;3979.59;286451.15;71.98;-8.124005;-34.902292
Boa Viagem;Rua Ernesto De Paula Santos, 913 - Boa Viagem;Rua Ernesto De Paula Santos;1;0;6345.11;2722749.41;429.11;-8.124338;-34.905426
Boa Viagem;Rua Ernesto De Paula Santos, 946 - Boa Viagem;Rua Ernesto De Paula Santos;1;0;10373.42;5630898.24;542.82;-8.123913;-34.904842
Boa Viagem;Rua Feliciano Jose De Farias, 25 - Boa Viagem;Rua Feliciano Jose De Farias;1;0;3788.33;209116.08;55.2;-8.131905;-34.904632
Boa Viagem;Rua Felix De Brito E Melo, 155 - Boa Viagem;Rua Felix De Brito E Melo;1;0;4185.92;460032.7;109.9;-8.11818;-34.895488
Boa Viagem;Rua Felix De Brito E Melo, 258 - Boa Viagem;Rua Felix De Brito E Melo;1;0;3590.86;346087.11;96.38;-8.117411;-34.896015
Boa Viagem;Rua Felix De Brito E Melo, 268 - Boa Viagem;Rua Felix De Brito E Melo;1;0;3643.52;351162.77;96.38;-8.117356;-34.896122
Boa Viagem;Rua Felix De Brito E Melo, 370 - Boa Viagem;Rua Felix De Brito E Melo;1;0;6671.94;3341973.24;500.9;-8.11692;-34.896816
Boa Viagem;Rua Francisco Da Cunha, 1336 - Boa Viagem;Rua Francisco Da Cunha;1;0;6133.11;862437.9;140.62;-8.119424;-34.899385
Boa Viagem;Rua Francisco De Barros Barreto, 90 - Boa Viagem;Rua Francisco De Barros Barreto;1;0;8547.81;938806.29;109.83;-8.128633;-34.904838
Boa Viagem;Rua Frei Leandro, 118 - Boa Viagem;Rua Frei Leandro;1;1;13904.01;1587699.47;114.19;-8.102602;-34.886861
Boa Viagem;Rua General Americano Freire, 100 - Boa Viagem;Rua General Americano Freire;1;0;5977.46;1050000.0;175.66;-8.123366;-34.906319
Boa Viagem;Rua General Americano Freire, 267 - Boa Viagem;Rua General Americano Freire;1;0;2138.01;284163.27;132.91;-8.125476;-34.906073
Boa Viagem;Rua General Americano Freire, 279 - Boa Viagem;Rua General Americano Freire;1;0;4992.98;1103397.76;220.99;-8.125638;-34.906016
Boa Viagem;Rua Izabel Magalhaes, 313 - Boa Viagem;Rua Izabel Magalhaes;1;0;5356.98;448701.01;83.76;-8.139079;-34.9084
Boa Viagem;Rua Jack Ayres, 39 - Boa Viagem;Rua Jack Ayres;1;0;7730.65;1546129.82;200.0;-8.12036;-34.898923
Boa Viagem;Rua Jack Ayres, 50 - Boa Viagem;Rua Jack Ayres;1;0;6290.6;1506598.62;239.5;-8.120014;-34.898709
Boa Viagem;Rua Joao Cardoso Aires, 1035 - Boa Viagem;Rua Joao Cardoso Aires;1;0;2323.22;875876.82;377.01;-8.139558;-34.914103
Boa Viagem;Rua Joao Cardoso Aires, 41 - Boa Viagem;Rua Joao Cardoso Aires;1;0;4213.19;386813.38;91.81;-8.144038;-34.905135
Boa Viagem;Rua Joao Dias Martins, 157 - Boa Viagem;Rua Joao Dias Martins;1;1;5132.62;1538913.45;299.83;-8.130465;-34.905832
Boa Viagem;Rua Jorge Couceiro Da Costa Eiras, 112 - Boa Viagem;Rua Jorge Couceiro Da Costa Eiras;1;0;9035.98;319783.32;35.39;-8.122242;-34.906446
Boa Viagem;Rua Jornalista Alfredo Porto Silveira, 111 - Boa Viagem;Rua Jornalista Alfredo Porto Silveira;1;0;4256.08;1705580.09;400.74;-8.139451;-34.912992
Boa Viagem;Rua Jornalista Alfredo Porto Silveira, 56 - Boa Viagem;Rua Jornalista Alfredo Porto Silveira;1;0;899.38;268591.34;298.64;-8.138555;-34.913979
Boa Viagem;Rua Jornalista Alfredo Porto Silveira, 677 - Boa Viagem;Rua Jornalista Alfredo Porto Silveira;1;0;2900.29;246466.96;84.98;-8.13866;-34.91497
Boa Viagem;Rua Jornalista Alfredo Porto Silveira, 689 - Boa Viagem;Rua Jornalista Alfredo Porto Silveira;1;0;6176.17;647632.89;104.86;-8.138637;-34.915077
Boa Viagem;Rua Jose Aderval Chaves, 310 - Boa Viagem;Rua Jose Aderval Chaves;1;0;13554.12;3736735.69;275.69;-8.108367;-34.892024
Boa Viagem;Rua Jose Aderval Chaves, 312 - Boa Viagem;Rua Jose Aderval Chaves;1;0;8765.3;3736735.69;426.31;-8.108491;-34.892099
Boa Viagem;Rua Jose Domingues Da Silva, 113 - Boa Viagem;Rua Jose Domingues Da Silva;1;0;3217.44;342849.97;106.56;-8.132966;-34.905789
Boa Viagem;Rua Jose Domingues Da Silva, 258 - Boa Viagem;Rua Jose Domingues Da Silva;1;0;3448.39;341390.2;99.0;-8.134356;-34.905834
Boa Viagem;Rua Jose Hipolito Cardoso, 117 - Boa Viagem;Rua Jose Hipolito Cardoso;1;0;6417.08;401324.25;62.54;-8.140341;-34.908503
Boa Viagem;Rua Jose Hipolito Cardoso, 137 - Boa Viagem;Rua Jose Hipolito Cardoso;1;0;3924.55;245441.11;62.54;-8.140341;-34.908503
Boa Viagem;Rua Jose Hipolito Cardoso, 157 - Boa Viagem;Rua Jose Hipolito Cardoso;1;0;4030.65;252077.01;62.54;-8.140341;-34.908503
Boa Viagem;Rua Jose Hipolito Cardoso, 177 - Boa Viagem;Rua Jose Hipolito Cardoso;1;0;3940.16;246417.61;62.54;-8.140341;-34.908503
Boa Viagem;Rua Jose Hipolito Cardoso, 57 - Boa Viagem;Rua Jose Hipolito Cardoso;1;0;4568.41;285708.31;62.54;-8.140341;-34.908503
Boa Viagem;Rua Jose Hipolito Cardoso, 600 - Boa Viagem;Rua Jose Hipolito Cardoso;1;0;3128.48;832176.92;266.0;-8.143609;-34.911365
Boa Viagem;Rua Jose Moreira Leal, 54 - Boa Viagem;Rua Jose Moreira Leal;1;1;5505.4;405307.36;73.62;-8.135438;-34.903972
Boa Viagem;Rua Jose Moreira Leal, 68 - Boa Viagem;Rua Jose Moreira Leal;1;0;3492.33;306696.72;87.82;-8.135401;-34.904084
Boa Viagem;Rua Jose Moreira Leal, 71 - Boa Viagem;Rua Jose Moreira Leal;1;0;2523.71;252573.13;100.08;-8.135777;-34.904211
Boa Viagem;Rua Jose Moreira Leal, 78 - Boa Viagem;Rua Jose Moreira Leal;1;0;5845.41;1348477.97;230.69;-8.135364;-34.904195
Boa Viagem;Rua Leon Helmer, 54 - Boa Viagem;Rua Leon Helmer;1;0;6018.44;683995.41;113.65;-8.136254;-34.905552
Boa Viagem;Rua Leon Helmer, 66 - Boa Viagem;Rua Leon Helmer;1;0;3014.99;265319.27;88.0;-8.136187;-34.905804
Boa Viagem;Rua Luiz De Faria Barbosa, 235 - Boa Viagem;Rua Luiz De Faria Barbosa;1;1;6814.85;302579.19;44.4;-8.123577;-34.901191
Boa Viagem;Rua Luiz De Faria Barbosa, 301 - Boa Viagem;Rua Luiz De Faria Barbosa;1;0;11787.37;1667912.73;141.5;-8.123577;-34.901191
Boa Viagem;Rua Major Armando De Souza Mello, 155 - Boa Viagem;Rua Major Armando De Souza Mello;1;0;4178.43;261318.79;62.54;-8.141142;-34.906881
Boa Viagem;Rua Major Armando De Souza Mello, 226 - Boa Viagem;Rua Major Armando De Souza Mello;1;0;5575.05;2166184.29;388.55;-8.143808;-34.908594
Boa Viagem;Rua Major Armando De Souza Mello, 290 - Boa Viagem;Rua Major Armando De Souza Mello;1;0;8893.96;3904449.46;439.0;-8.144201;-34.908778
Boa Viagem;Rua Major Armando De Souza Mello, 320 - Boa Viagem;Rua Major Armando De Souza Mello;1;0;10198.75;4780357.18;468.72;-8.144436;-34.908863
Boa Viagem;Rua Major Armando De Souza Mello, 37 - Boa Viagem;Rua Major Armando De Souza Mello;1;0;4403.72;275408.73;62.54;-8.140313;-34.906522
Boa Viagem;Rua Major Armando De Souza Mello, 97 - Boa Viagem;Rua Major Armando De Souza Mello;1;0;4476.75;279976.09;62.54;-8.140313;-34.906522
Boa Viagem;Rua Mamanguape, 142 - Boa Viagem;Rua Mamanguape;1;0;4877.39;2177167.72;446.38;-8.11663;-34.895464
Boa Viagem;Rua Mamanguape, 216 - Boa Viagem;Rua Mamanguape;1;0;8243.16;2000945.32;242.74;-8.115433;-34.897683
Boa Viagem;Rua Mamanguape, 267 - Boa Viagem;Rua Mamanguape;1;0;5618.63;2570748.64;457.54;-8.116494;-34.896741
Boa Viagem;Rua Mamanguape, 277 - Boa Viagem;Rua Mamanguape;1;0;11678.32;2570748.64;220.13;-8.11644;-34.89684
Boa Viagem;Rua Mamanguape, 433 - Boa Viagem;Rua Mamanguape;1;0;3264.81;333794.08;102.24;-8.115958;-34.897854
Boa Viagem;Rua Mamanguape, 80 - Boa Viagem;Rua Mamanguape;1;0;4675.89;311227.23;66.56;-8.116925;-34.894899
Boa Viagem;Rua Maria Carolina, 299 - Boa Viagem;Rua Maria Carolina;1;0;4408.7;503165.26;114.13;-8.114726;-34.896015
Boa Viagem;Rua Maria Carolina, 331 - Boa Viagem;Rua Maria Carolina;1;1;7897.46;2455637.74;310.94;-8.114551;-34.896224
Boa Viagem;Rua Maria Carolina, 422 - Boa Viagem;Rua Maria Carolina;1;0;0.0;1.62;1736.59;-8.11366;-34.896868
Boa Viagem;Rua Mario Souto Maior, 108 - Boa Viagem;Rua Mario Souto Maior;1;0;5391.38;634295.8;117.65;-8.141027;-34.906054
Boa Viagem;Rua Mario Souto Maior, 265 - Boa Viagem;Rua Mario Souto Maior;1;0;5535.58;191309.76;34.56;-8.140733;-34.90762
Boa Viagem;Rua Marques De Valenca, 1020 - Boa Viagem;Rua Marques De Valenca;1;1;3484.56;1061397.29;304.6;-8.12844;-34.906909
Boa Viagem;Rua Marques De Valenca, 694 - Boa Viagem;Rua Marques De Valenca;1;1;3878.77;243664.32;62.82;-8.128248;-34.909103
Boa Viagem;Rua Ministro Nelson Hungria, 317 - Boa Viagem;Rua Ministro Nelson Hungria;1;0;3831.56;275834.18;71.99;-8.110425;-34.897021
Boa Viagem;Rua Ministro Nelson Hungria, 334 - Boa Viagem;Rua Ministro Nelson Hungria;1;1;7116.08;2696708.55;378.96;-8.113273;-34.898938
Boa Viagem;Rua Padre Carapuceiro, 825 - Boa Viagem;Rua Padre Carapuceiro;1;0;10215.3;1458540.35;142.78;-8.116901;-34.904017
Boa Viagem;Rua Padre Luiz Marques Teixeira, 257 - Boa Viagem;Rua Padre Luiz Marques Teixeira;1;0;3276.12;294850.97;90.0;-8.129574;-34.906503
Boa Viagem;Rua Padre Luiz Marques Teixeira, 46 - Boa Viagem;Rua Padre Luiz Marques Teixeira;1;0;22024.89;2576912.64;117.0;-8.131522;-34.906132
Boa Viagem;Rua Padre Luiz Marques Teixeira, 72 - Boa Viagem;Rua Padre Luiz Marques Teixeira;1;0;13644.73;1894298.45;138.83;-8.131409;-34.9061
Boa Viagem;Rua Padre Luiz Marques Teixeira, 77 - Boa Viagem;Rua Padre Luiz Marques Teixeira;1;0;5235.07;1641612.75;313.58;-8.131371;-34.906495
Boa Viagem;Rua Petrolina, 127 - Boa Viagem;Rua Petrolina;1;0;6084.74;254098.7;41.76;-8.129816;-34.900403
Boa Viagem;Rua Pinhal, 170 - Boa Viagem;Rua Pinhal;1;0;3430.18;309539.14;90.24;-8.128626;-34.904002
Boa Viagem;Rua Pinhal, 239 - Boa Viagem;Rua Pinhal;1;0;4602.63;1329930.3;288.95;-8.129556;-34.90375
Boa Viagem;Rua Professor Augusto Lins E Silva, 175 - Boa Viagem;Rua Professor Augusto Lins E Silva;1;0;3541.35;261351.75;73.8;-8.137685;-34.904676
Boa Viagem;Rua Professor Augusto Lins E Silva, 187 - Boa Viagem;Rua Professor Augusto Lins E Silva;1;0;5784.02;1187111.5;205.24;-8.137782;-34.904714
Boa Viagem;Rua Professor Augusto Lins E Silva, 22 - Boa Viagem;Rua Professor Augusto Lins E Silva;1;0;3199.48;134122.04;41.92;-8.136359;-34.904605
Boa Viagem;Rua Professor Augusto Lins E Silva, 62 - Boa Viagem;Rua Professor Augusto Lins E Silva;1;1;3937.57;470461.13;119.48;-8.136811;-34.90481
Boa Viagem;Rua Professor Augusto Lins E Silva, 700 - Boa Viagem;Rua Professor Augusto Lins E Silva;1;0;7147.3;3587517.5;501.94;-8.145377;-34.908271
Boa Viagem;Rua Professor Aurelio De Castro Cavalcanti, 182 - Boa Viagem;Rua Professor Aurelio De Castro Cavalcanti;1;1;4449.21;244839.91;55.03;-8.140385;-34.91567
Boa Viagem;Rua Professor Aurelio De Castro Cavalcanti, 20 - Boa Viagem;Rua Professor Aurelio De Castro Cavalcanti;1;0;4883.37;1130646.62;231.53;-8.140998;-34.91438
Boa Viagem;Rua Professor Aurelio De Castro Cavalcanti, 358 - Boa Viagem;Rua Professor Aurelio De Castro Cavalcanti;1;0;4190.56;582361.82;138.97;-8.14087;-34.91456
Boa Viagem;Rua Professor Aurelio De Castro Cavalcanti, 626 - Boa Viagem;Rua Professor Aurelio De Castro Cavalcanti;1;0;3873.83;254472.08;65.69;-8.14012;-34.915209
Boa Viagem;Rua Professor Eduardo Wanderley Filho, 293 - Boa Viagem;Rua Professor Eduardo Wanderley Filho;1;0;7982.65;896770.69;112.34;-8.111055;-34.894474
Boa Viagem;Rua Professor Helvecio Camara Lins, 58 - Boa Viagem;Rua Professor Helvecio Camara Lins;1;0;8060.15;878556.56;109.0;-8.111018;-34.899346
Boa Viagem;Rua Professor Julio Ferreira De Melo, 888 - Boa Viagem;Rua Professor Julio Ferreira De Melo;1;0;4140.68;457462.75;110.48;-8.119474;-34.900386
Boa Viagem;Rua Professor Mario Castro, 361 - Boa Viagem;Rua Professor Mario Castro;1;0;4501.11;1328503.85;295.15;-8.136104;-34.9052
Boa Viagem;Rua Professor Mario Castro, 370 - Boa Viagem;Rua Professor Mario Castro;1;0;11155.09;1585361.47;142.12;-8.135819;-34.905172
Boa Viagem;Rua Professor Mario Castro, 382 - Boa Viagem;Rua Professor Mario Castro;1;0;2490.76;468263.51;188.0;-8.135704;-34.905314
Boa Viagem;Rua Professor Mario Castro, 412 - Boa Viagem;Rua Professor Mario Castro;1;0;3777.98;313043.53;82.86;-8.135601;-34.905627
Boa Viagem;Rua Raul Azedo, 94 - Boa Viagem;Rua Raul Azedo;1;0;5050.34;109440.85;21.67;-8.103305;-34.886826
Boa Viagem;Rua Sargento Melo Junior, 132 - Boa Viagem;Rua Sargento Melo Junior;1;0;939.63;264112.34;281.08;-8.133904;-34.91141
Boa Viagem;Rua Sargento Waldir Correia, 151 - Boa Viagem;Rua Sargento Waldir Correia;1;0;2888.17;742404.61;257.05;-8.136368;-34.9099
Boa Viagem;Rua Sargento Waldir Correia, 225 - Boa Viagem;Rua Sargento Waldir Correia;1;0;4175.89;364012.68;87.17;-8.136221;-34.910408
Boa Viagem;Rua Sargento Waldir Correia, 464 - Boa Viagem;Rua Sargento Waldir Correia;1;0;2906.18;344788.68;118.64;-8.135385;-34.912652
Boa Viagem;Rua Senador Helio Coutinho, 206 - Boa Viagem;Rua Senador Helio Coutinho;1;0;13500.98;4380932.62;324.49;-8.105713;-34.88926
Boa Viagem;Rua Senador Jose Ermirio De Morais, 105 - Boa Viagem;Rua Senador Jose Ermirio De Morais;1;0;902.48;283380.25;314.0;-8.147578;-34.914032
Boa Viagem;Rua Serinhaem, 125 - Boa Viagem;Rua Serinhaem;1;0;4042.09;2609573.1;645.6;-8.12278;-34.897598
Boa Viagem;Rua Setubal, 1462 - Boa Viagem;Rua Setubal;1;1;10413.62;1913918.68;183.79;-8.144787;-34.906122
Boa Viagem;Rua Setubal, 1510 - Boa Viagem;Rua Setubal;1;0;6411.83;984023.56;153.47;-8.145256;-34.906349
Boa Viagem;Rua Setubal, 1770 - Boa Viagem;Rua Setubal;1;0;4768.06;869312.2;182.32;-8.139963;-34.904127
Boa Viagem;Rua Setubal, 292 - Boa Viagem;Rua Setubal;1;0;4965.95;305257.24;61.47;-8.133744;-34.902143
Boa Viagem;Rua Sideral, 210 - Boa Viagem;Rua Sideral;1;1;3433.21;227003.75;66.12;-8.138481;-34.910849
Boa Viagem;Rua Solidonio Leite, 90 - Boa Viagem;Rua Solidonio Leite;1;0;5006.76;1000000.0;199.73;-8.106197;-34.888524
Boa Viagem;Rua Tenente Domingos De Brito, 393 - Boa Viagem;Rua Tenente Domingos De Brito;1;0;8060.35;672474.68;83.43;-8.124575;-34.905065
Boa Viagem;Rua Tenente Domingos De Brito, 680 - Boa Viagem;Rua Tenente Domingos De Brito;1;0;3490.02;364009.52;104.3;-8.125683;-34.905461
Boa Viagem;Rua Tenente Domingos De Brito, 697 - Boa Viagem;Rua Tenente Domingos De Brito;1;1;7018.45;762624.39;108.66;-8.125848;-34.905064
Boa Viagem;Rua Tenente Joao Cicero, 148 - Boa Viagem;Rua Tenente Joao Cicero;1;0;6040.26;274831.63;45.5;-8.113512;-34.893306
Boa Viagem;Rua Tenente Joao Cicero, 333 - Boa Viagem;Rua Tenente Joao Cicero;1;0;12804.42;3665010.18;286.23;-8.113089;-34.895036
Boa Viagem;Rua Tenente Joao Cicero, 415 - Boa Viagem;Rua Tenente Joao Cicero;1;0;4792.71;249220.96;52.0;-8.11268;-34.895715
Boa Viagem;Rua Tenente Joao Cicero, 833 - Boa Viagem;Rua Tenente Joao Cicero;1;0;10126.93;1979915.68;195.51;-8.110808;-34.899327
Boa Viagem;Rua Viriato Correia, 95 - Boa Viagem;Rua Viriato Correia;1;0;4103.06;383553.84;93.48;-8.133865;-34.909344
Boa Viagem;Rua Visconde De Jequitinhonha, 2522 - Boa Viagem;Rua Visconde De Jequitinhonha;1;0;6309.16;921768.22;146.1;-8.141712;-34.905862
Boa Viagem;Rua Visconde De Jequitinhonha, 2902 - Boa Viagem;Rua Visconde De Jequitinhonha;1;1;10748.46;1025618.25;95.42;-8.14471;-34.907342
Boa Viagem;Rua Visconde De Jequitinhonha, 793 - Boa Viagem;Rua Visconde De Jequitinhonha;1;0;17171.29;671054.12;39.08;-8.133103;-34.904275
Boa Vista;Rua Joao Fernandes Vieira, 544 - Boa Vista;Rua Joao Fernandes Vieira;95;37;8108.06;713582.72;88.35;-8.051468;-34.892475
Boa Vista;Avenida Governador Agamenon Magalhaes, 2615 - Boa Vista;Avenida Governador Agamenon Magalhaes;55;30;4359.71;284727.98;63.91;-8.046087;-34.890253
Boa Vista;Rua Dom Bosco, 1297 - Boa Vista;Rua Dom Bosco;51;8;6823.75;425003.39;64.1;-8.0548;-34.896269
Boa Vista;Rua Sete De Setembro, 238 - Boa Vista;Rua Sete De Setembro;39;21;2932.59;151091.48;51.07;-8.061556;-34.883299
Boa Vista;Rua Mario Domingues, 91 - Boa Vista;Rua Mario Domingues;30;0;6500.14;313763.75;48.36;-8.060317;-34.896322
Boa Vista;Avenida Manoel Borba, 1000 - Boa Vista;Avenida Manoel Borba;27;15;3840.82;293891.27;76.04;-8.058806;-34.893616
Boa Vista;Rua Do Riachuelo, 105 - Boa Vista;Rua Do Riachuelo;27;11;4097.8;105026.17;26.27;-8.060507;-34.881781
Boa Vista;Rua Da Aurora, 295 - Boa Vista;Rua Da Aurora;25;8;4624.23;206960.78;46.36;-8.061005;-34.881387
Boa Vista;Rua Monte Castelo, 277 - Boa Vista;Rua Monte Castelo;24;6;5428.25;343312.2;63.23;-8.049821;-34.89252
Boa Vista;Rua Joao Fernandes Vieira, 587 - Boa Vista;Rua Joao Fernandes Vieira;16;7;6641.93;379294.79;56.46;-8.052265;-34.893509
Boa Vista;Rua Bulhoes Marques, 19 - Boa Vista;Rua Bulhoes Marques;15;4;4441.19;98351.63;23.28;-8.064284;-34.884112
Boa Vista;Rua Jose De Alencar, 471 - Boa Vista;Rua Jose De Alencar;15;6;6485.98;579042.38;89.77;-8.06287;-34.889509
Boa Vista;Rua Jornalista Edmundo Bittencourt, 75 - Boa Vista;Rua Jornalista Edmundo Bittencourt;14;5;6752.62;481528.88;71.31;-8.06452;-34.890454
Boa Vista;Rua Do Hospicio, 194 - Boa Vista;Rua Do Hospicio;13;0;3503.4;123707.47;36.12;-8.06121;-34.883942
Boa Vista;Rua Jose De Alencar, 456 - Boa Vista;Rua Jose De Alencar;12;2;5805.74;209429.52;36.35;-8.062441;-34.889939
Boa Vista;Rua Da Gloria, 445 - Boa Vista;Rua Da Gloria;11;5;4864.29;166638.39;33.86;-8.064256;-34.888599
Boa Vista;Rua Joao Fernandes Vieira, 574 - Boa Vista;Rua Joao Fernandes Vieira;10;6;4103.28;184479.62;44.97;-8.051755;-34.893042
Boa Vista;Rua Da Aurora, 325 - Boa Vista;Rua Da Aurora;8;2;2749.1;341362.17;122.1;-8.060786;-34.881242
Boa Vista;Rua Da Uniao, 121 - Boa Vista;Rua Da Uniao;8;2;1214.4;24870.91;20.48;-8.060708;-34.881987
Boa Vista;Rua Do Hospicio, 148 - Boa Vista;Rua Do Hospicio;8;2;4000.74;162871.89;40.94;-8.061747;-34.884092
Boa Vista;Rua General Joaquim Inacio, 160 - Boa Vista;Rua General Joaquim Inacio;8;4;11280.31;320455.12;28.69;-8.062995;-34.892614
Boa Vista;Rua Visconde De Goiana, 297 - Boa Vista;Rua Visconde De Goiana;8;2;3490.66;128157.49;36.82;-8.062511;-34.891518
Boa Vista;Rua Das Ninfas, 67 - Boa Vista;Rua Das Ninfas;7;2;7609.41;631200.52;82.95;-8.058233;-34.89106
Boa Vista;Rua Do Hospicio, 284 - Boa Vista;Rua Do Hospicio;7;2;4981.68;80875.89;17.04;-8.058293;-34.883419
Boa Vista;Rua Sete De Setembro, 261 - Boa Vista;Rua Sete De Setembro;7;4;4091.6;140850.83;38.42;-8.061556;-34.883299
Boa Vista;Rua Do Hospicio, 111 - Boa Vista;Rua Do Hospicio;6;4;3174.11;230929.5;74.35;-8.061776;-34.884655
Boa Vista;Rua Sete De Setembro, 167 - Boa Vista;Rua Sete De Setembro;6;2;2993.16;170757.34;57.04;-8.061528;-34.883569
Boa Vista;Rua Do Giriquiti, 20 - Boa Vista;Rua Do Giriquiti;5;2;4747.55;173853.58;36.6;-8.060282;-34.887184
Boa Vista;Rua Sete De Setembro, 318 - Boa Vista;Rua Sete De Setembro;5;0;4209.11;144969.06;33.26;-8.061556;-34.883299
Boa Vista;Avenida Conde Da Boa Vista, 1511 - Boa Vista;Avenida Conde Da Boa Vista;4;1;7671.39;400795.88;52.26;-8.056735;-34.894326
Boa Vista;Avenida Governador Agamenon Magalhaes, 137 - Boa Vista;Avenida Governador Agamenon Magalhaes;4;0;4321.2;177399.42;42.47;-8.057876;-34.897339
Boa Vista;Avenida Governador Agamenon Magalhaes, 2291 - Boa Vista;Avenida Governador Agamenon Magalhaes;4;4;2960.8;23338430.98;7882.47;-8.059626;-34.897294
Boa Vista;Rua Barao De Sao Borja, 321 - Boa Vista;Rua Barao De Sao Borja;4;3;5263.87;202043.05;37.82;-8.060677;-34.890234
Boa Vista;Rua Barao De Sao Borja, 460 - Boa Vista;Rua Barao De Sao Borja;4;3;5278.4;703716.38;133.32;-8.060307;-34.891696
Boa Vista;Rua Capitao Ruy Lucena, 160 - Boa Vista;Rua Capitao Ruy Lucena;4;3;4694.48;591504.35;126.0;-8.057449;-34.893652
Boa Vista;Rua Paissandu, 200 - Boa Vista;Rua Paissandu;4;2;4189.94;794140.23;249.05;-8.060392;-34.895663
Boa Vista;Rua Sete De Setembro, 105 - Boa Vista;Rua Sete De Setembro;4;3;4704.61;202438.2;46.42;-8.062056;-34.883785
Boa Vista;Rua Visconde De Goiana, 296 - Boa Vista;Rua Visconde De Goiana;4;4;9060.15;4727403.09;521.78;-8.062005;-34.890971
Boa Vista;Avenida Montevideu, 114 - Boa Vista;Avenida Montevideu;3;3;5403.88;4374172.49;809.45;-8.050984;-34.893372
Boa Vista;Rua Barao De Sao Borja, 385 - Boa Vista;Rua Barao De Sao Borja;3;2;2934.38;329581.64;113.1;-8.06084;-34.890884
Boa Vista;Rua Das Fronteiras, 175 - Boa Vista;Rua Das Fronteiras;3;3;2043.55;161931.01;79.24;-8.060117;-34.896938
Boa Vista;Rua Do Hospicio, 133 - Boa Vista;Rua Do Hospicio;3;0;2855.53;133004.2;56.44;-8.061559;-34.884627
Boa Vista;Rua Dom Bosco, 546 - Boa Vista;Rua Dom Bosco;3;0;3150.78;43575.28;13.83;-8.060118;-34.892642
Boa Vista;Rua Joao Fernandes Vieira, 303 - Boa Vista;Rua Joao Fernandes Vieira;3;3;4570.63;1887947.17;413.06;-8.053995;-34.892011
Boa Vista;Rua Joao Fernandes Vieira, 321 - Boa Vista;Rua Joao Fernandes Vieira;3;0;2627.48;247219.19;94.09;-8.053873;-34.892113
Boa Vista;Rua Mario Domingues, 130 - Boa Vista;Rua Mario Domingues;3;3;6499.68;5783092.81;889.75;-8.059704;-34.89628
Boa Vista;Rua Silva Ramos, 51 - Boa Vista;Rua Silva Ramos;3;3;7010.99;1401005.51;199.83;-8.05589;-34.89676
Boa Vista;Rua Velha, 90 - Boa Vista;Rua Velha;3;0;2787.11;250761.13;90.74;-8.064062;-34.885469
Boa Vista;Avenida Governador Agamenon Magalhaes, 3311 - Boa Vista;Avenida Governador Agamenon Magalhaes;2;0;7951.38;498094.68;62.65;-8.051006;-34.894022
Boa Vista;Avenida Montevideu, 145 - Boa Vista;Avenida Montevideu;2;2;2802.9;1616204.36;576.62;-8.050609;-34.893734
Boa Vista;Praça Parque Amorim, 34 - Boa Vista;Praça Parque Amorim;2;2;5691.41;12873961.6;2262.0;-8.051566;-34.894506
Boa Vista;Rua Bispo Cardoso Ayres, 84 - Boa Vista;Rua Bispo Cardoso Ayres;2;2;3173.78;744854.22;234.69;-8.05722;-34.886398
Boa Vista;Rua Da Alegria, 127 - Boa Vista;Rua Da Alegria;2;2;2362.57;396912.84;168.0;-8.063714;-34.88721
Boa Vista;Rua Da Alegria, 159 - Boa Vista;Rua Da Alegria;2;2;2684.68;552507.4;205.8;-8.063621;-34.887469
Boa Vista;Rua Da Aurora, 79 - Boa Vista;Rua Da Aurora;2;2;1749.26;787693.66;450.3;-8.062625;-34.88243
Boa Vista;Rua Da Gloria, 247 - Boa Vista;Rua Da Gloria;2;2;2782.81;189787.54;68.2;-8.064338;-34.886731
Boa Vista;Rua Da Gloria, 432 - Boa Vista;Rua Da Gloria;2;2;3174.93;327493.69;103.15;-8.0639;-34.888402
Boa Vista;Rua Da Gloria, 465 - Boa Vista;Rua Da Gloria;2;2;4105.2;862093.21;210.0;-8.064439;-34.88887
Boa Vista;Rua Desembargador Roderick Galvao, 101 - Boa Vista;Rua Desembargador Roderick Galvao;2;2;4143.94;216313.84;52.2;-8.062918;-34.891979
Boa Vista;Rua Do Giriquiti, 155 - Boa Vista;Rua Do Giriquiti;2;1;5078.1;306998.0;61.26;-8.059962;-34.888382
Boa Vista;Rua Do Hospicio, 33 - Boa Vista;Rua Do Hospicio;2;0;2572.18;82178.9;30.82;-8.062368;-34.885182
Boa Vista;Rua Henrique Dias, 100 - Boa Vista;Rua Henrique Dias;2;2;7315.83;896335.5;122.52;-8.058099;-34.895503
Boa Vista;Rua Henrique Dias, 105 - Boa Vista;Rua Henrique Dias;2;2;6245.69;1823428.52;291.95;-8.058598;-34.895414
Boa Vista;Rua Henrique Dias, 161 - Boa Vista;Rua Henrique Dias;2;2;5145.61;3555614.74;691.0;-8.05869;-34.895995
Boa Vista;Rua Henrique Dias, 219 - Boa Vista;Rua Henrique Dias;2;2;10085.78;3651352.21;362.03;-8.058923;-34.896415
Boa Vista;Rua Joao Fernandes Vieira, 600 - Boa Vista;Rua Joao Fernandes Vieira;2;0;4294.98;360467.4;83.91;-8.051208;-34.89295
Boa Vista;Rua Miguel Couto, 89 - Boa Vista;Rua Miguel Couto;2;0;4040.48;660972.44;162.72;-8.057233;-34.896587
Boa Vista;Rua Miguel Couto, 90 - Boa Vista;Rua Miguel Couto;2;0;2539.27;345938.37;136.27;-8.057281;-34.897001
Boa Vista;Rua Monte Castelo, 279 - Boa Vista;Rua Monte Castelo;2;0;4207.07;377921.1;89.83;-8.049821;-34.89252
Boa Vista;Rua Sete De Setembro, 156 - Boa Vista;Rua Sete De Setembro;2;2;2940.02;900000.0;306.12;-8.061754;-34.883318
Boa Vista;Rua Sete De Setembro, 365 - Boa Vista;Rua Sete De Setembro;2;1;3252.52;239156.11;73.38;-8.061556;-34.883299
Boa Vista;Rua Velha, 79 - Boa Vista;Rua Velha;2;0;3006.98;162377.0;54.0;-8.06447;-34.885572
Boa Vista;Rua Visconde De Goiana, 285 - Boa Vista;Rua Visconde De Goiana;2;0;3094.56;306295.33;99.26;-8.062476;-34.891315
Boa Vista;Rua Visconde De Goiana, 305 - Boa Vista;Rua Visconde De Goiana;2;0;5451.19;227917.44;41.6;-8.062332;-34.891614
Boa Vista;Rua Visconde De Goiana, 316 - Boa Vista;Rua Visconde De Goiana;2;0;4044.14;145508.31;35.98;-8.061925;-34.891125
Boa Vista;Avenida Governador Agamenon Magalhaes, 1318 - Boa Vista;Avenida Governador Agamenon Magalhaes;1;0;15538.43;1027090.06;66.1;-8.051246;-34.894406
Boa Vista;Avenida Governador Agamenon Magalhaes, 143 - Boa Vista;Avenida Governador Agamenon Magalhaes;1;0;7067.42;2934392.55;415.2;-8.05482;-34.896892
Boa Vista;Avenida Montevideu, 103 - Boa Vista;Avenida Montevideu;1;0;6535.38;2854719.05;436.81;-8.050857;-34.893859
Boa Vista;Avenida Montevideu, 172 - Boa Vista;Avenida Montevideu;1;0;7936.56;341192.89;42.99;-8.050646;-34.893218
Boa Vista;Rua Capitao Ruy Lucena, 101 - Boa Vista;Rua Capitao Ruy Lucena;1;0;4052.95;1344240.78;331.67;-8.057017;-34.894105
Boa Vista;Rua Carlos Porto Carreiro, 61 - Boa Vista;Rua Carlos Porto Carreiro;1;0;10053.88;314384.94;31.27;-8.055883;-34.897196
Boa Vista;Rua Carlos Porto Carreiro, 65 - Boa Vista;Rua Carlos Porto Carreiro;1;0;19392.67;5396593.29;278.28;-8.055564;-34.896322
Boa Vista;Rua Da Alegria, 172 - Boa Vista;Rua Da Alegria;1;0;2374.03;239682.53;100.96;-8.063242;-34.887413
Boa Vista;Rua Da Alegria, 190 - Boa Vista;Rua Da Alegria;1;0;2039.68;182102.48;89.28;-8.063134;-34.887496
Boa Vista;Rua Da Alegria, 250 - Boa Vista;Rua Da Alegria;1;0;2236.85;452402.71;202.25;-8.062778;-34.887974
Boa Vista;Rua Da Gloria, 243 - Boa Vista;Rua Da Gloria;1;1;1489.26;146438.69;98.33;-8.064341;-34.886691
Boa Vista;Rua Da Gloria, 252 - Boa Vista;Rua Da Gloria;1;0;1951.53;276336.32;141.6;-8.063993;-34.886768
Boa Vista;Rua Da Gloria, 286 - Boa Vista;Rua Da Gloria;1;0;1285.95;352350.25;274.0;-8.063975;-34.887076
Boa Vista;Rua Da Gloria, 297 - Boa Vista;Rua Da Gloria;1;0;2263.21;258458.3;114.2;-8.0643;-34.887188
Boa Vista;Rua Da Gloria, 354 - Boa Vista;Rua Da Gloria;1;0;2744.95;384292.34;140.0;-8.063942;-34.887673
Boa Vista;Rua Da Gloria, 417 - Boa Vista;Rua Da Gloria;1;0;0.01;1.38;117.0;-8.064302;-34.888313
Boa Vista;Rua Da Gloria, 427 - Boa Vista;Rua Da Gloria;1;0;3416.11;429746.14;125.8;-8.064292;-34.888401
Boa Vista;Rua Da Gloria, 448 - Boa Vista;Rua Da Gloria;1;0;2687.67;313329.07;116.58;-8.063872;-34.888543
Boa Vista;Rua Da Gloria, 485 - Boa Vista;Rua Da Gloria;1;0;5837.46;745560.76;127.72;-8.064143;-34.888953
Boa Vista;Rua Da Matriz, 44 - Boa Vista;Rua Da Matriz;1;0;2817.51;304403.52;108.04;-8.063013;-34.885672
Boa Vista;Rua Da Matriz, 98 - Boa Vista;Rua Da Matriz;1;1;0.01;1.75;140.0;-8.063515;-34.885804
Boa Vista;Rua Das Ninfas, 65 - Boa Vista;Rua Das Ninfas;1;0;12073.28;22724080.92;1882.18;-8.059924;-34.891907
Boa Vista;Rua Desembargador Cunha Barreto, 29 - Boa Vista;Rua Desembargador Cunha Barreto;1;0;1810.46;173803.7;96.0;-8.063535;-34.886858
Boa Vista;Rua Desembargador Roderick Galvao, 197 - Boa Vista;Rua Desembargador Roderick Galvao;1;0;4730.9;200589.98;42.4;-8.062525;-34.892551
Boa Vista;Rua Do Giriquiti, 179 - Boa Vista;Rua Do Giriquiti;1;0;7282.69;781359.68;107.29;-8.059806;-34.888557
Boa Vista;Rua Do Giriquiti, 18 - Boa Vista;Rua Do Giriquiti;1;0;2787.1;229963.48;82.51;-8.060348;-34.887071
Boa Vista;Rua Do Giriquiti, 195 - Boa Vista;Rua Do Giriquiti;1;0;5489.58;974509.88;177.52;-8.059749;-34.888654
Boa Vista;Rua Do Hospicio, 120 - Boa Vista;Rua Do Hospicio;1;0;2941.04;3543954.44;1205.0;-8.06203;-34.884229
Boa Vista;Rua Do Hospicio, 171 - Boa Vista;Rua Do Hospicio;1;0;3105.22;1873754.71;603.42;-8.061273;-34.88447
Boa Vista;Rua Do Hospicio, 179 - Boa Vista;Rua Do Hospicio;1;0;3929.26;785851.81;200.0;-8.061217;-34.884437
Boa Vista;Rua Do Hospicio, 186 - Boa Vista;Rua Do Hospicio;1;0;4590.23;927363.48;202.03;-8.061331;-34.88399
Boa Vista;Rua Do Hospicio, 213 - Boa Vista;Rua Do Hospicio;1;0;34548.58;2609109.1;75.52;-8.060939;-34.884339
Boa Vista;Rua Do Hospicio, 313 - Boa Vista;Rua Do Hospicio;1;0;4728.91;2346624.67;496.23;-8.060163;-34.88421
Boa Vista;Rua Dom Bosco, 1299 - Boa Vista;Rua Dom Bosco;1;0;4622.01;8521592.31;1843.7;-8.0548;-34.896269
Boa Vista;Rua Dom Bosco, 551 - Boa Vista;Rua Dom Bosco;1;1;6013.69;142334938.38;23668.5;-8.055774;-34.895715
Boa Vista;Rua Dos Medicis, 30 - Boa Vista;Rua Dos Medicis;1;1;4891.62;240618.97;49.19;-8.059306;-34.892766
Boa Vista;Rua Gervasio Pires, 94 - Boa Vista;Rua Gervasio Pires;1;0;3790.03;200985.5;53.03;-8.061338;-34.887367
Boa Vista;Rua Henrique Dias, 271 - Boa Vista;Rua Henrique Dias;1;0;4184.0;1313022.91;313.82;-8.058976;-34.896964
Boa Vista;Rua Henrique Dias, 281 - Boa Vista;Rua Henrique Dias;1;0;3370.57;1388033.86;411.81;-8.058976;-34.897094
Boa Vista;Rua Henrique Dias, 292 - Boa Vista;Rua Henrique Dias;1;0;13007.76;1044262.7;80.28;-8.058654;-34.897178
Boa Vista;Rua Joao Fernandes Vieira, 331 - Boa Vista;Rua Joao Fernandes Vieira;1;0;4039.55;817605.67;202.4;-8.053726;-34.892063
Boa Vista;Rua Joao Fernandes Vieira, 367 - Boa Vista;Rua Joao Fernandes Vieira;1;1;3112.41;314384.94;101.01;-8.053444;-34.892391
Boa Vista;Rua Jose De Alencar, 522 - Boa Vista;Rua Jose De Alencar;1;0;4312.21;158689.23;36.8;-8.062969;-34.890136
Boa Vista;Rua Mario Domingues, 119 - Boa Vista;Rua Mario Domingues;1;0;6199.71;2887513.8;465.75;-8.060101;-34.896504
Boa Vista;Rua Mario Domingues, 57 - Boa Vista;Rua Mario Domingues;1;0;6252.6;2213419.86;354.0;-8.060522;-34.896148
Boa Vista;Rua Mario Domingues, 63 - Boa Vista;Rua Mario Domingues;1;0;9883.37;2212490.75;223.86;-8.060443;-34.89622
Boa Vista;Rua Mario Domingues, 86 - Boa Vista;Rua Mario Domingues;1;0;5624.48;2472914.76;439.67;-8.059943;-34.896064
Boa Vista;Rua Martins Junior, 38 - Boa Vista;Rua Martins Junior;1;0;3544.3;528525.37;149.12;-8.062182;-34.883935
Boa Vista;Rua Martins Junior, 48 - Boa Vista;Rua Martins Junior;1;0;6336.36;193385.76;30.52;-8.062096;-34.884248
Boa Vista;Rua Paissandu, 78 - Boa Vista;Rua Paissandu;1;0;3348.21;240000.0;71.68;-8.059674;-34.89487
Boa Vista;Rua Princesa Isabel, 83 - Boa Vista;Rua Princesa Isabel;1;0;5646.33;411560.71;72.89;-8.059289;-34.880789
Boa Vista;Rua Sete De Setembro, 128 - Boa Vista;Rua Sete De Setembro;1;0;3725.72;17623563.75;4730.25;-8.062026;-34.88339
Boa Vista;Rua Sete De Setembro, 328 - Boa Vista;Rua Sete De Setembro;1;0;3876.75;130917.76;33.77;-8.061556;-34.883299
Boa Vista;Rua Sete De Setembro, 345 - Boa Vista;Rua Sete De Setembro;1;1;6158.16;521411.1;84.67;-8.061556;-34.883299
Boa Vista;Rua Sete De Setembro, 85 - Boa Vista;Rua Sete De Setembro;1;1;5716.61;161665.67;28.28;-8.062309;-34.883789
Boa Vista;Rua Sete De Setembro, 87 - Boa Vista;Rua Sete De Setembro;1;0;9296.7;1112814.91;119.7;-8.062259;-34.88377
Boa Vista;Rua Sete De Setembro, 88 - Boa Vista;Rua Sete De Setembro;1;0;8930.34;394364.01;44.16;-8.062372;-34.883488
Boa Vista;Rua Sete De Setembro, 93 - Boa Vista;Rua Sete De Setembro;1;0;9394.7;1124545.48;119.7;-8.062203;-34.883753
Boa Vista;Rua Velha, 21 - Boa Vista;Rua Velha;1;0;722.64;112789.06;156.08;-8.06483;-34.885437
Boa Vista;Rua Velha, 252 - Boa Vista;Rua Velha;1;0;2507.04;251707.21;100.4;-8.063199;-34.886623
Boa Vista;Rua Velha, 290 - Boa Vista;Rua Velha;1;0;2744.06;256404.56;93.44;-8.062974;-34.886864
Boa Vista;Rua Velha, 297 - Boa Vista;Rua Velha;1;0;3152.59;380644.22;120.74;-8.063207;-34.887115
Boa Vista;Rua Velha, 300 - Boa Vista;Rua Velha;1;0;3339.88;331316.43;99.2;-8.062915;-34.886907
Boa Vista;Rua Velha, 303 - Boa Vista;Rua Velha;1;0;3389.76;315993.85;93.22;-8.063174;-34.887147
Boa Vista;Rua Velha, 338 - Boa Vista;Rua Velha;1;0;3262.69;344539.66;105.6;-8.062681;-34.887169
Boa Vista;Rua Velha, 368 - Boa Vista;Rua Velha;1;0;3830.14;350457.78;91.5;-8.06249;-34.887394
Boa Vista;Rua Visconde De Goiana, 102 - Boa Vista;Rua Visconde De Goiana;1;0;2787.7;315706.62;113.25;-8.06323;-34.889769
Boa Vista;Rua Visconde De Goiana, 110 - Boa Vista;Rua Visconde De Goiana;1;0;1335.55;196993.53;147.5;-8.063189;-34.889832
Boa Vista;Rua Visconde De Goiana, 176 - Boa Vista;Rua Visconde De Goiana;1;0;7552.63;1351920.2;179.0;-8.062707;-34.890232
Boa Vista;Rua Visconde De Goiana, 184 - Boa Vista;Rua Visconde De Goiana;1;0;2595.72;234134.0;90.2;-8.062752;-34.890379
Boa Vista;Rua Visconde De Goiana, 186 - Boa Vista;Rua Visconde De Goiana;1;0;3897.06;604200.39;155.04;-8.062752;-34.890379
Boa Vista;Rua Visconde De Goiana, 23 - Boa Vista;Rua Visconde De Goiana;1;0;3717.54;454655.59;122.3;-8.063817;-34.889347
Boa Vista;Rua Visconde De Goiana, 319 - Boa Vista;Rua Visconde De Goiana;1;0;1338.14;92599.08;69.2;-8.062181;-34.89148
Boa Vista;Rua Visconde De Goiana, 323 - Boa Vista;Rua Visconde De Goiana;1;1;1890.71;130648.03;69.1;-8.062156;-34.891501
Boa Vista;Rua Visconde De Goiana, 336 - Boa Vista;Rua Visconde De Goiana;1;1;6602.16;761228.68;115.3;-8.061757;-34.89129
Boa Vista;Rua Visconde De Goiana, 395 - Boa Vista;Rua Visconde De Goiana;1;0;9885.44;715804.77;72.41;-8.061688;-34.892092
Bomba Do Hemeterio;Rua Doutor Jose Correia Xavier Gaiao, 135 - Bomba Do Hemeterio;Rua Doutor Jose Correia Xavier Gaiao;14;4;1086.96;37836.85;34.81;-8.024206;-34.899204
Bomba Do Hemeterio;Rua Jacob, 140 - Bomba Do Hemeterio;Rua Jacob;2;2;4175.93;391994.63;93.87;-8.024206;-34.899204
Bomba Do Hemeterio;Rua Arlindo Cisneiros, 85 - Bomba Do Hemeterio;Rua Arlindo Cisneiros;1;0;5118.52;409481.58;80.0;-8.024206;-34.899204
Bomba Do Hemeterio;Rua Bomba Do Hemeterio, 54 - Bomba Do Hemeterio;Rua Bomba Do Hemeterio;1;1;19644.38;614279.81;31.27;-8.024206;-34.899204
Bomba Do Hemeterio;Rua Bomba Do Hemeterio, 700 - Bomba Do Hemeterio;Rua Bomba Do Hemeterio;1;0;6268.23;3745771.17;597.58;-8.024206;-34.899204
Bomba Do Hemeterio;Rua Bomba Do Hemeterio, 743 - Bomba Do Hemeterio;Rua Bomba Do Hemeterio;1;0;13773.16;661111.61;48.0;-8.024206;-34.899204
Bomba Do Hemeterio;Rua Esmeraldas, 90 - Bomba Do Hemeterio;Rua Esmeraldas;1;0;7921.73;293103.98;37.0;-8.024206;-34.899204
Bomba Do Hemeterio;Rua Jacyara, 195 - Bomba Do Hemeterio;Rua Jacyara;1;0;2619.01;253467.95;96.78;-8.024206;-34.899204
Bomba Do Hemeterio;Rua Professor Manuel Torres, 496 - Bomba Do Hemeterio;Rua Professor Manuel Torres;1;1;4791.75;402507.39;84.0;-8.024206;-34.899204
Bongi;Estrada Do Bongi Armando Da Fonte, 1155 - Bongi;Estrada Do Bongi Armando Da Fonte;9;4;3481.68;282646.81;81.37;-8.064306;-34.917908
Bongi;Estrada Do Bongi Armando Da Fonte, 535 - Bongi;Estrada Do Bongi Armando Da Fonte;9;7;7254.17;443204.22;61.1;-8.066864;-34.913353
Bongi;Rua Isaac Markman, 406 - Bongi;Rua Isaac Markman;5;2;3469.27;281819.74;82.49;-8.064817;-34.920231
Bongi;Rua Umburanas, 40 - Bongi;Rua Umburanas;4;0;4764.65;321445.85;67.46;-8.062834;-34.920188
Bongi;Rua Alexandre Padilha, 25 - Bongi;Rua Alexandre Padilha;3;2;2976.38;356085.71;119.65;-8.06499;-34.917006
Bongi;Rua Pericles Santos, 74 - Bongi;Rua Pericles Santos;3;2;1639.08;126044.96;76.9;-8.065865;-34.915526
Bongi;Rua Isaac Markman, 207 - Bongi;Rua Isaac Markman;2;2;4139.3;909861.21;219.81;-8.065335;-34.919259
Bongi;Estrada Do Bongi Armando Da Fonte, 1235 - Bongi;Estrada Do Bongi Armando Da Fonte;1;0;3185.42;173446.04;54.45;-8.063692;-34.918435
Bongi;Rua Alexandre Padilha, 164 - Bongi;Rua Alexandre Padilha;1;0;4174.53;597375.42;143.1;-8.06499;-34.917006
Bongi;Rua Alexandre Padilha, 212 - Bongi;Rua Alexandre Padilha;1;0;4710.98;705469.92;149.75;-8.06499;-34.917006
Bongi;Rua Doutor Joao Costa, 60 - Bongi;Rua Doutor Joao Costa;1;0;2723.05;457608.49;168.05;-8.067505;-34.922438
Bongi;Rua Isaac Markman, 175 - Bongi;Rua Isaac Markman;1;0;3848.3;804140.21;208.96;-8.064817;-34.920231
Bongi;Rua Isaac Markman, 187 - Bongi;Rua Isaac Markman;1;0;2931.82;940000.0;320.62;-8.064817;-34.920231
Bongi;Rua Isaac Markman, 234 - Bongi;Rua Isaac Markman;1;0;2325.62;707848.98;304.37;-8.065132;-34.918734
Bongi;Rua Isaac Markman, 239 - Bongi;Rua Isaac Markman;1;0;4017.8;300210.0;74.72;-8.065166;-34.919505
Bongi;Rua Isaac Markman, 259 - Bongi;Rua Isaac Markman;1;0;3577.78;665717.33;186.07;-8.06511;-34.919748
Bongi;Rua Isaac Markman, 260 - Bongi;Rua Isaac Markman;1;0;4840.95;950182.39;196.28;-8.064772;-34.919672
Bongi;Rua Isaac Markman, 502 - Bongi;Rua Isaac Markman;1;0;3238.16;249014.81;76.9;-8.064817;-34.920231
Bongi;Rua Isaac Markman, 85 - Bongi;Rua Isaac Markman;1;0;3158.56;442198.78;140.0;-8.064817;-34.920231
Brasilia Teimosa;Rua Brazopolis, 60 - Brasilia Teimosa;Rua Brazopolis;2;2;2880.84;207650.68;72.08;-8.083097;-34.877582
Brasilia Teimosa;Rua Serra, 51 - Brasilia Teimosa;Rua Serra;2;0;3344.22;150105.0;54.78;-8.083097;-34.877582
Brasilia Teimosa;Rua Doutor Henrique Lins, 175 - Brasilia Teimosa;Rua Doutor Henrique Lins;1;0;0.02;1.76;102.75;-8.083097;-34.877582
Brasilia Teimosa;Rua Estrela Do Mar, 371 - Brasilia Teimosa;Rua Estrela Do Mar;1;0;9526.8;92886.32;9.75;-8.083097;-34.877582
Brasilia Teimosa;Rua Marechal Hermes, 147 - Brasilia Teimosa;Rua Marechal Hermes;1;0;3935.69;216463.13;55.0;-8.083097;-34.877582
Brasilia Teimosa;Rua Serra, 155 - Brasilia Teimosa;Rua Serra;1;0;3289.39;111016.85;33.75;-8.083097;-34.877582
Brejo Da Guabiraba;Rua Alexandrina, 86 - Brejo Da Guabiraba;Rua Alexandrina;1;0;1807.14;165895.8;91.8;-8.0578;-34.8829
Brejo De Beberibe;Rua Agrolandia, 34 - Brejo De Beberibe;Rua Agrolandia;1;0;2255.1;117265.42;52.0;-8.0578;-34.8829
Brejo De Beberibe;Rua Teolandia, 603 - Brejo De Beberibe;Rua Teolandia;1;0;2186.73;148457.39;67.89;-8.0578;-34.8829
Brejo De Beberibe;Rua Teolandia, 604 - Brejo De Beberibe;Rua Teolandia;1;0;1615.84;109440.85;67.73;-8.0578;-34.8829
Brejo De Beberibe;Rua Teolandia, 679 - Brejo De Beberibe;Rua Teolandia;1;0;1920.32;140183.11;73.0;-8.0578;-34.8829
Cabanga;Rua Bujari, 129 - Cabanga;Rua Bujari;2;2;3513.04;358329.89;102.0;-8.078198;-34.895133
Cabanga;Rua Bujari, 45 - Cabanga;Rua Bujari;2;2;2368.04;137582.84;58.1;-8.077938;-34.894328
Cabanga;Rua Bituri, 143 - Cabanga;Rua Bituri;1;0;856.5;139978.16;163.43;-8.078469;-34.894081
Cabanga;Rua Bituri, 277 - Cabanga;Rua Bituri;1;0;3654.34;442503.58;121.09;-8.078469;-34.894081
Cabanga;Rua Bujari, 11 - Cabanga;Rua Bujari;1;0;2956.81;371256.82;125.56;-8.077867;-34.894107
Cabanga;Rua Bujari, 46 - Cabanga;Rua Bujari;1;0;2872.67;293012.48;102.0;-8.077761;-34.894466
Cabanga;Rua Bujari, 88 - Cabanga;Rua Bujari;1;0;3137.09;349722.9;111.48;-8.077873;-34.894812
Cajueiro;Rua Sudeste, 168 - Cajueiro;Rua Sudeste;7;4;3469.29;184334.05;53.19;-8.013108;-34.884552
Cajueiro;Rua Couto Soares, 264 - Cajueiro;Rua Couto Soares;3;3;1990.46;809919.15;406.9;-8.013138;-34.886132
Cajueiro;Rua Belo Horizonte, 29 - Cajueiro;Rua Belo Horizonte;2;0;2100.33;212952.28;101.39;-8.008053;-34.886665
Cajueiro;Rua Couto Soares, 202 - Cajueiro;Rua Couto Soares;2;2;3605.72;589535.61;163.5;-8.013702;-34.886971
Cajueiro;Rua Manoel Brandao, 429 - Cajueiro;Rua Manoel Brandao;2;2;3730.28;367805.83;98.6;-8.010102;-34.88346
Cajueiro;Rua Manoel Brandao, 528 - Cajueiro;Rua Manoel Brandao;2;2;3189.44;295247.3;92.57;-8.010921;-34.882914
Cajueiro;Rua Tenente Wanderley, 563 - Cajueiro;Rua Tenente Wanderley;2;2;3795.74;393124.71;103.57;-8.010365;-34.886558
Cajueiro;Rua Adolfo Simoes Barbosa, 183 - Cajueiro;Rua Adolfo Simoes Barbosa;1;0;2822.82;733002.04;259.67;-8.011772;-34.888076
Cajueiro;Rua Adolfo Simoes Barbosa, 314 - Cajueiro;Rua Adolfo Simoes Barbosa;1;0;2356.63;427021.05;181.2;-8.01124;-34.88705
Cajueiro;Rua Adolfo Simoes Barbosa, 368 - Cajueiro;Rua Adolfo Simoes Barbosa;1;0;2769.12;534024.57;192.85;-8.011128;-34.886598
Cajueiro;Rua Adolfo Simoes Barbosa, 715 - Cajueiro;Rua Adolfo Simoes Barbosa;1;0;8140.77;219800.81;27.0;-8.012409;-34.883882
Cajueiro;Rua Adolfo Simoes Barbosa, 771 - Cajueiro;Rua Adolfo Simoes Barbosa;1;0;3866.86;425354.16;110.0;-8.012657;-34.883568
Cajueiro;Rua Barao De Tamandare, 155 - Cajueiro;Rua Barao De Tamandare;1;0;3749.26;560364.14;149.46;-8.010099;-34.88331
Cajueiro;Rua Barao De Tamandare, 71 - Cajueiro;Rua Barao De Tamandare;1;1;4305.35;414131.69;96.19;-8.010559;-34.883697
Cajueiro;Rua Belo Horizonte, 210 - Cajueiro;Rua Belo Horizonte;1;0;2322.37;278683.9;120.0;-8.008053;-34.886665
Cajueiro;Rua Belo Horizonte, 61 - Cajueiro;Rua Belo Horizonte;1;0;3828.69;323026.53;84.37;-8.008053;-34.886665
Cajueiro;Rua Belo Horizonte, 69 - Cajueiro;Rua Belo Horizonte;1;0;4620.31;475475.99;102.91;-8.008053;-34.886665
Cajueiro;Rua Belo Horizonte, 99 - Cajueiro;Rua Belo Horizonte;1;0;3652.19;420732.13;115.2;-8.008053;-34.886665
Cajueiro;Rua Coronel Urbano Ribeiro De Sena, 1075 - Cajueiro;Rua Coronel Urbano Ribeiro De Sena;1;0;3034.08;628358.38;207.1;-8.013324;-34.882916
Cajueiro;Rua Couto Soares, 295 - Cajueiro;Rua Couto Soares;1;0;3518.95;278700.61;79.2;-8.012822;-34.886243
Cajueiro;Rua Couto Soares, 652 - Cajueiro;Rua Couto Soares;1;0;3476.65;318982.62;91.75;-8.013097;-34.883181
Cajueiro;Rua Hercilia De Medeiros, 18 - Cajueiro;Rua Hercilia De Medeiros;1;0;4384.95;312909.96;71.36;-8.009255;-34.884206
Cajueiro;Rua Hercilia De Medeiros, 261 - Cajueiro;Rua Hercilia De Medeiros;1;0;3721.84;375868.96;100.99;-8.01045;-34.882278
Cajueiro;Rua Hercilia De Medeiros, 29 - Cajueiro;Rua Hercilia De Medeiros;1;0;2862.64;301435.49;105.3;-8.009126;-34.88391
Cajueiro;Rua Hercilia De Medeiros, 48 - Cajueiro;Rua Hercilia De Medeiros;1;0;3270.84;250121.0;76.47;-8.00946;-34.883961
Cajueiro;Rua Luiz Clericuzzi, 141 - Cajueiro;Rua Luiz Clericuzzi;1;0;4398.91;384728.36;87.46;-8.011472;-34.885909
Cajueiro;Rua Luiz Clericuzzi, 215 - Cajueiro;Rua Luiz Clericuzzi;1;0;3964.85;472808.76;119.25;-8.010886;-34.885567
Cajueiro;Rua Luiz Clericuzzi, 316 - Cajueiro;Rua Luiz Clericuzzi;1;0;2142.15;298594.39;139.39;-8.010246;-34.884793
Cajueiro;Rua Manoel Brandao, 406 - Cajueiro;Rua Manoel Brandao;1;0;3775.58;340179.6;90.1;-8.010199;-34.883808
Cajueiro;Rua Manoel Brandao, 428 - Cajueiro;Rua Manoel Brandao;1;0;4557.67;525818.78;115.37;-8.010324;-34.883652
Cajueiro;Rua Manoel Brandao, 518 - Cajueiro;Rua Manoel Brandao;1;0;5639.31;439189.66;77.88;-8.010861;-34.88299
Cajueiro;Rua Manoel Brandao, 535 - Cajueiro;Rua Manoel Brandao;1;0;3895.04;380000.0;97.56;-8.010758;-34.882651
Cajueiro;Rua Manoel Brandao, 683 - Cajueiro;Rua Manoel Brandao;1;0;5572.6;454166.71;81.5;-8.011602;-34.881601
Cajueiro;Rua Nadia, 45 - Cajueiro;Rua Nadia;1;0;5413.87;409288.91;75.6;-8.012443;-34.881694
Cajueiro;Rua Tenente Wanderley, 451 - Cajueiro;Rua Tenente Wanderley;1;0;3243.14;446743.14;137.75;-8.010657;-34.887587
Cajueiro;Rua Tenente Wanderley, 541 - Cajueiro;Rua Tenente Wanderley;1;0;2736.02;656645.1;240.0;-8.010375;-34.886771
Cajueiro;Rua Tenente Wanderley, 675 - Cajueiro;Rua Tenente Wanderley;1;0;6788.52;570236.02;84.0;-8.01044;-34.886869
Cajueiro;Rua Virgilio De Melo Franco, 124 - Cajueiro;Rua Virgilio De Melo Franco;1;0;2809.21;687807.17;244.84;-8.009634;-34.885734
Campina Do Barreto;Rua Coronel Urbano Ribeiro De Sena, 1045 - Campina Do Barreto;Rua Coronel Urbano Ribeiro De Sena;43;7;4840.5;274115.52;56.63;-8.013324;-34.882916
Campina Do Barreto;Rua Coronel Urbano Ribeiro De Sena, 990 - Campina Do Barreto;Rua Coronel Urbano Ribeiro De Sena;26;3;4813.38;281655.11;58.56;-8.013324;-34.882916
Campina Do Barreto;Rua Coronel Mario Liborio, 227 - Campina Do Barreto;Rua Coronel Mario Liborio;2;2;2611.66;229825.78;88.0;-8.018262;-34.884501
Campina Do Barreto;Rua Constanca, 786 - Campina Do Barreto;Rua Constanca;1;0;21578.47;794087.68;36.8;-8.016748;-34.883925
Campina Do Barreto;Rua Constanca, 788 - Campina Do Barreto;Rua Constanca;1;0;2457.48;417772.1;170.0;-8.016748;-34.883925
Campina Do Barreto;Rua Garibalde, 132 - Campina Do Barreto;Rua Garibalde;1;1;2755.53;736112.07;267.14;-8.018066;-34.88413
Campina Do Barreto;Rua Garibalde, 164 - Campina Do Barreto;Rua Garibalde;1;0;3804.75;350037.27;92.0;-8.018066;-34.88413
Campina Do Barreto;Rua Garibalde, 183 - Campina Do Barreto;Rua Garibalde;1;0;3479.33;150133.11;43.15;-8.018066;-34.88413
Campina Do Barreto;Rua Nadia, 146 - Campina Do Barreto;Rua Nadia;1;0;3345.38;361300.61;108.0;-8.012443;-34.881694
Campina Do Barreto;Rua Pirangi, 91 - Campina Do Barreto;Rua Pirangi;1;0;4010.32;176454.14;44.0;-8.018262;-34.884501
Campo Grande;Rua Oliveira Fonseca, 351 - Campo Grande;Rua Oliveira Fonseca;77;30;5358.55;319923.94;59.76;-8.027464;-34.880164
Campo Grande;Rua Oliveira Fonseca, 159 - Campo Grande;Rua Oliveira Fonseca;67;43;5620.54;378310.82;67.31;-8.027464;-34.880164
Campo Grande;Rua Hamilton Ribeiro, 92 - Campo Grande;Rua Hamilton Ribeiro;49;29;6561.71;491449.79;74.83;-8.033282;-34.883077
Campo Grande;Rua Francisco Berenguer, 535 - Campo Grande;Rua Francisco Berenguer;44;25;5576.19;284761.8;51.04;-8.028908;-34.886595
Campo Grande;Rua Mario Sete, 176 - Campo Grande;Rua Mario Sete;31;22;6121.29;460688.26;75.26;-8.030643;-34.880314
Campo Grande;Rua Odorico Mendes, 100 - Campo Grande;Rua Odorico Mendes;23;7;1203.25;62136.14;51.64;-8.033352;-34.88172
Campo Grande;Rua Goncalves Dias, 179 - Campo Grande;Rua Goncalves Dias;22;10;5092.75;346235.22;67.99;-8.033187;-34.877845
Campo Grande;Estrada De Belem, 1000 - Campo Grande;Estrada De Belem;19;0;7295.17;597223.71;81.86;-8.034427;-34.886061
Campo Grande;Rua Manuel De Barros Lima, 173 - Campo Grande;Rua Manuel De Barros Lima;18;9;6700.05;553838.77;82.65;-8.031115;-34.87987
Campo Grande;Rua Visconde De Cairu, 207 - Campo Grande;Rua Visconde De Cairu;18;0;6642.05;374040.98;56.29;-8.034055;-34.881947
Campo Grande;Rua Manuel De Barros Lima, 153 - Campo Grande;Rua Manuel De Barros Lima;17;9;4899.57;361510.5;73.77;-8.031144;-34.880087
Campo Grande;Rua Jonas Guerra, 95 - Campo Grande;Rua Jonas Guerra;13;8;4348.28;292291.56;67.22;-8.027922;-34.879095
Campo Grande;Rua Prudente De Moraes, 68 - Campo Grande;Rua Prudente De Moraes;11;2;5672.74;446552.92;78.72;-8.032337;-34.884599
Campo Grande;Rua Prudente De Moraes, 234 - Campo Grande;Rua Prudente De Moraes;10;7;3480.5;273291.82;78.79;-8.03098;-34.885434
Campo Grande;Rua Dom Joao Costa, 295 - Campo Grande;Rua Dom Joao Costa;9;8;9270.26;1607555.72;173.41;-8.038504;-34.883138
Campo Grande;Rua Tenente Guimaraes, 474 - Campo Grande;Rua Tenente Guimaraes;8;4;4445.07;268239.33;60.35;-8.0279;-34.878694
Campo Grande;Rua Visconde De Cairu, 15 - Campo Grande;Rua Visconde De Cairu;8;4;6478.36;394661.8;60.92;-8.034557;-34.882928
Campo Grande;Rua Marques De Abrantes, 440 - Campo Grande;Rua Marques De Abrantes;6;3;5078.99;448844.92;88.37;-8.030788;-34.88136
Campo Grande;Rua Manuel De Barros Lima, 154 - Campo Grande;Rua Manuel De Barros Lima;5;3;4898.62;324702.57;67.02;-8.031625;-34.879963
Campo Grande;Rua Marques De Abrantes, 855 - Campo Grande;Rua Marques De Abrantes;5;4;4201.17;307735.38;73.25;-8.029991;-34.878126
Campo Grande;Rua Oliveira Fonseca, 350 - Campo Grande;Rua Oliveira Fonseca;5;2;4443.19;324886.14;73.12;-8.028071;-34.879827
Campo Grande;Rua Barao De Vera Cruz, 236 - Campo Grande;Rua Barao De Vera Cruz;4;0;4436.79;451052.94;101.85;-8.030337;-34.884041
Campo Grande;Rua Osorio De Almeida, 118 - Campo Grande;Rua Osorio De Almeida;4;4;6149.23;258267.72;42.0;-8.03105;-34.881866
Campo Grande;Rua Voluntarios Da Patria, 71 - Campo Grande;Rua Voluntarios Da Patria;4;1;5367.4;444120.88;82.72;-8.031627;-34.883073
Campo Grande;Rua Jonas Guerra, 45 - Campo Grande;Rua Jonas Guerra;3;1;4128.92;333186.16;80.43;-8.028021;-34.879578
Campo Grande;Rua Jornalista Aristofanes Trindade, 115 - Campo Grande;Rua Jornalista Aristofanes Trindade;3;3;3842.01;242046.88;63.0;-8.0256;-34.882347
Campo Grande;Rua Alice Gomes, 476 - Campo Grande;Rua Alice Gomes;2;2;28729.54;642105.22;22.35;-8.031176;-34.881082
Campo Grande;Rua Cristovao Jaques, 81 - Campo Grande;Rua Cristovao Jaques;2;2;3464.1;364769.66;105.3;-8.034073;-34.884642
Campo Grande;Rua Francisco Berenguer, 249 - Campo Grande;Rua Francisco Berenguer;2;0;2713.66;313409.46;115.72;-8.028817;-34.886912
Campo Grande;Rua Francisco Berenguer, 488 - Campo Grande;Rua Francisco Berenguer;2;2;6144.42;556684.14;90.6;-8.027977;-34.884785
Campo Grande;Rua Hamilton Ribeiro, 58 - Campo Grande;Rua Hamilton Ribeiro;2;2;1702.53;608296.78;357.29;-8.033061;-34.883308
Campo Grande;Rua Mario Sete, 297 - Campo Grande;Rua Mario Sete;2;2;2920.76;584531.68;200.13;-8.029619;-34.880828
Campo Grande;Rua Marques De Abrantes, 90 - Campo Grande;Rua Marques De Abrantes;2;0;3701.04;427074.31;116.12;-8.0319;-34.884517
Campo Grande;Rua Prudente De Moraes, 436 - Campo Grande;Rua Prudente De Moraes;2;2;3429.73;182221.47;53.13;-8.029587;-34.886593
Campo Grande;Rua Prudente De Moraes, 92 - Campo Grande;Rua Prudente De Moraes;2;2;3174.26;1052840.79;331.68;-8.032146;-34.884717
Campo Grande;Rua Sao Felix, 60 - Campo Grande;Rua Sao Felix;2;2;6485.08;1207522.18;186.2;-8.032906;-34.879383
Campo Grande;Rua Tenente Agripino, 56 - Campo Grande;Rua Tenente Agripino;2;0;2956.9;249088.75;84.24;-8.029044;-34.882732
Campo Grande;Rua Tenente Guimaraes, 91 - Campo Grande;Rua Tenente Guimaraes;2;2;3093.8;372648.46;120.45;-8.031324;-34.878508
Campo Grande;Rua Visconde De Cairu, 59 - Campo Grande;Rua Visconde De Cairu;2;2;2991.64;743002.36;248.36;-8.033303;-34.880571
Campo Grande;Rua Visconde De Cairu, 77 - Campo Grande;Rua Visconde De Cairu;2;2;3407.24;852933.7;250.33;-8.033268;-34.880393
Campo Grande;Rua Alderico Pereira Rego, 117 - Campo Grande;Rua Alderico Pereira Rego;1;0;3691.67;359125.34;97.28;-8.029304;-34.886438
Campo Grande;Rua Alderico Pereira Rego, 75 - Campo Grande;Rua Alderico Pereira Rego;1;0;2566.14;335086.64;130.58;-8.029637;-34.886314
Campo Grande;Rua Coronel Bento Magalhaes, 95 - Campo Grande;Rua Coronel Bento Magalhaes;1;0;1595.36;944196.79;591.84;-8.032928;-34.876174
Campo Grande;Rua Cristovao Jaques, 215 - Campo Grande;Rua Cristovao Jaques;1;0;2324.94;916304.99;394.12;-8.034938;-34.883761
Campo Grande;Rua Doutor Machado, 645 - Campo Grande;Rua Doutor Machado;1;1;88.19;5745.34;65.15;-8.028708;-34.880378
Campo Grande;Rua Esberard, 32 - Campo Grande;Rua Esberard;1;0;1521.79;277802.82;182.55;-8.035252;-34.875768
Campo Grande;Rua Francisco Berenguer, 248 - Campo Grande;Rua Francisco Berenguer;1;0;4265.89;238889.94;56.0;-8.029135;-34.886635
Campo Grande;Rua Francisco Berenguer, 552 - Campo Grande;Rua Francisco Berenguer;1;0;4824.76;551663.11;114.34;-8.02779;-34.884296
Campo Grande;Rua Hamilton Ribeiro, 70 - Campo Grande;Rua Hamilton Ribeiro;1;0;1736.21;723601.11;416.77;-8.033151;-34.883214
Campo Grande;Rua Jeronimo Vilela, 272 - Campo Grande;Rua Jeronimo Vilela;1;1;4269.73;214383.32;50.21;-8.029738;-34.88143
Campo Grande;Rua Manuel De Barros Lima, 212 - Campo Grande;Rua Manuel De Barros Lima;1;0;4248.67;1376526.67;323.99;-8.031542;-34.879476
Campo Grande;Rua Manuel De Barros Lima, 237 - Campo Grande;Rua Manuel De Barros Lima;1;0;4988.92;608648.19;122.0;-8.031115;-34.879302
Campo Grande;Rua Manuel De Barros Lima, 244 - Campo Grande;Rua Manuel De Barros Lima;1;0;4699.56;614279.81;130.71;-8.031397;-34.879152
Campo Grande;Rua Manuel De Barros Lima, 257 - Campo Grande;Rua Manuel De Barros Lima;1;0;6206.25;573706.15;92.44;-8.031087;-34.879124
Campo Grande;Rua Manuel De Barros Lima, 57 - Campo Grande;Rua Manuel De Barros Lima;1;0;3319.58;265433.27;79.96;-8.031262;-34.880959
Campo Grande;Rua Marechal Deodoro, 570 - Campo Grande;Rua Marechal Deodoro;1;0;5824.48;979328.14;168.14;-8.037413;-34.884926
Campo Grande;Rua Marechal Deodoro, 580 - Campo Grande;Rua Marechal Deodoro;1;0;1675.3;501720.09;299.48;-8.037413;-34.884926
Campo Grande;Rua Marechal Deodoro, 700 - Campo Grande;Rua Marechal Deodoro;1;0;3774.42;901785.45;238.92;-8.035609;-34.882721
Campo Grande;Rua Mario Sete, -1 - Campo Grande;Rua Mario Sete;1;0;4896.92;420939.04;85.96;-8.025814;-34.881404
Campo Grande;Rua Mario Sete, 149 - Campo Grande;Rua Mario Sete;1;0;3971.97;788316.6;198.47;-8.030988;-34.880675
Campo Grande;Rua Mario Sete, 330 - Campo Grande;Rua Mario Sete;1;1;3449.9;325325.68;94.3;-8.02923;-34.880461
Campo Grande;Rua Marques De Abrantes, 301 - Campo Grande;Rua Marques De Abrantes;1;0;3956.84;607216.8;153.46;-8.030763;-34.882701
Campo Grande;Rua N S Da Gloria, 161 - Campo Grande;Rua N S Da Gloria;1;0;1955.61;334975.84;171.29;-8.033646;-34.878262
Campo Grande;Rua Oliveira Fonseca, 144 - Campo Grande;Rua Oliveira Fonseca;1;0;3512.04;482484.12;137.38;-8.030002;-34.879595
Campo Grande;Rua Oliveira Fonseca, 161 - Campo Grande;Rua Oliveira Fonseca;1;0;5028.16;838396.23;166.74;-8.029935;-34.879992
Campo Grande;Rua Oliveira Fonseca, 171 - Campo Grande;Rua Oliveira Fonseca;1;0;7469.65;968813.42;129.7;-8.029827;-34.880009
Campo Grande;Rua Oliveira Fonseca, 185 - Campo Grande;Rua Oliveira Fonseca;1;0;1821.19;465769.57;255.75;-8.029652;-34.880032
Campo Grande;Rua Osorio De Almeida, 122 - Campo Grande;Rua Osorio De Almeida;1;0;8999.67;386535.83;42.95;-8.030998;-34.881875
Campo Grande;Rua Pereira Passos, 175 - Campo Grande;Rua Pereira Passos;1;0;3240.87;506677.9;156.34;-8.036891;-34.879047
Campo Grande;Rua Pereira Passos, 181 - Campo Grande;Rua Pereira Passos;1;0;4840.64;577004.07;119.2;-8.036963;-34.879033
Campo Grande;Rua Professor Francisco Da Trindade, 43 - Campo Grande;Rua Professor Francisco Da Trindade;1;0;4597.13;242498.5;52.75;-8.035136;-34.880216
Campo Grande;Rua Professor Francisco Da Trindade, 464 - Campo Grande;Rua Professor Francisco Da Trindade;1;0;6658.24;655170.52;98.4;-8.03446;-34.877797
Campo Grande;Rua Professor Francisco Da Trindade, 480 - Campo Grande;Rua Professor Francisco Da Trindade;1;0;3814.42;614122.37;161.0;-8.03446;-34.877797
Campo Grande;Rua Professor Francisco Da Trindade, 574 - Campo Grande;Rua Professor Francisco Da Trindade;1;0;1452.79;65375.73;45.0;-8.034042;-34.875693
Campo Grande;Rua Professor Francisco Da Trindade, 62 - Campo Grande;Rua Professor Francisco Da Trindade;1;0;2206.9;571807.44;259.1;-8.035457;-34.87996
Campo Grande;Rua Professor Francisco Da Trindade, 95 - Campo Grande;Rua Professor Francisco Da Trindade;1;0;2594.45;207556.38;80.0;-8.034965;-34.879798
Campo Grande;Rua Prudente De Moraes, 100 - Campo Grande;Rua Prudente De Moraes;1;0;2285.79;678879.66;297.0;-8.032136;-34.884898
Campo Grande;Rua Prudente De Moraes, 162 - Campo Grande;Rua Prudente De Moraes;1;0;2392.96;201200.44;84.08;-8.031591;-34.885221
Campo Grande;Rua Prudente De Moraes, 222 - Campo Grande;Rua Prudente De Moraes;1;0;2521.86;726447.32;288.06;-8.031102;-34.885409
Campo Grande;Rua Prudente De Moraes, 246 - Campo Grande;Rua Prudente De Moraes;1;0;3868.41;661498.35;171.0;-8.030989;-34.885583
Campo Grande;Rua Prudente De Moraes, 274 - Campo Grande;Rua Prudente De Moraes;1;0;2788.37;817940.29;293.34;-8.030727;-34.885641
Campo Grande;Rua Prudente De Moraes, 474 - Campo Grande;Rua Prudente De Moraes;1;0;1029.71;443712.53;430.91;-8.029284;-34.886783
Campo Grande;Rua Prudente De Moraes, 510 - Campo Grande;Rua Prudente De Moraes;1;0;4001.45;811414.77;202.78;-8.028999;-34.887007
Campo Grande;Rua Prudente De Moraes, 564 - Campo Grande;Rua Prudente De Moraes;1;0;4033.04;439601.62;109.0;-8.028614;-34.887294
Campo Grande;Rua Tenente Guimaraes, 423 - Campo Grande;Rua Tenente Guimaraes;1;0;5099.83;396562.4;77.76;-8.028379;-34.878962
Campo Grande;Rua Tenente Guimaraes, 745 - Campo Grande;Rua Tenente Guimaraes;1;1;2273.36;175367.28;77.14;-8.026885;-34.879261
Campo Grande;Rua Tenente Guimaraes, 809 - Campo Grande;Rua Tenente Guimaraes;1;0;2663.68;230514.73;86.54;-8.026231;-34.879351
Campo Grande;Rua Uniao Dos Palmares, 60 - Campo Grande;Rua Uniao Dos Palmares;1;0;1883.5;287515.64;152.65;-8.025357;-34.876232
Campo Grande;Rua Visconde De Cairu, 115 - Campo Grande;Rua Visconde De Cairu;1;0;2632.38;418232.15;158.88;-8.033803;-34.881711
Campo Grande;Rua Visconde De Cairu, 251 - Campo Grande;Rua Visconde De Cairu;1;0;3494.77;684275.14;195.8;-8.033367;-34.8802
Casa Amarela;Rua Da Harmonia, 305 - Casa Amarela;Rua Da Harmonia;163;97;7504.78;484758.84;64.78;-8.026675;-34.913132
Casa Amarela;Rua Desembargador Motta Junior, 54 - Casa Amarela;Rua Desembargador Motta Junior;135;63;6297.36;629931.98;100.03;-8.026147;-34.910414
Casa Amarela;Rua Conselheiro Nabuco, 210 - Casa Amarela;Rua Conselheiro Nabuco;98;47;7733.69;576288.68;74.61;-8.029468;-34.915541
Casa Amarela;Rua Major Nereu Guerra, 297 - Casa Amarela;Rua Major Nereu Guerra;73;12;6470.16;487038.34;75.28;-8.025886;-34.914998
Casa Amarela;Rua Professor Souto Maior, 54 - Casa Amarela;Rua Professor Souto Maior;70;31;7193.21;502146.24;70.05;-8.027301;-34.907572
Casa Amarela;Rua Conselheiro Nabuco, 150 - Casa Amarela;Rua Conselheiro Nabuco;68;31;6827.99;556558.8;81.51;-8.029236;-34.916621
Casa Amarela;Rua Evaristo Da Veiga, 217 - Casa Amarela;Rua Evaristo Da Veiga;53;11;5150.15;273444.74;53.5;-8.02927;-34.914839
Casa Amarela;Rua Desembargador Gois Cavalcante, 154 - Casa Amarela;Rua Desembargador Gois Cavalcante;44;21;8545.83;758832.01;88.8;-8.030887;-34.908584
Casa Amarela;Rua Engenheiro Oscar Ferreira, 329 - Casa Amarela;Rua Engenheiro Oscar Ferreira;44;24;6982.68;343510.48;49.18;-8.028957;-34.922688
Casa Amarela;Rua Evaristo Da Veiga, 146 - Casa Amarela;Rua Evaristo Da Veiga;41;0;7697.29;529970.34;68.71;-8.028779;-34.915015
Casa Amarela;Rua Da Estrela, 52 - Casa Amarela;Rua Da Estrela;39;30;7223.54;365745.26;50.58;-8.030786;-34.908816
Casa Amarela;Rua Evaristo Da Veiga, 166 - Casa Amarela;Rua Evaristo Da Veiga;38;17;5762.7;472324.52;82.03;-8.02859;-34.915298
Casa Amarela;Rua Rodrigues Sete, 90 - Casa Amarela;Rua Rodrigues Sete;38;20;8056.85;529093.31;65.67;-8.028702;-34.907683
Casa Amarela;Rua Conselheiro Nabuco, 360 - Casa Amarela;Rua Conselheiro Nabuco;36;13;7015.66;626007.15;89.18;-8.02898;-34.916801
Casa Amarela;Rua Oscar Pinto, 300 - Casa Amarela;Rua Oscar Pinto;34;7;7816.99;586885.59;75.04;-8.025473;-34.911642
Casa Amarela;Rua Arnoldo Magalhaes, 230 - Casa Amarela;Rua Arnoldo Magalhaes;32;15;7073.48;408043.9;57.7;-8.025798;-34.909052
Casa Amarela;Rua Arnoldo Magalhaes, 22 - Casa Amarela;Rua Arnoldo Magalhaes;30;19;8177.1;705193.26;86.24;-8.028462;-34.909631
Casa Amarela;Rua Arnoldo Magalhaes, 94 - Casa Amarela;Rua Arnoldo Magalhaes;30;12;7696.65;655061.92;85.11;-8.027746;-34.909431
Casa Amarela;Rua Arnoldo Magalhaes, 79 - Casa Amarela;Rua Arnoldo Magalhaes;27;19;6142.45;421841.06;68.68;-8.027433;-34.909406
Casa Amarela;Rua Da Harmonia, 533 - Casa Amarela;Rua Da Harmonia;27;0;5774.01;478352.32;83.66;-8.026947;-34.913407
Casa Amarela;Rua Desembargador Motta Junior, 190 - Casa Amarela;Rua Desembargador Motta Junior;27;0;5752.28;469877.81;81.94;-8.026147;-34.910414
Casa Amarela;Estrada Do Encanamento, 1048 - Casa Amarela;Estrada Do Encanamento;26;13;6487.67;342352.93;52.88;-8.030313;-34.918235
Casa Amarela;Rua Professor Souto Maior, 33 - Casa Amarela;Rua Professor Souto Maior;24;9;6795.34;557065.45;81.27;-8.027838;-34.907396
Casa Amarela;Rua Guimaraes Peixoto, 405 - Casa Amarela;Rua Guimaraes Peixoto;22;8;3681.02;236719.89;64.36;-8.026377;-34.907315
Casa Amarela;Rua Paula Batista, 539 - Casa Amarela;Rua Paula Batista;22;10;7187.53;415942.14;57.87;-8.027318;-34.916209
Casa Amarela;Rua Taquaritinga, 149 - Casa Amarela;Rua Taquaritinga;22;10;6948.72;539995.42;77.72;-8.024903;-34.916596
Casa Amarela;Rua Joao Barbalho, 121 - Casa Amarela;Rua Joao Barbalho;21;4;6553.09;462592.14;70.54;-8.03093;-34.91589
Casa Amarela;Rua Conselheiro Nabuco, 181 - Casa Amarela;Rua Conselheiro Nabuco;20;6;7646.37;1016116.82;132.91;-8.030222;-34.915616
Casa Amarela;Rua Da Estrela, 146 - Casa Amarela;Rua Da Estrela;20;9;6163.3;987421.09;176.92;-8.030094;-34.909501
Casa Amarela;Rua Da Harmonia, 430 - Casa Amarela;Rua Da Harmonia;18;9;3741.62;292343.12;78.06;-8.027611;-34.914139
Casa Amarela;Rua Padre Lemos, 723 - Casa Amarela;Rua Padre Lemos;18;11;2874.27;100110.85;34.83;-8.022267;-34.921167
Casa Amarela;Rua Professor Alvaro Lima, 80 - Casa Amarela;Rua Professor Alvaro Lima;16;2;7987.44;580550.41;72.96;-8.028136;-34.914082
Casa Amarela;Rua Conselheiro Nabuco, 151 - Casa Amarela;Rua Conselheiro Nabuco;15;11;4817.83;986112.92;204.68;-8.030416;-34.915441
Casa Amarela;Rua Evaristo Da Veiga, 255 - Casa Amarela;Rua Evaristo Da Veiga;14;4;7340.91;745552.71;101.52;-8.029516;-34.914919
Casa Amarela;Rua Desembargador Gois Cavalcante, 100 - Casa Amarela;Rua Desembargador Gois Cavalcante;13;8;6940.25;343808.8;49.56;-8.030392;-34.908037
Casa Amarela;Rua Paula Batista, 565 - Casa Amarela;Rua Paula Batista;13;2;4597.99;434506.67;94.44;-8.027539;-34.916263
Casa Amarela;Rua Evaristo Da Veiga, 106 - Casa Amarela;Rua Evaristo Da Veiga;12;7;4403.75;313150.24;71.11;-8.02816;-34.915059
Casa Amarela;Rua Bento Loyola, 70 - Casa Amarela;Rua Bento Loyola;11;6;7877.9;634925.03;80.56;-8.027156;-34.912795
Casa Amarela;Rua Raimundo Freixeira, 203 - Casa Amarela;Rua Raimundo Freixeira;11;8;5110.57;312986.59;61.81;-8.029118;-34.918687
Casa Amarela;Rua Da Harmonia, 480 - Casa Amarela;Rua Da Harmonia;10;6;4559.95;319926.01;70.16;-8.02805;-34.914293
Casa Amarela;Rua Guimaraes Peixoto, 75 - Casa Amarela;Rua Guimaraes Peixoto;10;4;7232.59;355956.99;49.26;-8.029148;-34.907625
Casa Amarela;Estrada Do Arraial, 2823 - Casa Amarela;Estrada Do Arraial;9;4;5691.71;872961.78;153.41;-8.029839;-34.907956
Casa Amarela;Rua Arnoldo Magalhaes, 80 - Casa Amarela;Rua Arnoldo Magalhaes;9;2;8041.58;695274.93;86.46;-8.028095;-34.90953
Casa Amarela;Rua Conselheiro Peretti, 350 - Casa Amarela;Rua Conselheiro Peretti;9;5;5364.32;404361.08;75.35;-8.024351;-34.916842
Casa Amarela;Rua Guimaraes Peixoto, 295 - Casa Amarela;Rua Guimaraes Peixoto;9;4;7562.73;718809.41;95.06;-8.027255;-34.907194
Casa Amarela;Estrada Do Arraial, 3491 - Casa Amarela;Estrada Do Arraial;8;2;6300.44;459734.39;73.28;-8.027865;-34.913636
Casa Amarela;Rua Bento Loyola, 75 - Casa Amarela;Rua Bento Loyola;8;3;8782.92;1227412.6;139.75;-8.027178;-34.912811
Casa Amarela;Rua Rodrigues Sete, 45 - Casa Amarela;Rua Rodrigues Sete;8;5;6560.03;848867.59;129.4;-8.028559;-34.907939
Casa Amarela;Avenida Professor Jose Dos Anjos, 100 - Casa Amarela;Avenida Professor Jose Dos Anjos;7;6;5632.95;316515.49;56.19;-8.026923;-34.908313
Casa Amarela;Rua Conselheiro Nabuco, 571 - Casa Amarela;Rua Conselheiro Nabuco;7;2;7650.01;427251.57;55.86;-8.028295;-34.918742
Casa Amarela;Rua Major Nereu Guerra, 87 - Casa Amarela;Rua Major Nereu Guerra;7;2;4539.7;336134.11;74.05;-8.026207;-34.914238
Casa Amarela;Estrada Do Arraial, 3286 - Casa Amarela;Estrada Do Arraial;6;2;8141.18;155812.49;19.54;-8.027863;-34.911669
Casa Amarela;Rua Da Harmonia, 460 - Casa Amarela;Rua Da Harmonia;6;0;3830.23;302052.19;78.86;-8.027854;-34.914223
Casa Amarela;Rua Doutor Genaro Guimaraes, 221 - Casa Amarela;Rua Doutor Genaro Guimaraes;6;5;8658.82;960003.42;110.87;-8.029354;-34.920196
Casa Amarela;Rua Major Nereu Guerra, 131 - Casa Amarela;Rua Major Nereu Guerra;6;2;3876.5;479367.2;122.13;-8.026011;-34.914581
Casa Amarela;Rua Bela Vista, 231 - Casa Amarela;Rua Bela Vista;5;0;5943.52;403664.29;67.92;-8.027205;-34.911608
Casa Amarela;Rua Conselheiro Nabuco, 271 - Casa Amarela;Rua Conselheiro Nabuco;5;4;5882.52;723269.84;122.95;-8.029891;-34.916374
Casa Amarela;Rua Desembargador Motta Junior, 83 - Casa Amarela;Rua Desembargador Motta Junior;5;2;3956.31;370310.24;93.6;-8.026044;-34.91088
Casa Amarela;Rua Evaristo Da Veiga, 148 - Casa Amarela;Rua Evaristo Da Veiga;5;5;4892.6;1326090.5;271.04;-8.028455;-34.915219
Casa Amarela;Rua Major Nereu Guerra, 307 - Casa Amarela;Rua Major Nereu Guerra;5;4;357111.25;23140808.69;64.8;-8.025616;-34.916166
Casa Amarela;Rua Senador Soares Meireles, 265 - Casa Amarela;Rua Senador Soares Meireles;5;4;2615.83;281460.74;107.44;-8.025153;-34.920306
Casa Amarela;Rua Abel De Sa Bezerra Cavalcanti, 101 - Casa Amarela;Rua Abel De Sa Bezerra Cavalcanti;4;0;3260.65;322995.98;99.05;-8.028093;-34.908802
Casa Amarela;Rua Conselheiro Nabuco, 154 - Casa Amarela;Rua Conselheiro Nabuco;4;4;9999.91;1037290.26;103.73;-8.029905;-34.915146
Casa Amarela;Rua Da Harmonia, 187 - Casa Amarela;Rua Da Harmonia;4;4;3310.18;424395.29;128.53;-8.025395;-34.912964
Casa Amarela;Rua Da Harmonia, 322 - Casa Amarela;Rua Da Harmonia;4;0;3689.71;842307.42;227.59;-8.026498;-34.913947
Casa Amarela;Rua Evaristo Da Veiga, 142 - Casa Amarela;Rua Evaristo Da Veiga;4;4;5849.96;1635531.54;279.58;-8.028365;-34.915188
Casa Amarela;Rua Joao Barbalho, 101 - Casa Amarela;Rua Joao Barbalho;4;4;2584.75;895796.16;346.57;-8.030749;-34.915829
Casa Amarela;Rua Olimpio Tavares, 80 - Casa Amarela;Rua Olimpio Tavares;4;4;4520.66;954129.37;211.06;-8.028359;-34.913501
Casa Amarela;Rua Raimundo Freixeira, 47 - Casa Amarela;Rua Raimundo Freixeira;4;0;7774.14;1177837.71;151.55;-8.029389;-34.918414
Casa Amarela;Estrada Do Arraial, 3574 - Casa Amarela;Estrada Do Arraial;3;0;6568.5;454893.28;69.39;-8.02698;-34.914143
Casa Amarela;Rua Conselheiro Nabuco, 164 - Casa Amarela;Rua Conselheiro Nabuco;3;3;9462.6;1358355.78;143.55;-8.029859;-34.915248
Casa Amarela;Rua Conselheiro Nabuco, 289 - Casa Amarela;Rua Conselheiro Nabuco;3;3;3083.82;722755.79;234.37;-8.029993;-34.916547
Casa Amarela;Rua Da Harmonia, 161 - Casa Amarela;Rua Da Harmonia;3;3;3494.61;778737.47;222.84;-8.025178;-34.912868
Casa Amarela;Rua Da Harmonia, 358 - Casa Amarela;Rua Da Harmonia;3;3;4386.86;1130714.65;257.75;-8.026818;-34.91385
Casa Amarela;Rua Da Harmonia, 370 - Casa Amarela;Rua Da Harmonia;3;3;3031.76;1243323.77;410.1;-8.026928;-34.913887
Casa Amarela;Rua Da Harmonia, 489 - Casa Amarela;Rua Da Harmonia;3;3;2940.52;688669.21;234.2;-8.028089;-34.9138
Casa Amarela;Rua Da Harmonia, 700 - Casa Amarela;Rua Da Harmonia;3;0;3910.98;366067.44;93.6;-8.029801;-34.914884
Casa Amarela;Rua Desembargador Motta Junior, 227 - Casa Amarela;Rua Desembargador Motta Junior;3;0;4026.79;239046.62;58.67;-8.026311;-34.909623
Casa Amarela;Rua Evaristo Da Veiga, 184 - Casa Amarela;Rua Evaristo Da Veiga;3;3;4327.8;1674640.19;386.95;-8.028737;-34.915306
Casa Amarela;Rua Paula Batista, 607 - Casa Amarela;Rua Paula Batista;3;0;3451.72;324644.29;93.33;-8.027798;-34.91637
Casa Amarela;Estrada Do Arraial, 3344 - Casa Amarela;Estrada Do Arraial;2;0;6555.11;151884.69;22.91;-8.027808;-34.912191
Casa Amarela;Estrada Do Arraial, 3455 - Casa Amarela;Estrada Do Arraial;2;1;3731.18;311628.03;83.52;-8.027898;-34.913324
Casa Amarela;Estrada Do Encanamento, 1030 - Casa Amarela;Estrada Do Encanamento;2;2;6040.52;1367211.14;226.34;-8.029988;-34.919245
Casa Amarela;Rua Alexandrino, 61 - Casa Amarela;Rua Alexandrino;2;2;6866.72;357069.06;52.0;-8.025303;-34.92214
Casa Amarela;Rua Arnoldo Magalhaes, 243 - Casa Amarela;Rua Arnoldo Magalhaes;2;0;3519.18;228043.34;64.8;-8.025427;-34.909409
Casa Amarela;Rua Arnoldo Magalhaes, 259 - Casa Amarela;Rua Arnoldo Magalhaes;2;0;5034.09;322081.3;63.98;-8.025278;-34.909368
Casa Amarela;Rua Arnoldo Magalhaes, 400 - Casa Amarela;Rua Arnoldo Magalhaes;2;0;3729.73;415649.66;108.18;-8.025342;-34.90898
Casa Amarela;Rua Conselheiro Nabuco, 142 - Casa Amarela;Rua Conselheiro Nabuco;2;2;7059.83;1142140.03;161.78;-8.029948;-34.915051
Casa Amarela;Rua Conselheiro Nabuco, 306 - Casa Amarela;Rua Conselheiro Nabuco;2;2;3973.06;1061084.32;267.07;-8.029256;-34.916434
Casa Amarela;Rua Conselheiro Nabuco, 363 - Casa Amarela;Rua Conselheiro Nabuco;2;0;4948.65;421093.22;84.84;-8.029504;-34.917112
Casa Amarela;Rua Da Harmonia, 135 - Casa Amarela;Rua Da Harmonia;2;2;6470.67;660655.3;102.1;-8.024876;-34.912618
Casa Amarela;Rua Da Harmonia, 173 - Casa Amarela;Rua Da Harmonia;2;2;3812.04;619572.04;162.53;-8.025304;-34.91291
Casa Amarela;Rua Da Harmonia, 191 - Casa Amarela;Rua Da Harmonia;2;2;2933.06;304920.64;103.96;-8.025476;-34.91299
Casa Amarela;Rua Da Harmonia, 519 - Casa Amarela;Rua Da Harmonia;2;2;3856.94;569361.4;147.62;-8.028356;-34.913893
Casa Amarela;Rua Da Harmonia, 529 - Casa Amarela;Rua Da Harmonia;2;2;5611.49;806595.32;143.74;-8.028442;-34.913919
Casa Amarela;Rua Da Harmonia, 878 - Casa Amarela;Rua Da Harmonia;2;2;2916.39;907143.36;311.05;-8.031333;-34.915341
Casa Amarela;Rua Das Neves, 419 - Casa Amarela;Rua Das Neves;2;2;2671.46;133573.3;50.0;-8.023092;-34.921947
Casa Amarela;Rua Desembargador Abelardo Lima, 34 - Casa Amarela;Rua Desembargador Abelardo Lima;2;2;1554.52;323292.71;207.97;-8.022204;-34.917552
Casa Amarela;Rua Desembargador Motta Junior, 8 - Casa Amarela;Rua Desembargador Motta Junior;2;2;4820.34;992122.69;205.82;-8.026147;-34.910414
Casa Amarela;Rua Doutor Carlos Mavignier, 101 - Casa Amarela;Rua Doutor Carlos Mavignier;2;2;38281.52;2143764.74;56.0;-8.025998;-34.915212
Casa Amarela;Rua Engenheiro Domber, 79 - Casa Amarela;Rua Engenheiro Domber;2;2;3176.62;915628.31;288.24;-8.026076;-34.912405
Casa Amarela;Rua Evaristo Da Veiga, 177 - Casa Amarela;Rua Evaristo Da Veiga;2;2;3944.92;829775.32;210.34;-8.028867;-34.914872
Casa Amarela;Rua Olimpio Tavares, 110 - Casa Amarela;Rua Olimpio Tavares;2;2;1891.8;886874.61;468.8;-8.028622;-34.913572
Casa Amarela;Rua Olimpio Tavares, 113 - Casa Amarela;Rua Olimpio Tavares;2;2;5229.43;1862670.22;356.19;-8.028856;-34.913025
Casa Amarela;Rua Olimpio Tavares, 37 - Casa Amarela;Rua Olimpio Tavares;2;2;2846.97;1062204.74;373.1;-8.02817;-34.912975
Casa Amarela;Rua Paula Batista, 703 - Casa Amarela;Rua Paula Batista;2;2;9333.9;4223964.48;452.54;-8.026907;-34.916078
Casa Amarela;Rua Rodrigues Sete, 55 - Casa Amarela;Rua Rodrigues Sete;2;2;5316.17;1267533.75;238.43;-8.028852;-34.908166
Casa Amarela;Rua Senador Soares Meireles, 194 - Casa Amarela;Rua Senador Soares Meireles;2;2;3036.36;956697.46;315.08;-8.024506;-34.919949
Casa Amarela;Rua Senador Soares Meireles, 47 - Casa Amarela;Rua Senador Soares Meireles;2;2;2606.56;583765.32;223.96;-8.024166;-34.918588
Casa Amarela;Estrada Do Arraial, 2791 - Casa Amarela;Estrada Do Arraial;1;0;4447.39;1376377.86;309.48;-8.029985;-34.907712
Casa Amarela;Estrada Do Arraial, 2812 - Casa Amarela;Estrada Do Arraial;1;0;5322.98;1743168.43;327.48;-8.0295;-34.907625
Casa Amarela;Estrada Do Arraial, 3294 - Casa Amarela;Estrada Do Arraial;1;0;2861.55;1288983.71;450.45;-8.027814;-34.911817
Casa Amarela;Estrada Do Encanamento, 1166 - Casa Amarela;Estrada Do Encanamento;1;0;8066.48;607567.33;75.32;-8.029655;-34.920397
Casa Amarela;Rua Alexandrino, 106 - Casa Amarela;Rua Alexandrino;1;0;2210.89;341781.75;154.59;-8.025705;-34.92181
Casa Amarela;Rua Alexandrino, 107 - Casa Amarela;Rua Alexandrino;1;0;3228.67;364032.5;112.75;-8.025657;-34.92224
Casa Amarela;Rua Alexandrino, 151 - Casa Amarela;Rua Alexandrino;1;0;2748.06;142899.11;52.0;-8.025188;-34.922226
Casa Amarela;Rua Alexandrino, 217 - Casa Amarela;Rua Alexandrino;1;0;1425.97;161904.99;113.54;-8.024662;-34.922283
Casa Amarela;Rua Alexandrino, 45 - Casa Amarela;Rua Alexandrino;1;0;3104.78;195135.48;62.85;-8.025303;-34.92214
Casa Amarela;Rua Bela Vista, 194 - Casa Amarela;Rua Bela Vista;1;0;3181.38;687240.76;216.02;-8.025832;-34.911859
Casa Amarela;Rua Bonito De Santa Fe, 175 - Casa Amarela;Rua Bonito De Santa Fe;1;0;1715.1;686179.19;400.08;-8.022144;-34.923949
Casa Amarela;Rua Conselheiro Nabuco, 123 - Casa Amarela;Rua Conselheiro Nabuco;1;0;8391.04;935684.9;111.51;-8.030389;-34.915095
Casa Amarela;Rua Conselheiro Nabuco, 143 - Casa Amarela;Rua Conselheiro Nabuco;1;0;3544.78;785700.3;221.65;-8.030395;-34.915291
Casa Amarela;Rua Conselheiro Nabuco, 18 - Casa Amarela;Rua Conselheiro Nabuco;1;0;6998.33;3195855.42;456.66;-8.030308;-34.914141
Casa Amarela;Rua Conselheiro Nabuco, 21 - Casa Amarela;Rua Conselheiro Nabuco;1;0;5061.1;1275398.41;252.0;-8.030621;-34.914282
Casa Amarela;Rua Conselheiro Nabuco, 243 - Casa Amarela;Rua Conselheiro Nabuco;1;0;12188.33;2624147.29;215.3;-8.030126;-34.916138
Casa Amarela;Rua Conselheiro Nabuco, 303 - Casa Amarela;Rua Conselheiro Nabuco;1;0;5799.44;2611953.45;450.38;-8.029967;-34.916676
Casa Amarela;Rua Conselheiro Nabuco, 383 - Casa Amarela;Rua Conselheiro Nabuco;1;1;22009.09;2610277.73;118.6;-8.029402;-34.917274
Casa Amarela;Rua Conselheiro Nabuco, 639 - Casa Amarela;Rua Conselheiro Nabuco;1;0;3335.39;181445.32;54.4;-8.027856;-34.918978
Casa Amarela;Rua Conselheiro Peretti, 115 - Casa Amarela;Rua Conselheiro Peretti;1;0;4277.22;711088.25;166.25;-8.024128;-34.916979
Casa Amarela;Rua Conselheiro Peretti, 144 - Casa Amarela;Rua Conselheiro Peretti;1;0;3098.53;811999.51;262.06;-8.02454;-34.916815
Casa Amarela;Rua Conselheiro Peretti, 157 - Casa Amarela;Rua Conselheiro Peretti;1;0;2216.16;550715.69;248.5;-8.024254;-34.916518
Casa Amarela;Rua Cumari, 120 - Casa Amarela;Rua Cumari;1;0;4021.61;180972.67;45.0;-8.028136;-34.914082
Casa Amarela;Rua Da Carolina, 125 - Casa Amarela;Rua Da Carolina;1;0;1507.0;283406.88;188.06;-8.024003;-34.923043
Casa Amarela;Rua Da Harmonia, 192 - Casa Amarela;Rua Da Harmonia;1;0;3324.29;1211705.24;364.5;-8.026947;-34.913407
Casa Amarela;Rua Da Harmonia, 260 - Casa Amarela;Rua Da Harmonia;1;0;6034.81;403245.79;66.82;-8.025949;-34.913447
Casa Amarela;Rua Da Harmonia, 264 - Casa Amarela;Rua Da Harmonia;1;0;6902.53;403245.79;58.42;-8.026001;-34.913458
Casa Amarela;Rua Da Harmonia, 272 - Casa Amarela;Rua Da Harmonia;1;0;6902.53;403245.79;58.42;-8.026076;-34.913482
Casa Amarela;Rua Da Harmonia, 276 - Casa Amarela;Rua Da Harmonia;1;0;2514.27;705680.13;280.67;-8.025999;-34.913546
Casa Amarela;Rua Da Harmonia, 351 - Casa Amarela;Rua Da Harmonia;1;0;1555.24;393912.13;253.28;-8.026861;-34.913469
Casa Amarela;Rua Da Harmonia, 45 - Casa Amarela;Rua Da Harmonia;1;0;3760.5;579229.29;154.03;-8.024215;-34.912489
Casa Amarela;Rua Da Harmonia, 542 - Casa Amarela;Rua Da Harmonia;1;0;2091.0;442621.9;211.68;-8.02842;-34.914383
Casa Amarela;Rua Da Harmonia, 547 - Casa Amarela;Rua Da Harmonia;1;0;4580.95;399459.1;87.2;-8.02854;-34.913947
Casa Amarela;Rua Da Harmonia, 61 - Casa Amarela;Rua Da Harmonia;1;0;3015.68;337756.14;112.0;-8.024364;-34.912549
Casa Amarela;Rua Da Harmonia, 643 - Casa Amarela;Rua Da Harmonia;1;0;4371.83;858365.11;196.34;-8.029436;-34.914292
Casa Amarela;Rua Da Harmonia, 655 - Casa Amarela;Rua Da Harmonia;1;0;5724.65;898597.85;156.97;-8.029521;-34.914313
Casa Amarela;Rua Da Harmonia, 685 - Casa Amarela;Rua Da Harmonia;1;1;2576.26;491550.83;190.8;-8.029745;-34.91449
Casa Amarela;Rua Da Harmonia, 695 - Casa Amarela;Rua Da Harmonia;1;0;2615.73;530000.0;202.62;-8.026947;-34.913407
Casa Amarela;Rua Da Harmonia, 701 - Casa Amarela;Rua Da Harmonia;1;0;4542.65;1038539.66;228.62;-8.029901;-34.914502
Casa Amarela;Rua Das Neves, 227 - Casa Amarela;Rua Das Neves;1;0;1627.51;225295.83;138.43;-8.024303;-34.921094
Casa Amarela;Rua Das Neves, 256 - Casa Amarela;Rua Das Neves;1;0;1407.67;99479.94;70.67;-8.024211;-34.920898
Casa Amarela;Rua Das Neves, 397 - Casa Amarela;Rua Das Neves;1;0;1542.0;53970.08;35.0;-8.023177;-34.92176
Casa Amarela;Rua Desembargador Angelo Jordao, 48 - Casa Amarela;Rua Desembargador Angelo Jordao;1;0;4129.55;634382.01;153.62;-8.028136;-34.914082
Casa Amarela;Rua Desembargador Gois Cavalcante, 12 - Casa Amarela;Rua Desembargador Gois Cavalcante;1;0;3348.61;5375023.76;1605.15;-8.030079;-34.907466
Casa Amarela;Rua Desembargador Motta Junior, 20 - Casa Amarela;Rua Desembargador Motta Junior;1;0;4068.53;942516.55;231.66;-8.026147;-34.910414
Casa Amarela;Rua Desembargador Motta Junior, 30 - Casa Amarela;Rua Desembargador Motta Junior;1;0;5451.55;912752.87;167.43;-8.026147;-34.910414
Casa Amarela;Rua Doutor Carlos Mavignier, 104 - Casa Amarela;Rua Doutor Carlos Mavignier;1;0;2605.14;1200840.0;460.95;-8.02619;-34.914643
Casa Amarela;Rua Doutor Tome Dias, 149 - Casa Amarela;Rua Doutor Tome Dias;1;0;5994.41;388437.96;64.8;-8.024024;-34.919651
Casa Amarela;Rua Doutor Tome Dias, 47 - Casa Amarela;Rua Doutor Tome Dias;1;0;5224.6;470893.29;90.13;-8.023589;-34.918891
Casa Amarela;Rua Doutor Tome Dias, 75 - Casa Amarela;Rua Doutor Tome Dias;1;0;0.0;1.64;519.46;-8.024028;-34.920491
Casa Amarela;Rua Engenheiro Domber, 100 - Casa Amarela;Rua Engenheiro Domber;1;0;3864.55;411419.96;106.46;-8.025645;-34.912473
Casa Amarela;Rua Engenheiro Domber, 105 - Casa Amarela;Rua Engenheiro Domber;1;0;2143.05;563063.67;262.74;-8.025955;-34.912632
Casa Amarela;Rua Engenheiro Domber, 121 - Casa Amarela;Rua Engenheiro Domber;1;0;2256.22;500000.0;221.61;-8.02591;-34.912765
Casa Amarela;Rua Engenheiro Domber, 90 - Casa Amarela;Rua Engenheiro Domber;1;0;2816.5;619713.81;220.03;-8.025658;-34.912373
Casa Amarela;Rua Engenheiro Domber, 93 - Casa Amarela;Rua Engenheiro Domber;1;0;2442.54;1134070.29;464.3;-8.026042;-34.912523
Casa Amarela;Rua Estrela Dalva, 2 - Casa Amarela;Rua Estrela Dalva;1;0;1646.24;313329.07;190.33;-8.024584;-34.921294
Casa Amarela;Rua Evaristo Da Veiga, 188 - Casa Amarela;Rua Evaristo Da Veiga;1;0;3122.17;659402.43;211.2;-8.028792;-34.915373
Casa Amarela;Rua Ferreira Lopes, 141 - Casa Amarela;Rua Ferreira Lopes;1;0;6649.7;430900.71;64.8;-8.029831;-34.910576
Casa Amarela;Rua Ferreira Lopes, 282 - Casa Amarela;Rua Ferreira Lopes;1;0;3850.27;1984504.23;515.42;-8.030434;-34.911993
Casa Amarela;Rua Ferreira Lopes, 304 - Casa Amarela;Rua Ferreira Lopes;1;1;6132.98;3980364.51;649.01;-8.030711;-34.912196
Casa Amarela;Rua Ferreira Lopes, 420 - Casa Amarela;Rua Ferreira Lopes;1;0;6141.08;882842.28;143.76;-8.031444;-34.912813
Casa Amarela;Rua Ferreira Lopes, 470 - Casa Amarela;Rua Ferreira Lopes;1;0;5081.81;1010161.28;198.78;-8.031926;-34.912967
Casa Amarela;Rua Guedes Pereira, 100 - Casa Amarela;Rua Guedes Pereira;1;0;6862.35;896428.75;130.63;-8.029889;-34.908609
Casa Amarela;Rua Guedes Pereira, 36 - Casa Amarela;Rua Guedes Pereira;1;1;7671.79;367401.97;47.89;-8.030202;-34.908191
Casa Amarela;Rua Joao Barbalho, 100 - Casa Amarela;Rua Joao Barbalho;1;0;1253.37;182165.04;145.34;-8.030644;-34.916148
Casa Amarela;Rua Joao Barbalho, 136 - Casa Amarela;Rua Joao Barbalho;1;0;18182.78;1245338.26;68.49;-8.031025;-34.916269
Casa Amarela;Rua Joao Barbalho, 74 - Casa Amarela;Rua Joao Barbalho;1;0;2138.58;291189.04;136.16;-8.030438;-34.916062
Casa Amarela;Rua Joao Barbalho, 80 - Casa Amarela;Rua Joao Barbalho;1;0;1888.63;266636.92;141.18;-8.030486;-34.916075
Casa Amarela;Rua Joao Barbalho, 85 - Casa Amarela;Rua Joao Barbalho;1;0;3080.43;1026739.0;333.31;-8.030623;-34.915787
Casa Amarela;Rua Leovigildo Junior, 84 - Casa Amarela;Rua Leovigildo Junior;1;0;2252.63;72084.11;32.0;-8.028136;-34.914082
Casa Amarela;Rua Major Nereu Guerra, 105 - Casa Amarela;Rua Major Nereu Guerra;1;0;2345.01;1051688.26;448.48;-8.026162;-34.914372
Casa Amarela;Rua Major Nereu Guerra, 132 - Casa Amarela;Rua Major Nereu Guerra;1;0;3131.09;755469.07;241.28;-8.02567;-34.914487
Casa Amarela;Rua Major Nereu Guerra, 172 - Casa Amarela;Rua Major Nereu Guerra;1;0;4303.96;654588.78;152.09;-8.025563;-34.914851
Casa Amarela;Rua Major Nereu Guerra, 281 - Casa Amarela;Rua Major Nereu Guerra;1;0;2544.03;875526.8;344.15;-8.025573;-34.915915
Casa Amarela;Rua Major Nereu Guerra, 295 - Casa Amarela;Rua Major Nereu Guerra;1;0;313921.57;36936011.5;117.66;-8.025662;-34.916067
Casa Amarela;Rua Major Nereu Guerra, 340 - Casa Amarela;Rua Major Nereu Guerra;1;0;4624.07;934340.31;202.06;-8.025045;-34.916269
Casa Amarela;Rua Malta, 33 - Casa Amarela;Rua Malta;1;0;1756.56;322591.49;183.65;-8.024599;-34.925702
Casa Amarela;Rua Malta, 58 - Casa Amarela;Rua Malta;1;0;1519.94;223431.9;147.0;-8.024932;-34.925672
Casa Amarela;Rua Olimpio Tavares, 120 - Casa Amarela;Rua Olimpio Tavares;1;0;3583.24;597683.76;166.8;-8.028715;-34.913582
Casa Amarela;Rua Olimpio Tavares, 90 - Casa Amarela;Rua Olimpio Tavares;1;0;4271.73;1278572.22;299.31;-8.028449;-34.913531
Casa Amarela;Rua Padre Lemos, 119 - Casa Amarela;Rua Padre Lemos;1;0;10711.89;504744.27;47.12;-8.025745;-34.917943
Casa Amarela;Rua Padre Lemos, 125 - Casa Amarela;Rua Padre Lemos;1;0;4807.09;504744.27;105.0;-8.025679;-34.917955
Casa Amarela;Rua Paula Batista, 550 - Casa Amarela;Rua Paula Batista;1;0;5571.87;1696132.6;304.41;-8.027281;-34.916659
Casa Amarela;Rua Paula Batista, 657 - Casa Amarela;Rua Paula Batista;1;0;5860.8;1374534.51;234.53;-8.028207;-34.916665
Casa Amarela;Rua Paula Batista, 727 - Casa Amarela;Rua Paula Batista;1;0;2922.68;853423.8;292.0;-8.028781;-34.91694
Casa Amarela;Rua Raimundo Freixeira, 263 - Casa Amarela;Rua Raimundo Freixeira;1;0;4829.39;366454.43;75.88;-8.028347;-34.920095
Casa Amarela;Rua Senador Soares Meireles, 147 - Casa Amarela;Rua Senador Soares Meireles;1;0;2542.92;229651.0;90.31;-8.024623;-34.919393
Casa Amarela;Rua Senador Soares Meireles, 150 - Casa Amarela;Rua Senador Soares Meireles;1;0;3353.07;786329.28;234.51;-8.024681;-34.919706
Casa Amarela;Rua Senador Soares Meireles, 162 - Casa Amarela;Rua Senador Soares Meireles;1;0;2666.23;172771.99;64.8;-8.024344;-34.919664
Casa Amarela;Rua Senador Soares Meireles, 169 - Casa Amarela;Rua Senador Soares Meireles;1;0;4533.99;944611.19;208.34;-8.024703;-34.919534
Casa Amarela;Rua Senador Soares Meireles, 201 - Casa Amarela;Rua Senador Soares Meireles;1;0;1971.92;603408.61;306.0;-8.024869;-34.919815
Casa Amarela;Rua Senador Soares Meireles, 58 - Casa Amarela;Rua Senador Soares Meireles;1;0;4222.06;326661.04;77.37;-8.023892;-34.918879
Casa Amarela;Rua Serido, 62 - Casa Amarela;Rua Serido;1;0;5066.42;149966.16;29.6;-8.028136;-34.914082
Casa Amarela;Rua Taquaritinga, 101 - Casa Amarela;Rua Taquaritinga;1;0;5333.75;565377.53;106.0;-8.024788;-34.916923
Casa Amarela;Rua Taquaritinga, 69 - Casa Amarela;Rua Taquaritinga;1;0;2750.55;795567.94;289.24;-8.024683;-34.917212
Casa Amarela;Rua Taquaritinga, 78 - Casa Amarela;Rua Taquaritinga;1;0;4089.53;1172508.63;286.71;-8.025082;-34.917255
Casa Amarela;Rua Taquaritinga, 92 - Casa Amarela;Rua Taquaritinga;1;0;2763.44;753588.73;272.7;-8.025112;-34.917148
Casa Forte;Rua Irma Maria David, 200 - Casa Forte;Rua Irma Maria David;30;17;8603.97;1192530.1;138.61;-8.031389;-34.920939
Casa Forte;Rua Jaco Velosino, 290 - Casa Forte;Rua Jaco Velosino;27;10;3334.44;113527.48;39.44;-8.034956;-34.918026
Casa Forte;Rua Jaco Velosino, 270 - Casa Forte;Rua Jaco Velosino;25;17;6891.46;430270.92;62.46;-8.035177;-34.918201
Casa Forte;Rua Irma Maria David, 210 - Casa Forte;Rua Irma Maria David;24;8;6857.51;845702.91;123.37;-8.030978;-34.920883
Casa Forte;Rua Marechal Rondon, 120 - Casa Forte;Rua Marechal Rondon;22;8;7270.81;1047394.96;144.02;-8.031843;-34.922513
Casa Forte;Rua Dona Rita De Souza, 119 - Casa Forte;Rua Dona Rita De Souza;21;11;8560.95;2147429.18;250.84;-8.032217;-34.917227
Casa Forte;Praça De Casa Forte, 426 - Casa Forte;Praça De Casa Forte;18;6;9221.71;317788.1;34.55;-8.033919;-34.919724
Casa Forte;Rua Alfredo Fernandes, 278 - Casa Forte;Rua Alfredo Fernandes;17;0;11326.4;461890.08;40.8;-8.035204;-34.915669
Casa Forte;Rua Alfredo Fernandes, 295 - Casa Forte;Rua Alfredo Fernandes;15;7;13189.01;340422.71;25.8;-8.03501;-34.916212
Casa Forte;Avenida Dezessete De Agosto, 1070 - Casa Forte;Avenida Dezessete De Agosto;13;7;8020.92;1636830.19;204.07;-8.037498;-34.918249
Casa Forte;Praça De Casa Forte, 551 - Casa Forte;Praça De Casa Forte;10;6;6888.81;1628722.45;236.43;-8.035532;-34.919226
Casa Forte;Rua Jaco Velosino, 316 - Casa Forte;Rua Jaco Velosino;10;3;7048.65;920951.4;130.59;-8.03473;-34.917879
Casa Forte;Rua Irma Maria David, 154 - Casa Forte;Rua Irma Maria David;9;4;9163.66;1482863.31;161.82;-8.031398;-34.920531
Casa Forte;Rua Jeronimo De Albuquerque, 188 - Casa Forte;Rua Jeronimo De Albuquerque;8;1;6672.26;881605.32;132.13;-8.032251;-34.918279
Casa Forte;Rua Jader De Andrade, 109 - Casa Forte;Rua Jader De Andrade;6;2;4410.46;561029.14;127.16;-8.032694;-34.922052
Casa Forte;Rua Jader De Andrade, 404 - Casa Forte;Rua Jader De Andrade;6;3;8007.9;1000186.57;124.9;-8.030109;-34.920728
Casa Forte;Praça De Casa Forte, 445 - Casa Forte;Praça De Casa Forte;5;3;9325.17;2094385.41;247.47;-8.034628;-34.918728
Casa Forte;Avenida Dezessete De Agosto, 976 - Casa Forte;Avenida Dezessete De Agosto;4;4;9116.4;3661693.32;401.66;-8.037462;-34.91745
Casa Forte;Rua Lemos Torres, 95 - Casa Forte;Rua Lemos Torres;3;3;2582.58;800857.22;310.1;-8.03461;-34.915711
Casa Forte;Rua Silvino Lopes, 125 - Casa Forte;Rua Silvino Lopes;3;1;5903.91;471653.36;79.87;-8.03315;-34.917074
Casa Forte;Rua Comendador Bernardino Costa, 450 - Casa Forte;Rua Comendador Bernardino Costa;2;2;19447.85;844036.72;43.4;-8.030536;-34.920706
Casa Forte;Rua Ernesto Rufino, 25 - Casa Forte;Rua Ernesto Rufino;2;2;4069.98;652417.82;160.3;-8.030773;-34.918539
Casa Forte;Rua Ernesto Rufino, 37 - Casa Forte;Rua Ernesto Rufino;2;2;4873.26;756865.22;155.31;-8.030883;-34.918589
Casa Forte;Rua Jaco Velosino, 251 - Casa Forte;Rua Jaco Velosino;2;0;5546.05;987307.66;178.02;-8.035045;-34.918607
Casa Forte;Rua Jaco Velosino, 93 - Casa Forte;Rua Jaco Velosino;2;2;3416.28;1399854.05;409.76;-8.036279;-34.919285
Casa Forte;Rua Jader De Andrade, 125 - Casa Forte;Rua Jader De Andrade;2;2;4600.48;1770676.62;384.89;-8.03252;-34.92201
Casa Forte;Rua Jader De Andrade, 301 - Casa Forte;Rua Jader De Andrade;2;0;4170.68;1039166.26;249.16;-8.031072;-34.921672
Casa Forte;Rua Jader De Andrade, 322 - Casa Forte;Rua Jader De Andrade;2;1;5339.17;840705.88;157.46;-8.031276;-34.921375
Casa Forte;Rua Jader De Andrade, 344 - Casa Forte;Rua Jader De Andrade;2;2;3403.34;1041831.02;306.12;-8.03078;-34.921189
Casa Forte;Rua Jeronimo De Albuquerque, 128 - Casa Forte;Rua Jeronimo De Albuquerque;2;0;8673.14;733834.56;84.61;-8.03217;-34.917929
Casa Forte;Praça De Casa Forte, 381 - Casa Forte;Praça De Casa Forte;1;1;10436.33;276040.89;26.45;-8.034208;-34.918382
Casa Forte;Praça De Casa Forte, 534 - Casa Forte;Praça De Casa Forte;1;0;10772.27;3679806.66;341.6;-8.034806;-34.920155
Casa Forte;Praça De Casa Forte, 583 - Casa Forte;Praça De Casa Forte;1;0;8736.48;1399670.86;160.21;-8.035706;-34.91937
Casa Forte;Praça De Casa Forte, 611 - Casa Forte;Praça De Casa Forte;1;0;7898.42;2650000.0;335.51;-8.035911;-34.919499
Casa Forte;Rua Alfredo Fernandes, 285 - Casa Forte;Rua Alfredo Fernandes;1;0;4420.75;1294173.5;292.75;-8.035064;-34.916033
Casa Forte;Rua Comendador Bernardino Costa, 103 - Casa Forte;Rua Comendador Bernardino Costa;1;0;6158.89;1477763.91;239.94;-8.030497;-34.920828
Casa Forte;Rua Comendador Bernardino Costa, 117 - Casa Forte;Rua Comendador Bernardino Costa;1;0;4421.92;1335950.11;302.12;-8.030455;-34.920962
Casa Forte;Rua Da Harmonia, 838 - Casa Forte;Rua Da Harmonia;1;0;4619.05;569159.95;123.22;-8.03188;-34.915559
Casa Forte;Rua Dona Rita De Souza, 50 - Casa Forte;Rua Dona Rita De Souza;1;0;4080.83;228607.83;56.02;-8.032289;-34.917353
Casa Forte;Rua Ernesto Rufino, 51 - Casa Forte;Rua Ernesto Rufino;1;1;4673.08;700541.66;149.91;-8.031001;-34.918643
Casa Forte;Rua Ernesto Rufino, 54 - Casa Forte;Rua Ernesto Rufino;1;0;4825.74;781527.98;161.95;-8.030956;-34.918787
Casa Forte;Rua Irma Maria David, 155 - Casa Forte;Rua Irma Maria David;1;0;9169.83;2766904.81;301.74;-8.031944;-34.92115
Casa Forte;Rua Irma Maria David, 98 - Casa Forte;Rua Irma Maria David;1;0;4531.73;1255878.5;277.13;-8.032083;-34.920146
Casa Forte;Rua Jaco Velosino, 101 - Casa Forte;Rua Jaco Velosino;1;1;3595.14;1410877.47;392.44;-8.036189;-34.919222
Casa Forte;Rua Jader De Andrade, 148 - Casa Forte;Rua Jader De Andrade;1;0;4406.72;1095025.18;248.49;-8.032447;-34.921592
Casa Forte;Rua Jader De Andrade, 157 - Casa Forte;Rua Jader De Andrade;1;0;5996.35;824078.39;137.43;-8.032283;-34.921952
Casa Forte;Rua Jader De Andrade, 182 - Casa Forte;Rua Jader De Andrade;1;0;5155.61;883775.17;171.42;-8.032157;-34.921532
Casa Forte;Rua Jader De Andrade, 226 - Casa Forte;Rua Jader De Andrade;1;0;7918.33;1340256.16;169.26;-8.031616;-34.921488
Casa Forte;Rua Jader De Andrade, 43 - Casa Forte;Rua Jader De Andrade;1;0;3943.61;1099004.05;278.68;-8.033292;-34.922155
Casa Forte;Rua Jader De Andrade, 57 - Casa Forte;Rua Jader De Andrade;1;0;3074.66;1194290.77;388.43;-8.033138;-34.922181
Casa Forte;Rua Jeronimo De Albuquerque, 160 - Casa Forte;Rua Jeronimo De Albuquerque;1;0;5389.13;1422731.05;264.0;-8.032083;-34.917885
Casa Forte;Rua Jeronimo De Albuquerque, 86 - Casa Forte;Rua Jeronimo De Albuquerque;1;1;4251.58;234687.01;55.2;-8.031566;-34.91777
Casa Forte;Rua Marechal Rondon, 110 - Casa Forte;Rua Marechal Rondon;1;0;7356.43;1294731.86;176.0;-8.031655;-34.922693
Casa Forte;Rua Marechal Rondon, 288 - Casa Forte;Rua Marechal Rondon;1;0;4015.66;1134062.9;282.41;-8.030616;-34.921807
Casa Forte;Rua Marechal Rondon, 326 - Casa Forte;Rua Marechal Rondon;1;0;3224.18;956548.81;296.68;-8.030292;-34.921671
Casa Forte;Rua Marechal Rondon, 60 - Casa Forte;Rua Marechal Rondon;1;0;8996.29;1533867.37;170.5;-8.031909;-34.923148
Casa Forte;Rua Professora Maria Da Paz Brandao Alves, 75 - Casa Forte;Rua Professora Maria Da Paz Brandao Alves;1;0;4290.72;234273.13;54.6;-8.030776;-34.920125
Casa Forte;Rua Silvino Lopes, 145 - Casa Forte;Rua Silvino Lopes;1;0;2367.68;132589.81;56.0;-8.033309;-34.916921
Caxanga;Rua Dona Ines Correa De Araujo, 156 - Caxanga;Rua Dona Ines Correa De Araujo;213;133;6824.16;523137.09;76.66;-8.03161;-34.953288
Caxanga;Rua Vicente Zirpoli, 142 - Caxanga;Rua Vicente Zirpoli;115;42;6852.72;458915.59;67.03;-8.030546;-34.95258
Caxanga;Rua Engenho Poeta, 129 - Caxanga;Rua Engenho Poeta;95;12;7998.22;606899.24;75.99;-8.032026;-34.95215
Caxanga;Rua Adelmar Lafayette, 16 - Caxanga;Rua Adelmar Lafayette;42;2;7106.05;337346.56;47.47;-8.029024;-34.953138
Caxanga;Rua Ribeiro Pessoa, 324 - Caxanga;Rua Ribeiro Pessoa;24;9;4343.35;816911.3;188.18;-8.029024;-34.953138
Caxanga;Rua Maestro Fernando Borges, 171 - Caxanga;Rua Maestro Fernando Borges;5;1;5257.7;275871.36;52.47;-8.027563;-34.953158
Caxanga;Rua Ministro Joao Alberto, 285 - Caxanga;Rua Ministro Joao Alberto;4;0;6284.85;277583.12;44.21;-8.034863;-34.944675
Caxanga;Rua Ministro Joao Alberto, 395 - Caxanga;Rua Ministro Joao Alberto;4;0;6063.24;235981.46;38.92;-8.033655;-34.944654
Caxanga;Rua Ministro Joao Alberto, 405 - Caxanga;Rua Ministro Joao Alberto;4;0;5641.67;256217.82;45.8;-8.033485;-34.944657
Caxanga;Rua Ministro Joao Alberto, 583 - Caxanga;Rua Ministro Joao Alberto;3;2;3794.96;593361.15;190.2;-8.031717;-34.944691
Caxanga;Rua Professor Yves Maupeau, 246 - Caxanga;Rua Professor Yves Maupeau;3;3;1985.09;176910.85;89.12;-8.025951;-34.949351
Caxanga;Rua Vereador Canuto Victor De Carvalho, 45 - Caxanga;Rua Vereador Canuto Victor De Carvalho;3;3;1564.35;222133.3;144.56;-8.027785;-34.958601
Caxanga;Rua Engenheiro Florisval Silvestre Neto, 67 - Caxanga;Rua Engenheiro Florisval Silvestre Neto;2;2;1232.69;157315.63;127.62;-8.023183;-34.951086
Caxanga;Rua Ministro Joao Alberto, 485 - Caxanga;Rua Ministro Joao Alberto;2;0;3385.82;191975.86;56.7;-8.032754;-34.944673
Caxanga;Rua Ministro Joao Alberto, 515 - Caxanga;Rua Ministro Joao Alberto;2;0;3323.1;199120.18;59.92;-8.03249;-34.944677
Caxanga;Rua Professora Iracema Pires Ferreira, 71 - Caxanga;Rua Professora Iracema Pires Ferreira;2;2;2120.93;241785.68;114.0;-8.025099;-34.951259
Caxanga;Rua Tabeliao Joao Roma, 211 - Caxanga;Rua Tabeliao Joao Roma;2;2;3067.52;206781.19;67.41;-8.026293;-34.950258
Caxanga;Rua Doutor Aristacho Dourado De Azevedo, 29 - Caxanga;Rua Doutor Aristacho Dourado De Azevedo;1;0;1482.27;207517.86;140.0;-8.029024;-34.953138
Caxanga;Rua Ministro Joao Alberto, 465 - Caxanga;Rua Ministro Joao Alberto;1;0;3692.31;217329.28;58.86;-8.032931;-34.944669
Caxanga;Rua Murilo Menezes Lira, 286 - Caxanga;Rua Murilo Menezes Lira;1;0;1274.98;294826.74;231.24;-8.026461;-34.948615
Caxanga;Rua Professor Armando De Meira Lins, 29 - Caxanga;Rua Professor Armando De Meira Lins;1;0;562.98;114272.96;202.98;-8.027337;-34.959086
Caxanga;Rua Professor Armando De Meira Lins, 51 - Caxanga;Rua Professor Armando De Meira Lins;1;0;280.4;111597.36;398.0;-8.027219;-34.959156
Caxanga;Rua Professor Yves Maupeau, 130 - Caxanga;Rua Professor Yves Maupeau;1;0;3333.25;478721.37;143.62;-8.026275;-34.951181
Caxanga;Rua Professor Yves Maupeau, 185 - Caxanga;Rua Professor Yves Maupeau;1;0;1002.45;148954.6;148.59;-8.025833;-34.950431
Caxanga;Rua Professor Yves Maupeau, 321 - Caxanga;Rua Professor Yves Maupeau;1;0;2199.34;118632.57;53.94;-8.025992;-34.949933
Caxanga;Rua Ribeiro Pessoa, 40 - Caxanga;Rua Ribeiro Pessoa;1;0;202996.75;14006776.02;69.0;-8.029024;-34.953138
Caxanga;Rua Tabeliao Joao Roma, 143 - Caxanga;Rua Tabeliao Joao Roma;1;0;1993.01;532253.37;267.06;-8.026452;-34.951151
Coelhos;Rua Francisco Alves, 75 - Coelhos;Rua Francisco Alves;21;7;4802.73;154098.98;33.39;-8.068508;-34.891753
Coelhos;Rua Francisco Alves, 325 - Coelhos;Rua Francisco Alves;6;2;3875.33;193677.58;50.08;-8.068083;-34.892889
Coelhos;Rua Francisco Alves, 84 - Coelhos;Rua Francisco Alves;5;0;10361.93;412269.18;41.94;-8.068073;-34.891606
Coelhos;Rua Francisco Alves, 45 - Coelhos;Rua Francisco Alves;3;3;2741.95;1995588.55;727.8;-8.068759;-34.891571
Coelhos;Rua Capitao Jose Da Luz, 115 - Coelhos;Rua Capitao Jose Da Luz;2;1;5365.06;204730.58;38.16;-8.066995;-34.892883
Coelhos;Rua Capitao Jose Da Luz, 25 - Coelhos;Rua Capitao Jose Da Luz;2;2;7284.18;308558.08;42.36;-8.068282;-34.892819
Coelhos;Rua Francisco Alves, 58 - Coelhos;Rua Francisco Alves;2;2;25358.87;1934121.08;76.27;-8.068063;-34.891155
Coelhos;Rua Jornalista Edmundo Bittencourt, 120 - Coelhos;Rua Jornalista Edmundo Bittencourt;2;2;2619.75;297603.5;113.6;-8.065056;-34.890937
Coelhos;Rua Prefeito Jorge Martins, -1 - Coelhos;Rua Prefeito Jorge Martins;2;2;4070.44;1240670.84;304.8;-8.068828;-34.891724
Coelhos;Rua Capitao Jose Da Luz, 137 - Coelhos;Rua Capitao Jose Da Luz;1;0;8821.49;380559.23;43.14;-8.066863;-34.89299
Coelhos;Rua Jornalista Edmundo Bittencourt, 46 - Coelhos;Rua Jornalista Edmundo Bittencourt;1;0;3675.39;450234.91;122.5;-8.064405;-34.890931
Coelhos;Rua Prefeito Jorge Martins, 330 - Coelhos;Rua Prefeito Jorge Martins;1;0;4783.93;1262957.89;264.0;-8.068828;-34.891724
Cohab;Rua Serra Bonga, 116 - Cohab;Rua Serra Bonga;3;3;4827.05;178600.95;37.0;-8.116497;-34.955576
Cohab;Avenida Esperantinopolis, 112 - Cohab;Avenida Esperantinopolis;2;2;2774.16;102643.98;37.0;-8.116497;-34.955576
Cohab;Rua Afogados Da Ingazeira, 162 - Cohab;Rua Afogados Da Ingazeira;2;2;2158.68;79870.87;37.0;-8.116497;-34.955576
Cohab;Rua Andrelandia, 2 - Cohab;Rua Andrelandia;2;2;4233.46;156637.94;37.0;-8.116497;-34.955576
Cohab;Rua Doutor Benigno Jordao De Vasconcelos, 406 - Cohab;Rua Doutor Benigno Jordao De Vasconcelos;2;2;0.01;1.34;214.67;-8.116497;-34.955576
Cohab;Rua Jose Tiburcio Cavalcanti, 65 - Cohab;Rua Jose Tiburcio Cavalcanti;2;2;1333.6;66013.21;49.5;-8.116497;-34.955576
Cohab;Rua Rio Juruena, 72 - Cohab;Rua Rio Juruena;2;2;2326.49;104691.86;45.0;-8.116497;-34.955576
Cohab;Rua Sldo Vasco Teixeira, -1 - Cohab;Rua Sldo Vasco Teixeira;2;2;3372.65;151769.45;45.0;-8.116497;-34.955576
Cohab;Avenida Engenho Cana Brava, 183 - Cohab;Avenida Engenho Cana Brava;1;0;2128.33;170266.07;80.0;-8.116497;-34.955576
Cohab;Avenida Engenho Muribara, 117 - Cohab;Avenida Engenho Muribara;1;0;829.36;106157.62;128.0;-8.116497;-34.955576
Cohab;Avenida Esperantinopolis, 178 - Cohab;Avenida Esperantinopolis;1;0;7208.65;266719.9;37.0;-8.116497;-34.955576
Cohab;Avenida Esperantinopolis, 85 - Cohab;Avenida Esperantinopolis;1;0;9161.83;338987.71;37.0;-8.116497;-34.955576
Cohab;Avenida Mato Grosso, 706 - Cohab;Avenida Mato Grosso;1;0;0.04;1.59;42.0;-8.116497;-34.955576
Cohab;Avenida Rio Grande, 290 - Cohab;Avenida Rio Grande;1;0;3011.9;147251.75;48.89;-8.116497;-34.955576
Cohab;Rua Afogados Da Ingazeira, 31 - Cohab;Rua Afogados Da Ingazeira;1;0;2368.78;87644.97;37.0;-8.116497;-34.955576
Cohab;Rua Afogados Da Ingazeira, 47 - Cohab;Rua Afogados Da Ingazeira;1;0;2379.24;107065.67;45.0;-8.116497;-34.955576
Cohab;Rua Andrelandia, 29 - Cohab;Rua Andrelandia;1;0;2704.72;100074.76;37.0;-8.116497;-34.955576
Cohab;Rua Arqa Maria Lucia Barbosa, 35 - Cohab;Rua Arqa Maria Lucia Barbosa;1;0;2588.47;116481.18;45.0;-8.116497;-34.955576
Cohab;Rua Consul Said Aoun, 106 - Cohab;Rua Consul Said Aoun;1;0;2342.64;257690.56;110.0;-8.116497;-34.955576
Cohab;Rua Cordilheira, 982 - Cohab;Rua Cordilheira;1;0;1369.06;246431.1;180.0;-8.116497;-34.955576
Cohab;Rua Coroaci, 31 - Cohab;Rua Coroaci;1;0;2662.85;134633.92;50.56;-8.116497;-34.955576
Cohab;Rua Doutor Benigno Jordao De Vasconcelos, 426 - Cohab;Rua Doutor Benigno Jordao De Vasconcelos;1;0;3092.66;300266.22;97.09;-8.116497;-34.955576
Cohab;Rua Emp Edson Queiroz, 5 - Cohab;Rua Emp Edson Queiroz;1;1;0.01;1.6;160.0;-8.116497;-34.955576
Cohab;Rua Joao Cordeiro De Souza, 97 - Cohab;Rua Joao Cordeiro De Souza;1;0;1582.07;99670.7;63.0;-8.116497;-34.955576
Cohab;Rua Manduri, 61 - Cohab;Rua Manduri;1;0;5306.74;196349.43;37.0;-8.116497;-34.955576
Cohab;Rua Marechal Taumaturgo, 113 - Cohab;Rua Marechal Taumaturgo;1;0;1571.51;70717.74;45.0;-8.116497;-34.955576
Cohab;Rua Mariano Carneiro Da Cunha, 156 - Cohab;Rua Mariano Carneiro Da Cunha;1;0;3950.78;129901.6;32.88;-8.116497;-34.955576
Cohab;Rua Mariano Carneiro Da Cunha, 176 - Cohab;Rua Mariano Carneiro Da Cunha;1;1;1997.21;215698.6;108.0;-8.116497;-34.955576
Cohab;Rua Mucio Catao, 63 - Cohab;Rua Mucio Catao;1;0;374.09;47509.68;127.0;-8.116497;-34.955576
Cohab;Rua Obidos, 8 - Cohab;Rua Obidos;1;0;0.04;1.43;37.0;-8.116497;-34.955576
Cohab;Rua Panelas, 19 - Cohab;Rua Panelas;1;0;3073.67;113725.92;37.0;-8.116497;-34.955576
Cohab;Rua Rio Caninde, 26 - Cohab;Rua Rio Caninde;1;0;9897.25;366198.25;37.0;-8.116497;-34.955576
Cohab;Rua Rio Indaia, 334 - Cohab;Rua Rio Indaia;1;0;2872.16;140735.72;49.0;-8.116497;-34.955576
Cohab;Rua Serra Bonga, 48 - Cohab;Rua Serra Bonga;1;0;1963.59;72652.73;37.0;-8.116497;-34.955576
Cohab;Rua Serra Caiada, 49 - Cohab;Rua Serra Caiada;1;0;8220.45;304156.47;37.0;-8.116497;-34.955576
Cohab;Rua Serra Caiada, 709 - Cohab;Rua Serra Caiada;1;0;4470.11;165394.14;37.0;-8.116497;-34.955576
Cohab;Rua Sldo Albino Cesar, 58 - Cohab;Rua Sldo Albino Cesar;1;0;0.04;1.59;40.0;-8.116497;-34.955576
Cohab;Rua Sldo Virgilio Lucio, 115 - Cohab;Rua Sldo Virgilio Lucio;1;0;2487.37;99494.72;40.0;-8.116497;-34.955576
Cohab;Rua Solanea, 30 - Cohab;Rua Solanea;1;0;3643.51;134809.74;37.0;-8.116497;-34.955576
Cohab;Rua Terra Nova, 26 - Cohab;Rua Terra Nova;1;0;3361.87;124389.31;37.0;-8.116497;-34.955576
Cohab;Rua Todos Os Santos, 106 - Cohab;Rua Todos Os Santos;1;0;3460.13;128024.91;37.0;-8.116497;-34.955576
Cohab;Rua Tristao Da Cunha, 30 - Cohab;Rua Tristao Da Cunha;1;0;4001.13;180051.07;45.0;-8.116497;-34.955576
Cohab;Rua Tristao Da Cunha, 6 - Cohab;Rua Tristao Da Cunha;1;0;2580.18;116107.9;45.0;-8.116497;-34.955576
Cohab;Rua Tristao Da Cunha, 80 - Cohab;Rua Tristao Da Cunha;1;0;2206.53;99294.05;45.0;-8.116497;-34.955576
Cohab;Rua Vitoria De Santo Antao, 149 - Cohab;Rua Vitoria De Santo Antao;1;0;4701.2;173944.39;37.0;-8.116497;-34.955576
Cohab;Rua Vitoria De Santo Antao, 157 - Cohab;Rua Vitoria De Santo Antao;1;0;15462.69;572119.35;37.0;-8.116497;-34.955576
Cohab   Ibura;Avenida Engenho Muribara, 518 - Cohab   Ibura;Avenida Engenho Muribara;3;3;8055.37;298048.8;37.0;-8.116809;-34.955542
Cohab   Ibura;Avenida Engenho Muribeca, 391 - Cohab   Ibura;Avenida Engenho Muribeca;3;3;4251.34;157299.72;37.0;-8.116809;-34.955542
Cohab   Ibura;Avenida Rio Sao Francisco, 206 - Cohab   Ibura;Avenida Rio Sao Francisco;3;3;5882.32;217645.7;37.0;-8.116809;-34.955542
Cohab   Ibura;Rua Todos Os Santos, 160 - Cohab   Ibura;Rua Todos Os Santos;3;3;2220.61;82162.75;37.0;-8.116809;-34.955542
Cohab   Ibura;Avenida Engenho Muribeca, 129 - Cohab   Ibura;Avenida Engenho Muribeca;2;2;2919.38;108016.96;37.0;-8.116809;-34.955542
Cohab   Ibura;Rua Desembargador Thomaz Cyrilo Wanderley, 119 - Cohab   Ibura;Rua Desembargador Thomaz Cyrilo Wanderley;2;2;3011.48;135516.52;45.0;-8.116809;-34.955542
Cohab   Ibura;Rua Doutor Benigno Jordao De Vasconcelos, 185 - Cohab   Ibura;Rua Doutor Benigno Jordao De Vasconcelos;2;2;2005.25;254887.42;127.11;-8.116809;-34.955542
Cohab   Ibura;Rua Manoel Buffone Pires, 16 - Cohab   Ibura;Rua Manoel Buffone Pires;2;2;3035.99;219957.7;72.45;-8.116809;-34.955542
Cohab   Ibura;Rua Pero Vaz De Caminha, 72 - Cohab   Ibura;Rua Pero Vaz De Caminha;2;2;0.01;1.57;225.0;-8.116809;-34.955542
Cohab   Ibura;Rua Vereador Sergio Godoy, 56 - Cohab   Ibura;Rua Vereador Sergio Godoy;2;2;2190.45;175236.08;80.0;-8.116809;-34.955542
Cohab   Ibura;Rua Vereador Sergio Godoy, 66 - Cohab   Ibura;Rua Vereador Sergio Godoy;2;2;1339.27;44704.82;33.38;-8.116809;-34.955542
Cohab   Ibura;Avenida Engenho Barra Do Norte, 94 - Cohab   Ibura;Avenida Engenho Barra Do Norte;1;1;4238.84;156837.06;37.0;-8.116809;-34.955542
Cohab   Ibura;Avenida Engenho Muribara, 316 - Cohab   Ibura;Avenida Engenho Muribara;1;0;4869.51;180171.89;37.0;-8.116809;-34.955542
Cohab   Ibura;Avenida Engenho Muribeca, 25 - Cohab   Ibura;Avenida Engenho Muribeca;1;0;0.04;1.58;37.0;-8.116809;-34.955542
Cohab   Ibura;Avenida Engenho Serra Verde, 203 - Cohab   Ibura;Avenida Engenho Serra Verde;1;0;6949.25;257122.19;37.0;-8.116809;-34.955542
Cohab   Ibura;Avenida Rio Sao Francisco, 240 - Cohab   Ibura;Avenida Rio Sao Francisco;1;0;6846.2;253309.37;37.0;-8.116809;-34.955542
Cohab   Ibura;Rua Aristoteles Amorim De Santana, 81 - Cohab   Ibura;Rua Aristoteles Amorim De Santana;1;0;1841.63;202579.09;110.0;-8.116809;-34.955542
Cohab   Ibura;Rua Aroldo Barbosa, 55 - Cohab   Ibura;Rua Aroldo Barbosa;1;0;644.09;94745.35;147.1;-8.116809;-34.955542
Cohab   Ibura;Rua Azevedo Cruz, 108 - Cohab   Ibura;Rua Azevedo Cruz;1;0;1581.56;85404.21;54.0;-8.116809;-34.955542
Cohab   Ibura;Rua Azevedo Cruz, 210 - Cohab   Ibura;Rua Azevedo Cruz;1;0;1659.38;74671.93;45.0;-8.116809;-34.955542
Cohab   Ibura;Rua Doutor Benigno Jordao De Vasconcelos, 175 - Cohab   Ibura;Rua Doutor Benigno Jordao De Vasconcelos;1;0;1288.31;186083.66;144.44;-8.116809;-34.955542
Cohab   Ibura;Rua Doutor Benigno Jordao De Vasconcelos, 236 - Cohab   Ibura;Rua Doutor Benigno Jordao De Vasconcelos;1;0;2677.79;306607.05;114.5;-8.116809;-34.955542
Cohab   Ibura;Rua Doutor Benigno Jordao De Vasconcelos, 475 - Cohab   Ibura;Rua Doutor Benigno Jordao De Vasconcelos;1;0;3823.56;285543.7;74.68;-8.116809;-34.955542
Cohab   Ibura;Rua Manoel Buffone Pires, 36 - Cohab   Ibura;Rua Manoel Buffone Pires;1;0;1311.26;182920.22;139.5;-8.116809;-34.955542
Cohab   Ibura;Rua Obidos, 144 - Cohab   Ibura;Rua Obidos;1;0;4308.78;159424.8;37.0;-8.116809;-34.955542
Cohab   Ibura;Rua Pelotas, 59 - Cohab   Ibura;Rua Pelotas;1;0;2123.81;78580.99;37.0;-8.116809;-34.955542
Cohab   Ibura;Rua Perdizes, 26 - Cohab   Ibura;Rua Perdizes;1;0;2187.12;115917.13;53.0;-8.116809;-34.955542
Cohab   Ibura;Rua Pero Vaz De Caminha, 141 - Cohab   Ibura;Rua Pero Vaz De Caminha;1;0;2775.58;124901.28;45.0;-8.116809;-34.955542
Cohab   Ibura;Rua Pintor Francisco Lauria, 26 - Cohab   Ibura;Rua Pintor Francisco Lauria;1;0;1196.74;171014.55;142.9;-8.116809;-34.955542
Cohab   Ibura;Rua Rio Juruena, 88 - Cohab   Ibura;Rua Rio Juruena;1;0;1893.03;70042.14;37.0;-8.116809;-34.955542
Cohab   Ibura;Rua Tocantinopolis, 73 - Cohab   Ibura;Rua Tocantinopolis;1;0;1249.12;72948.7;58.4;-8.116809;-34.955542
Cohab   Ibura;Trv Vereador Sergio Godoy, 26 - Cohab   Ibura;Trv Vereador Sergio Godoy;1;0;1629.88;167877.57;103.0;-8.116809;-34.955542
Coqueiral;Rua Custodia, 38 - Coqueiral;Rua Custodia;2;2;3932.35;283128.94;72.0;-8.0578;-34.8829
Cordeiro;Rua Bom Pastor, 1505 - Cordeiro;Rua Bom Pastor;54;17;6585.85;380859.56;57.83;-8.050481;-34.938725
Cordeiro;Rua Bom Pastor, 1635 - Cordeiro;Rua Bom Pastor;50;25;4599.75;216234.44;47.01;-8.050921;-34.938017
Cordeiro;Rua Paes Cabral, 88 - Cordeiro;Rua Paes Cabral;48;11;6483.25;487667.92;76.08;-8.05149;-34.924895
Cordeiro;Rua Aureo Xavier, 889 - Cordeiro;Rua Aureo Xavier;44;13;7332.8;488657.25;66.64;-8.047386;-34.932572
Cordeiro;Rua Antonio Valdevino Costa, 280 - Cordeiro;Rua Antonio Valdevino Costa;41;23;4749.08;346872.94;73.04;-8.058335;-34.927104
Cordeiro;Rua Doutor Augusto Reinaldo Silva, 67 - Cordeiro;Rua Doutor Augusto Reinaldo Silva;36;21;6062.96;387486.6;63.91;-8.047778;-34.927507
Cordeiro;Rua Rio Capibaribe, 100 - Cordeiro;Rua Rio Capibaribe;14;2;4685.81;391404.41;83.54;-8.050469;-34.931057
Cordeiro;Rua Francisco De Paula Machado, 147 - Cordeiro;Rua Francisco De Paula Machado;13;6;4816.07;344571.25;71.85;-8.05469;-34.924271
Cordeiro;Rua Rio Capibaribe, 121 - Cordeiro;Rua Rio Capibaribe;12;5;4667.81;464083.44;99.38;-8.050929;-34.931614
Cordeiro;Rua Sigismundo Goncalves, 230 - Cordeiro;Rua Sigismundo Goncalves;12;8;5926.04;346587.33;58.47;-8.044894;-34.929276
Cordeiro;Rua Aureo Xavier, 361 - Cordeiro;Rua Aureo Xavier;10;0;5518.91;346749.14;62.93;-8.050009;-34.927555
Cordeiro;Rua Cristianopolis, 290 - Cordeiro;Rua Cristianopolis;8;0;5019.62;165647.67;33.0;-8.049479;-34.934734
Cordeiro;Rua N S Da Saude, 252 - Cordeiro;Rua N S Da Saude;8;0;5293.71;337526.98;63.76;-8.043621;-34.928562
Cordeiro;Rua Visconde De Itaborai, 50 - Cordeiro;Rua Visconde De Itaborai;8;2;4240.54;300453.54;70.87;-8.049111;-34.929727
Cordeiro;Rua 10 De Novembro, 341 - Cordeiro;Rua 10 De Novembro;7;2;5942.34;302800.57;50.8;-8.047735;-34.920796
Cordeiro;Rua Aureo Xavier, 364 - Cordeiro;Rua Aureo Xavier;7;7;6710.36;538103.49;80.19;-8.049701;-34.927318
Cordeiro;Rua Visconde De Itaborai, 508 - Cordeiro;Rua Visconde De Itaborai;7;2;6024.38;458094.45;76.01;-8.047459;-34.933467
Cordeiro;Rua Cristianopolis, 225 - Cordeiro;Rua Cristianopolis;6;0;565.51;26205.52;46.34;-8.05015;-34.9349
Cordeiro;Rua Oros, 200 - Cordeiro;Rua Oros;6;4;3304.19;213615.77;64.65;-8.051725;-34.929665
Cordeiro;Rua Professora Laura Ferreira Da Costa, 73 - Cordeiro;Rua Professora Laura Ferreira Da Costa;6;0;3047.55;269597.71;88.65;-8.05593;-34.929525
Cordeiro;Rua Alfredo Becker, 55 - Cordeiro;Rua Alfredo Becker;5;2;4446.32;248119.44;55.8;-8.053198;-34.923308
Cordeiro;Rua Coronel Fernando Furtado, 131 - Cordeiro;Rua Coronel Fernando Furtado;5;4;2951.77;212114.23;71.86;-8.042817;-34.927007
Cordeiro;Rua Desembargador Virgilio De Sa Pereira, 131 - Cordeiro;Rua Desembargador Virgilio De Sa Pereira;5;2;5026.12;717503.3;142.53;-8.048428;-34.928876
Cordeiro;Rua Natal, 151 - Cordeiro;Rua Natal;5;2;2627.86;301599.52;114.77;-8.053054;-34.932874
Cordeiro;Rua Natal, 85 - Cordeiro;Rua Natal;5;3;3403.49;280311.34;82.36;-8.053304;-34.93242
Cordeiro;Rua Rio Capibaribe, 280 - Cordeiro;Rua Rio Capibaribe;5;2;2848.12;325881.59;114.42;-8.049841;-34.932588
Cordeiro;Rua Taio, 126 - Cordeiro;Rua Taio;5;4;4282.43;243070.58;56.76;-8.058099;-34.929727
Cordeiro;Rua Desembargador Virgilio De Sa Pereira, 440 - Cordeiro;Rua Desembargador Virgilio De Sa Pereira;4;3;5258.77;369166.02;70.2;-8.048428;-34.928876
Cordeiro;Rua General Mena Barreto, 164 - Cordeiro;Rua General Mena Barreto;4;2;3990.3;238620.37;59.8;-8.043541;-34.927633
Cordeiro;Rua N S Da Saude, 408 - Cordeiro;Rua N S Da Saude;4;2;4606.37;253304.4;54.99;-8.042414;-34.92789
Cordeiro;Rua Taio, 113 - Cordeiro;Rua Taio;4;0;3019.15;262998.32;87.11;-8.057766;-34.929929
Cordeiro;Rua Adelino Frutuoso, 199 - Cordeiro;Rua Adelino Frutuoso;3;2;7912.74;505940.37;63.94;-8.051852;-34.930053
Cordeiro;Rua Adelmar Tavares, 211 - Cordeiro;Rua Adelmar Tavares;3;2;3510.95;289039.93;82.16;-8.054691;-34.927983
Cordeiro;Rua Coronel Fernando Furtado, 101 - Cordeiro;Rua Coronel Fernando Furtado;3;3;3470.65;288827.53;83.22;-8.042939;-34.926799
Cordeiro;Rua Doutor Joao Lacerda, 260 - Cordeiro;Rua Doutor Joao Lacerda;3;2;2844.87;157036.91;55.2;-8.046957;-34.922365
Cordeiro;Rua Eurico De Souza Leao, 541 - Cordeiro;Rua Eurico De Souza Leao;3;0;6280.16;515338.12;82.37;-8.050052;-34.930588
Cordeiro;Rua Mathuzalem Wanderley, 77 - Cordeiro;Rua Mathuzalem Wanderley;3;1;2728.09;245528.44;90.0;-8.049404;-34.932811
Cordeiro;Rua Odete Monteiro, 209 - Cordeiro;Rua Odete Monteiro;3;0;2640.54;171132.21;64.82;-8.04703;-34.919321
Cordeiro;Rua Pereira De Moraes, 259 - Cordeiro;Rua Pereira De Moraes;3;3;4006.25;366572.06;91.5;-8.056064;-34.926745
Cordeiro;Rua Professor Joaquim Xavier De Brito, 551 - Cordeiro;Rua Professor Joaquim Xavier De Brito;3;0;4497.77;263074.36;58.49;-8.048734;-34.936275
Cordeiro;Rua Rio Capibaribe, 340 - Cordeiro;Rua Rio Capibaribe;3;0;5348.8;401268.45;75.05;-8.049717;-34.932813
Cordeiro;Rua Tamboril, 151 - Cordeiro;Rua Tamboril;3;2;4322.91;233869.47;54.1;-8.058937;-34.930473
Cordeiro;Rua Tomaz Gonzaga, 421 - Cordeiro;Rua Tomaz Gonzaga;3;0;3390.19;246026.12;72.57;-8.048717;-34.919032
Cordeiro;Avenida Professor Estevao Francisco Da Costa, 257 - Cordeiro;Avenida Professor Estevao Francisco Da Costa;2;2;11856.25;5912712.62;498.7;-8.04724;-34.919049
Cordeiro;Avenida Professor Estevao Francisco Da Costa, 85 - Cordeiro;Avenida Professor Estevao Francisco Da Costa;2;0;2721.18;231953.07;85.24;-8.048864;-34.919621
Cordeiro;Rua Alfredo Becker, 118 - Cordeiro;Rua Alfredo Becker;2;2;2535.63;491759.4;193.94;-8.052652;-34.923514
Cordeiro;Rua Alfredo Becker, 145 - Cordeiro;Rua Alfredo Becker;2;2;3046.18;520013.44;170.71;-8.052819;-34.923903
Cordeiro;Rua Angelica, 316 - Cordeiro;Rua Angelica;2;0;3346.27;245750.51;73.44;-8.05572;-34.93183
Cordeiro;Rua Angelica, 385 - Cordeiro;Rua Angelica;2;0;3499.15;294313.66;84.11;-8.056529;-34.931964
Cordeiro;Rua Angelica, 864 - Cordeiro;Rua Angelica;2;2;6351.28;719790.8;113.33;-8.05583;-34.931437
Cordeiro;Rua Aureo Xavier, 403 - Cordeiro;Rua Aureo Xavier;2;2;4166.93;813427.58;195.21;-8.049921;-34.927715
Cordeiro;Rua Aureo Xavier, 51 - Cordeiro;Rua Aureo Xavier;2;0;6315.48;259755.46;41.13;-8.047789;-34.931748
Cordeiro;Rua Desembargador Virgilio De Sa Pereira, 544 - Cordeiro;Rua Desembargador Virgilio De Sa Pereira;2;0;4744.93;320330.47;67.51;-8.047764;-34.929498
Cordeiro;Rua Dezesseis De Outubro, 62 - Cordeiro;Rua Dezesseis De Outubro;2;2;1331.36;175738.49;132.0;-8.056107;-34.931216
Cordeiro;Rua Francisco De Paula Machado, 277 - Cordeiro;Rua Francisco De Paula Machado;2;0;2779.42;208734.06;75.1;-8.053864;-34.926063
Cordeiro;Rua Francisco Vita, 303 - Cordeiro;Rua Francisco Vita;2;2;3893.91;778781.58;200.0;-8.051299;-34.925458
Cordeiro;Rua Jardim Do Forte, 368 - Cordeiro;Rua Jardim Do Forte;2;2;5324.15;196993.53;37.0;-8.056284;-34.931791
Cordeiro;Rua Levino Ferreira, 130 - Cordeiro;Rua Levino Ferreira;2;2;8413.36;189300.42;22.5;-8.046188;-34.921339
Cordeiro;Rua Levino Ferreira, 150 - Cordeiro;Rua Levino Ferreira;2;2;3806.31;364834.76;95.85;-8.046055;-34.92158
Cordeiro;Rua Major Quinteiro, 73 - Cordeiro;Rua Major Quinteiro;2;2;5187.44;373496.02;72.0;-8.050431;-34.919638
Cordeiro;Rua Manoel Ariosto, 33 - Cordeiro;Rua Manoel Ariosto;2;2;2923.93;464700.32;158.93;-8.047368;-34.922326
Cordeiro;Rua Maria Quiteria, 44 - Cordeiro;Rua Maria Quiteria;2;0;5077.61;304555.07;59.98;-8.045129;-34.927442
Cordeiro;Rua Mathuzalem Wanderley, 56 - Cordeiro;Rua Mathuzalem Wanderley;2;2;3321.06;291921.51;87.9;-8.049113;-34.93249
Cordeiro;Rua Natal, 75 - Cordeiro;Rua Natal;2;2;4199.7;227036.05;54.06;-8.053241;-34.932531
Cordeiro;Rua Padre Diogo Antonio Feijo, 137 - Cordeiro;Rua Padre Diogo Antonio Feijo;2;1;7659.38;335423.06;43.84;-8.046742;-34.921318
Cordeiro;Rua Pereira De Moraes, 251 - Cordeiro;Rua Pereira De Moraes;2;2;2069.06;257907.78;124.65;-8.056086;-34.926679
Cordeiro;Rua Professor Evaldo Altino, 183 - Cordeiro;Rua Professor Evaldo Altino;2;0;3251.48;201199.91;61.89;-8.048784;-34.927453
Cordeiro;Rua Rio Capibaribe, 170 - Cordeiro;Rua Rio Capibaribe;2;0;4044.62;422055.92;104.35;-8.0505;-34.931349
Cordeiro;Rua Rio Jiquia, 69 - Cordeiro;Rua Rio Jiquia;2;2;3159.65;533853.66;168.96;-8.051661;-34.931357
Cordeiro;Rua Soldado Herminio Da Silva, 162 - Cordeiro;Rua Soldado Herminio Da Silva;2;2;1884.57;322431.39;171.09;-8.048787;-34.92242
Cordeiro;Rua Taperoa, 29 - Cordeiro;Rua Taperoa;2;1;3571.4;240621.97;67.35;-8.054498;-34.933129
Cordeiro;Rua Teotonio Freire, 613 - Cordeiro;Rua Teotonio Freire;2;0;6093.08;218071.17;35.79;-8.047818;-34.923484
Cordeiro;Rua Visconde De Itaborai, 566 - Cordeiro;Rua Visconde De Itaborai;2;2;2701.32;336557.88;124.59;-8.047472;-34.93407
Cordeiro;Avenida Mario Alvares Pereira De Lyra, 1403 - Cordeiro;Avenida Mario Alvares Pereira De Lyra;1;0;2767.25;353017.68;127.57;-8.047261;-34.935273
Cordeiro;Avenida Mario Alvares Pereira De Lyra, 321 - Cordeiro;Avenida Mario Alvares Pereira De Lyra;1;0;2006.97;782115.32;389.7;-8.047207;-34.93332
Cordeiro;Avenida Professor Estevao Francisco Da Costa, 118 - Cordeiro;Avenida Professor Estevao Francisco Da Costa;1;0;1975.05;227525.68;115.2;-8.048933;-34.919115
Cordeiro;Rua 10 De Novembro, 230 - Cordeiro;Rua 10 De Novembro;1;0;4015.96;552194.05;137.5;-8.047972;-34.919664
Cordeiro;Rua 10 De Novembro, 237 - Cordeiro;Rua 10 De Novembro;1;0;1750.9;435868.39;248.94;-8.048228;-34.91993
Cordeiro;Rua 10 De Novembro, 274 - Cordeiro;Rua 10 De Novembro;1;0;2636.11;305366.5;115.84;-8.047755;-34.920121
Cordeiro;Rua 10 De Novembro, 313 - Cordeiro;Rua 10 De Novembro;1;0;3127.23;218968.8;70.02;-8.047824;-34.920634
Cordeiro;Rua Adelmar Tavares, 230 - Cordeiro;Rua Adelmar Tavares;1;0;3233.26;217662.79;67.32;-8.054521;-34.928252
Cordeiro;Rua Alexandre De Gusmao, 260 - Cordeiro;Rua Alexandre De Gusmao;1;0;5338.37;474367.51;88.86;-8.055143;-34.929492
Cordeiro;Rua Alexandre De Gusmao, 268 - Cordeiro;Rua Alexandre De Gusmao;1;0;4520.67;433079.73;95.8;-8.055143;-34.929492
Cordeiro;Rua Alfredo Becker, 108 - Cordeiro;Rua Alfredo Becker;1;0;2809.51;472615.73;168.22;-8.052685;-34.923447
Cordeiro;Rua Alfredo Becker, 168 - Cordeiro;Rua Alfredo Becker;1;0;3046.69;354848.36;116.47;-8.052438;-34.923895
Cordeiro;Rua Alfredo Becker, 47 - Cordeiro;Rua Alfredo Becker;1;0;3804.3;441755.24;116.12;-8.053249;-34.92322
Cordeiro;Rua Alfredo Becker, 71 - Cordeiro;Rua Alfredo Becker;1;0;4764.22;380851.65;79.94;-8.053126;-34.923427
Cordeiro;Rua Alfredo Becker, 87 - Cordeiro;Rua Alfredo Becker;1;0;2496.22;310454.47;124.37;-8.053058;-34.923525
Cordeiro;Rua Alfredo Becker, 98 - Cordeiro;Rua Alfredo Becker;1;0;3218.61;566346.52;175.96;-8.052718;-34.923387
Cordeiro;Rua Angelica, 111 - Cordeiro;Rua Angelica;1;0;3227.46;405497.78;125.64;-8.055859;-34.931929
Cordeiro;Rua Antonio Machado Gomes Da Silva, 53 - Cordeiro;Rua Antonio Machado Gomes Da Silva;1;0;4171.84;556398.69;133.37;-8.048358;-34.918198
Cordeiro;Rua Antonio Machado Gomes Da Silva, 83 - Cordeiro;Rua Antonio Machado Gomes Da Silva;1;0;2304.27;616668.89;267.62;-8.048265;-34.918456
Cordeiro;Rua Aureo Xavier, 150 - Cordeiro;Rua Aureo Xavier;1;0;4325.47;583679.25;134.94;-8.048105;-34.930223
Cordeiro;Rua Aureo Xavier, 205 - Cordeiro;Rua Aureo Xavier;1;0;1808.54;528040.16;291.97;-8.050873;-34.925975
Cordeiro;Rua Aureo Xavier, 481 - Cordeiro;Rua Aureo Xavier;1;0;10369.98;269619.48;26.0;-8.049557;-34.928231
Cordeiro;Rua Aureo Xavier, 510 - Cordeiro;Rua Aureo Xavier;1;0;3429.35;843963.84;246.1;-8.049151;-34.928319
Cordeiro;Rua Aureo Xavier, 532 - Cordeiro;Rua Aureo Xavier;1;0;4463.62;949098.59;212.63;-8.049034;-34.92853
Cordeiro;Rua Carmen De Souza Leao, 45 - Cordeiro;Rua Carmen De Souza Leao;1;1;4244.85;548391.72;129.19;-8.055121;-34.921811
Cordeiro;Rua Carmen De Souza Leao, 65 - Cordeiro;Rua Carmen De Souza Leao;1;0;4944.85;687482.76;139.03;-8.054959;-34.921732
Cordeiro;Rua Coronel Fernando Furtado, 113 - Cordeiro;Rua Coronel Fernando Furtado;1;0;3421.42;242304.66;70.82;-8.042872;-34.926902
Cordeiro;Rua Coronel Fernando Furtado, 177 - Cordeiro;Rua Coronel Fernando Furtado;1;0;3049.69;205000.0;67.22;-8.04257;-34.927457
Cordeiro;Rua Coronel Fernando Furtado, 63 - Cordeiro;Rua Coronel Fernando Furtado;1;0;2642.92;501150.56;189.62;-8.04311;-34.926473
Cordeiro;Rua Costa Azevedo, 49 - Cordeiro;Rua Costa Azevedo;1;1;2341.17;180269.8;77.0;-8.053794;-34.922536
Cordeiro;Rua Cristianopolis, 115 - Cordeiro;Rua Cristianopolis;1;0;3529.3;182958.75;51.84;-8.051417;-34.934522
Cordeiro;Rua Cristianopolis, 300 - Cordeiro;Rua Cristianopolis;1;0;2805.35;213122.46;75.97;-8.049376;-34.934765
Cordeiro;Rua Cristianopolis, 40 - Cordeiro;Rua Cristianopolis;1;0;6376.18;753728.58;118.21;-8.048075;-34.93512
Cordeiro;Rua Cristianopolis, 60 - Cordeiro;Rua Cristianopolis;1;0;2052.37;538009.27;262.14;-8.048244;-34.935075
Cordeiro;Rua Desembargador Brandao Da Rocha, 50 - Cordeiro;Rua Desembargador Brandao Da Rocha;1;0;2499.89;2259653.69;903.9;-8.046132;-34.929601
Cordeiro;Rua Desembargador Brandao Da Rocha, 72 - Cordeiro;Rua Desembargador Brandao Da Rocha;1;0;2965.02;876164.78;295.5;-8.046463;-34.929799
Cordeiro;Rua Desembargador Brandao Da Rocha, 87 - Cordeiro;Rua Desembargador Brandao Da Rocha;1;0;3455.0;698877.43;202.28;-8.046774;-34.929536
Cordeiro;Rua Desembargador Virgilio De Sa Pereira, 118 - Cordeiro;Rua Desembargador Virgilio De Sa Pereira;1;0;3214.04;208269.95;64.8;-8.049934;-34.925453
Cordeiro;Rua Desembargador Virgilio De Sa Pereira, 224 - Cordeiro;Rua Desembargador Virgilio De Sa Pereira;1;0;2627.63;642822.8;244.64;-8.049528;-34.926251
Cordeiro;Rua Desembargador Virgilio De Sa Pereira, 420 - Cordeiro;Rua Desembargador Virgilio De Sa Pereira;1;1;7464.91;443117.24;59.36;-8.048904;-34.927517
Cordeiro;Rua Dezesseis De Outubro, 108 - Cordeiro;Rua Dezesseis De Outubro;1;0;2780.55;1188212.67;427.33;-8.056331;-34.931367
Cordeiro;Rua Dezesseis De Outubro, 216 - Cordeiro;Rua Dezesseis De Outubro;1;0;5661.32;1613873.66;285.07;-8.057103;-34.93187
Cordeiro;Rua Doutor Artur Goncalves Figueredo, 114 - Cordeiro;Rua Doutor Artur Goncalves Figueredo;1;0;2789.86;403999.74;144.81;-8.051111;-34.929996
Cordeiro;Rua Doutor Artur Goncalves Figueredo, 30 - Cordeiro;Rua Doutor Artur Goncalves Figueredo;1;0;3416.79;449170.56;131.46;-8.050478;-34.929642
Cordeiro;Rua Doutor Artur Goncalves Figueredo, 72 - Cordeiro;Rua Doutor Artur Goncalves Figueredo;1;0;3203.29;330227.03;103.09;-8.050793;-34.929819
Cordeiro;Rua Doutor Joao Lacerda, 97 - Cordeiro;Rua Doutor Joao Lacerda;1;0;2903.28;447104.94;154.0;-8.047986;-34.923385
Cordeiro;Rua Estrela Do Leste, 120 - Cordeiro;Rua Estrela Do Leste;1;0;3769.14;139458.35;37.0;-8.051725;-34.929665
Cordeiro;Rua Eurico De Souza Leao, 290 - Cordeiro;Rua Eurico De Souza Leao;1;0;5186.01;414932.8;80.01;-8.050682;-34.928277
Cordeiro;Rua Eurico De Souza Leao, 500 - Cordeiro;Rua Eurico De Souza Leao;1;0;3363.98;1033850.44;307.33;-8.049734;-34.929995
Cordeiro;Rua Eurico De Souza Leao, 540 - Cordeiro;Rua Eurico De Souza Leao;1;0;3140.58;590900.94;188.15;-8.049443;-34.930526
Cordeiro;Rua Francisco De Paula Machado, 36 - Cordeiro;Rua Francisco De Paula Machado;1;0;1672.67;108188.26;64.68;-8.054396;-34.92379
Cordeiro;Rua Francisco Vita, 157 - Cordeiro;Rua Francisco Vita;1;1;3466.57;469269.99;135.37;-8.050076;-34.924773
Cordeiro;Rua Francisco Vita, 197 - Cordeiro;Rua Francisco Vita;1;0;3079.65;489664.07;159.0;-8.050296;-34.924888
Cordeiro;Rua Francisco Vita, 72 - Cordeiro;Rua Francisco Vita;1;0;3149.24;251120.0;79.74;-8.049894;-34.925028
Cordeiro;Rua Joaquim Alheiros, 334 - Cordeiro;Rua Joaquim Alheiros;1;1;3006.18;662110.16;220.25;-8.047356;-34.920585
Cordeiro;Rua Joaquim Ferreira, 122 - Cordeiro;Rua Joaquim Ferreira;1;0;2840.57;270308.97;95.16;-8.051377;-34.929698
Cordeiro;Rua Levino Ferreira, 155 - Cordeiro;Rua Levino Ferreira;1;0;1982.76;397919.77;200.69;-8.046296;-34.921791
Cordeiro;Rua Major Quinteiro, 50 - Cordeiro;Rua Major Quinteiro;1;0;1461.43;541329.57;370.41;-8.05081;-34.919269
Cordeiro;Rua Major Quinteiro, 88 - Cordeiro;Rua Major Quinteiro;1;0;3802.29;549393.07;144.49;-8.050436;-34.919214
Cordeiro;Rua Mandiore, 64 - Cordeiro;Rua Mandiore;1;0;2624.25;386264.03;147.19;-8.054561;-34.924992
Cordeiro;Rua Manoel Ariosto, 144 - Cordeiro;Rua Manoel Ariosto;1;0;3615.09;563954.49;156.0;-8.046716;-34.921571
Cordeiro;Rua Manoel Ariosto, 154 - Cordeiro;Rua Manoel Ariosto;1;0;2003.71;592215.31;295.56;-8.046629;-34.921523
Cordeiro;Rua Manoel Ariosto, 23 - Cordeiro;Rua Manoel Ariosto;1;0;2213.88;435868.39;196.88;-8.047447;-34.922372
Cordeiro;Rua Manoel Ariosto, 54 - Cordeiro;Rua Manoel Ariosto;1;0;3034.64;466970.12;153.88;-8.047469;-34.921993
Cordeiro;Rua Manoel Ariosto, 81 - Cordeiro;Rua Manoel Ariosto;1;0;4634.81;257788.05;55.62;-8.047024;-34.922068
Cordeiro;Rua Maria Quiteria, 216 - Cordeiro;Rua Maria Quiteria;1;0;4299.92;372545.36;86.64;-8.04441;-34.928773
Cordeiro;Rua Mathuzalem Wanderley, 67 - Cordeiro;Rua Mathuzalem Wanderley;1;0;3096.27;704866.93;227.65;-8.049461;-34.932718
Cordeiro;Rua N S Da Saude, 188 - Cordeiro;Rua N S Da Saude;1;0;3779.98;834165.99;220.68;-8.044249;-34.928914
Cordeiro;Rua N S Da Saude, 394 - Cordeiro;Rua N S Da Saude;1;0;3195.31;968786.97;303.19;-8.042866;-34.928148
Cordeiro;Rua N S De Lourdes, 69 - Cordeiro;Rua N S De Lourdes;1;0;2393.08;241461.8;100.9;-8.050069;-34.931185
Cordeiro;Rua N S De Lourdes, 75 - Cordeiro;Rua N S De Lourdes;1;0;2655.77;220906.89;83.18;-8.050093;-34.931363
Cordeiro;Rua N S De Lourdes, 96 - Cordeiro;Rua N S De Lourdes;1;0;2899.53;431479.09;148.81;-8.050118;-34.931541
Cordeiro;Rua Natal, 113 - Cordeiro;Rua Natal;1;0;7158.07;644226.39;90.0;-8.053181;-34.932647
Cordeiro;Rua Natal, 128 - Cordeiro;Rua Natal;1;0;2974.95;202296.4;68.0;-8.052788;-34.932575
Cordeiro;Rua Natal, 137 - Cordeiro;Rua Natal;1;0;3673.28;575088.56;156.56;-8.053097;-34.93279
Cordeiro;Rua Natal, 156 - Cordeiro;Rua Natal;1;0;4377.43;968813.42;221.32;-8.052666;-34.932799
Cordeiro;Rua Natal, 232 - Cordeiro;Rua Natal;1;0;3245.52;342337.4;105.48;-8.052744;-34.93343
Cordeiro;Rua Natal, 250 - Cordeiro;Rua Natal;1;0;2655.96;463757.85;174.61;-8.052479;-34.933134
Cordeiro;Rua Natal, 61 - Cordeiro;Rua Natal;1;0;1723.29;601945.22;349.3;-8.053365;-34.932308
Cordeiro;Rua Ocidental, 139 - Cordeiro;Rua Ocidental;1;0;5624.79;208117.11;37.0;-8.052555;-34.935054
Cordeiro;Rua Ocidental, 84 - Cordeiro;Rua Ocidental;1;0;3332.02;254333.36;76.33;-8.051996;-34.934473
Cordeiro;Rua Odete Monteiro, 199 - Cordeiro;Rua Odete Monteiro;1;0;5321.93;481527.96;90.48;-8.047144;-34.919217
Cordeiro;Rua Olinda Maria Da Silva, 70 - Cordeiro;Rua Olinda Maria Da Silva;1;0;4349.96;335773.09;77.19;-8.051343;-34.928469
Cordeiro;Rua Olinda Maria Da Silva, 88 - Cordeiro;Rua Olinda Maria Da Silva;1;0;4314.47;487233.25;112.93;-8.051237;-34.928658
Cordeiro;Rua Pereira De Moraes, 189 - Cordeiro;Rua Pereira De Moraes;1;0;3081.84;285871.57;92.76;-8.055972;-34.926728
Cordeiro;Rua Pereira De Moraes, 196 - Cordeiro;Rua Pereira De Moraes;1;0;2613.07;316939.71;121.29;-8.055939;-34.92614
Cordeiro;Rua Pereira De Moraes, 260 - Cordeiro;Rua Pereira De Moraes;1;0;3282.26;571277.48;174.05;-8.055781;-34.926599
Cordeiro;Rua Pereira De Moraes, 285 - Cordeiro;Rua Pereira De Moraes;1;0;2488.64;449100.87;180.46;-8.05598;-34.926971
Cordeiro;Rua Pereira De Moraes, 433 - Cordeiro;Rua Pereira De Moraes;1;0;4016.96;1127479.77;280.68;-8.055338;-34.928853
Cordeiro;Rua Pereira De Moraes, 82 - Cordeiro;Rua Pereira De Moraes;1;0;2126.9;344749.29;162.09;-8.056322;-34.925122
Cordeiro;Rua Pessoa Guerra, 79 - Cordeiro;Rua Pessoa Guerra;1;0;1776.1;243325.18;137.0;-8.046334;-34.924167
Cordeiro;Rua Pierre Curie, 107 - Cordeiro;Rua Pierre Curie;1;0;1357.86;463245.97;341.16;-8.046987;-34.919636
Cordeiro;Rua Pierre Curie, 35 - Cordeiro;Rua Pierre Curie;1;0;1959.88;334884.29;170.87;-8.047587;-34.919981
Cordeiro;Rua Pierre Curie, 36 - Cordeiro;Rua Pierre Curie;1;0;3955.3;740352.49;187.18;-8.047739;-34.919716
Cordeiro;Rua Pierre Curie, 47 - Cordeiro;Rua Pierre Curie;1;0;1902.73;314824.95;165.46;-8.047504;-34.919928
Cordeiro;Rua Pierre Curie, 65 - Cordeiro;Rua Pierre Curie;1;0;2541.6;582993.06;229.38;-8.047284;-34.919803
Cordeiro;Rua Pierre Curie, 97 - Cordeiro;Rua Pierre Curie;1;0;3175.4;635112.11;200.01;-8.047105;-34.919701
Cordeiro;Rua Professor Evaldo Altino, 617 - Cordeiro;Rua Professor Evaldo Altino;1;0;2587.68;324753.99;125.5;-8.052218;-34.929384
Cordeiro;Rua Professor Evaldo Altino, 684 - Cordeiro;Rua Professor Evaldo Altino;1;0;2322.5;383979.3;165.33;-8.052614;-34.930007
Cordeiro;Rua Professor Joaquim Xavier De Brito, 163 - Cordeiro;Rua Professor Joaquim Xavier De Brito;1;0;3537.65;195242.99;55.19;-8.052125;-34.934899
Cordeiro;Rua Professor Joaquim Xavier De Brito, 166 - Cordeiro;Rua Professor Joaquim Xavier De Brito;1;1;4232.76;234114.11;55.31;-8.05203;-34.93459
Cordeiro;Rua Professor Joaquim Xavier De Brito, 610 - Cordeiro;Rua Professor Joaquim Xavier De Brito;1;0;5304.73;461988.72;87.09;-8.048307;-34.935588
Cordeiro;Rua Professor Joaquim Xavier De Brito, 640 - Cordeiro;Rua Professor Joaquim Xavier De Brito;1;0;2860.74;624814.19;218.41;-8.048045;-34.935659
Cordeiro;Rua Ribeiro Roma, 447 - Cordeiro;Rua Ribeiro Roma;1;0;4774.96;721543.77;151.11;-8.050218;-34.919057
Cordeiro;Rua Rio Capibaribe, 21 - Cordeiro;Rua Rio Capibaribe;1;0;4104.79;391104.11;95.28;-8.051219;-34.93082
Cordeiro;Rua Rio Capibaribe, 328 - Cordeiro;Rua Rio Capibaribe;1;0;2087.52;366275.54;175.46;-8.049647;-34.932935
Cordeiro;Rua Rio Das Flores, 45 - Cordeiro;Rua Rio Das Flores;1;0;1635.15;818017.04;500.27;-8.051205;-34.923342
Cordeiro;Rua Rio De Janeiro, 25 - Cordeiro;Rua Rio De Janeiro;1;0;2905.51;528599.3;181.93;-8.054717;-34.932559
Cordeiro;Rua Rio Jaboatao, 73 - Cordeiro;Rua Rio Jaboatao;1;0;958.52;130320.88;135.96;-8.053265;-34.935326
Cordeiro;Rua Rio Jiquia, 109 - Cordeiro;Rua Rio Jiquia;1;0;2702.29;778205.93;287.98;-8.051475;-34.931694
Cordeiro;Rua Rio Jiquia, 143 - Cordeiro;Rua Rio Jiquia;1;0;3086.81;561398.21;181.87;-8.051039;-34.932477
Cordeiro;Rua Rio Jiquia, 175 - Cordeiro;Rua Rio Jiquia;1;0;3923.57;591477.69;150.75;-8.051163;-34.932251
Cordeiro;Rua Rio Jiquia, 90 - Cordeiro;Rua Rio Jiquia;1;0;10378.34;313633.41;30.22;-8.051263;-34.931285
Cordeiro;Rua Serra Da Canastra, 391 - Cordeiro;Rua Serra Da Canastra;1;0;0.0;1.76;672.3;-8.061442;-34.930311
Cordeiro;Rua Sigismundo Goncalves, 157 - Cordeiro;Rua Sigismundo Goncalves;1;1;6905.49;527579.74;76.4;-8.045501;-34.928927
Cordeiro;Rua Sigismundo Goncalves, 23 - Cordeiro;Rua Sigismundo Goncalves;1;0;2498.72;179907.89;72.0;-8.04608;-34.927749
Cordeiro;Rua Soldado Adalberto De Melo, 109 - Cordeiro;Rua Soldado Adalberto De Melo;1;0;3341.8;269850.42;80.75;-8.048856;-34.922042
Cordeiro;Rua Soldado Adalberto De Melo, 194 - Cordeiro;Rua Soldado Adalberto De Melo;1;0;1680.52;424365.6;252.52;-8.048302;-34.92269
Cordeiro;Rua Soldado Adalberto De Melo, 48 - Cordeiro;Rua Soldado Adalberto De Melo;1;0;2608.99;478906.34;183.56;-8.049004;-34.921418
Cordeiro;Rua Soldado Herminio Da Silva, 105 - Cordeiro;Rua Soldado Herminio Da Silva;1;0;2557.12;340863.69;133.3;-8.049174;-34.922077
Cordeiro;Rua Soldado Herminio Da Silva, 253 - Cordeiro;Rua Soldado Herminio Da Silva;1;0;6092.06;656785.07;107.81;-8.048555;-34.923247
Cordeiro;Rua Soldado Herminio Da Silva, 92 - Cordeiro;Rua Soldado Herminio Da Silva;1;0;1813.29;202653.68;111.76;-8.049081;-34.921888
Cordeiro;Rua Tabatinga, 157 - Cordeiro;Rua Tabatinga;1;0;2485.49;177463.81;71.4;-8.059493;-34.930777
Cordeiro;Rua Tabatinga, 50 - Cordeiro;Rua Tabatinga;1;0;2962.62;615188.7;207.65;-8.059552;-34.930268
Cordeiro;Rua Tabatinga, 62 - Cordeiro;Rua Tabatinga;1;0;3192.78;606436.62;189.94;-8.05958;-34.929814
Cordeiro;Rua Tabatinga, 84 - Cordeiro;Rua Tabatinga;1;0;3501.44;638557.48;182.37;-8.059817;-34.930186
Cordeiro;Rua Taio, 127 - Cordeiro;Rua Taio;1;1;3405.55;302344.44;88.78;-8.057766;-34.929929
Cordeiro;Rua Tamboril, 152 - Cordeiro;Rua Tamboril;1;0;3676.02;197769.95;53.8;-8.058592;-34.930251
Cordeiro;Rua Tamboril, 33 - Cordeiro;Rua Tamboril;1;0;2045.21;494551.82;241.81;-8.058655;-34.930115
Cordeiro;Rua Tamboril, 54 - Cordeiro;Rua Tamboril;1;0;3044.26;618168.39;203.06;-8.059206;-34.929981
Cordeiro;Rua Taperoa, 89 - Cordeiro;Rua Taperoa;1;0;1260.1;436399.36;346.32;-8.055122;-34.933588
Cordeiro;Rua Tapiassu, 52 - Cordeiro;Rua Tapiassu;1;0;3471.52;179164.94;51.61;-8.060522;-34.930884
Cordeiro;Rua Teotonio Freire, 48 - Cordeiro;Rua Teotonio Freire;1;0;896.28;213422.09;238.12;-8.04866;-34.921228
Cordeiro;Rua Teotonio Freire, 635 - Cordeiro;Rua Teotonio Freire;1;0;4501.49;384292.34;85.37;-8.04771;-34.923632
Cordeiro;Rua Teotonio Freire, 645 - Cordeiro;Rua Teotonio Freire;1;0;2688.28;494375.59;183.9;-8.047667;-34.923714
Cordeiro;Rua Teotonio Freire, 690 - Cordeiro;Rua Teotonio Freire;1;0;4261.56;395770.78;92.87;-8.047156;-34.923904
Cordeiro;Rua Teotonio Freire, 695 - Cordeiro;Rua Teotonio Freire;1;0;4754.84;432214.93;90.9;-8.047448;-34.924107
Cordeiro;Rua Teotonio Freire, 733 - Cordeiro;Rua Teotonio Freire;1;0;3275.87;768584.67;234.62;-8.047314;-34.924346
Cordeiro;Rua Teotonio Freire, 782 - Cordeiro;Rua Teotonio Freire;1;0;3911.23;299209.16;76.5;-8.046756;-34.924623
Cordeiro;Rua Teotonio Freire, 796 - Cordeiro;Rua Teotonio Freire;1;0;2041.66;381708.13;186.96;-8.046694;-34.924741
Cordeiro;Rua Teotonio Freire, 91 - Cordeiro;Rua Teotonio Freire;1;0;4391.4;474271.32;108.0;-8.048721;-34.921683
Cordeiro;Rua Tomaz Gonzaga, 380 - Cordeiro;Rua Tomaz Gonzaga;1;0;6284.34;900859.47;143.35;-8.048485;-34.918631
Cordeiro;Rua Vicente Do Rego Monteiro, 262 - Cordeiro;Rua Vicente Do Rego Monteiro;1;0;5693.17;466839.66;82.0;-8.057858;-34.930177
Cordeiro;Rua Vicente Do Rego Monteiro, 283 - Cordeiro;Rua Vicente Do Rego Monteiro;1;0;7566.16;651748.67;86.14;-8.058226;-34.930017
Cordeiro;Rua Vicente Do Rego Monteiro, 301 - Cordeiro;Rua Vicente Do Rego Monteiro;1;0;6558.3;564931.97;86.14;-8.058318;-34.930143
Cordeiro;Rua Visconde De Itaborai, 629 - Cordeiro;Rua Visconde De Itaborai;1;0;3848.53;1131659.67;294.05;-8.047837;-34.934594
Cordeiro;Rua Visconde De Itaborai, 692 - Cordeiro;Rua Visconde De Itaborai;1;0;2308.44;427269.54;185.09;-8.0475;-34.93536
Corrego Do Jenipapo;Rua Corrego Da Loura, 973 - Corrego Do Jenipapo;Rua Corrego Da Loura;1;0;6965.64;111450.21;16.0;-8.0578;-34.8829
Curado;Rua Onze De Agosto, 550 - Curado;Rua Onze De Agosto;38;21;4696.19;170567.52;36.32;-8.083702;-34.955239
Curado;Rua Pavuna, 20 - Curado;Rua Pavuna;13;6;3977.9;160587.98;40.37;-8.083702;-34.955239
Curado;Rua Brejo Novo, 52 - Curado;Rua Brejo Novo;3;3;2798.12;770042.59;275.2;-8.083702;-34.955239
Curado;Rua Desembargador Paulo Andre, 145 - Curado;Rua Desembargador Paulo Andre;3;3;4809.94;221257.38;46.0;-8.083702;-34.955239
Curado;Avenida Recife, 672 - Curado;Avenida Recife;1;0;4406.47;1176527.2;267.0;-8.097922;-34.926819
Curado;Estrada Do Curado, 189 - Curado;Estrada Do Curado;1;0;5881.67;723445.19;123.0;-8.083702;-34.955239
Curado;Rua Agostinho Barbalho, 665 - Curado;Rua Agostinho Barbalho;1;0;1286.92;279146.53;216.91;-8.083702;-34.955239
Curado;Rua Coronel Fernando Machado, 329 - Curado;Rua Coronel Fernando Machado;1;0;1106.32;200465.43;181.2;-8.083702;-34.955239
Curado;Rua Coronel Fernando Machado, 571 - Curado;Rua Coronel Fernando Machado;1;0;3290.86;539700.85;164.0;-8.083702;-34.955239
Curado;Rua Desembargador Paulo Andre, 16 - Curado;Rua Desembargador Paulo Andre;1;0;3744.91;172265.99;46.0;-8.083702;-34.955239
Curado;Rua Jose Tavares De Holanda, 391 - Curado;Rua Jose Tavares De Holanda;1;0;2314.0;210574.43;91.0;-8.083702;-34.955239
Curado;Rua Pradinia, 6 - Curado;Rua Pradinia;1;0;3979.12;194976.68;49.0;-8.083702;-34.955239
Derby;Rua Engenheiro Teofilo De Freitas, 30 - Derby;Rua Engenheiro Teofilo De Freitas;19;9;6213.29;967645.46;156.21;-8.053629;-34.902355
Derby;Praça Do Derby, 149 - Derby;Praça Do Derby;18;0;7243.18;727747.38;103.77;-8.05777;-34.899005
Derby;Rua Jornalista Paulo Bittencourt, 155 - Derby;Rua Jornalista Paulo Bittencourt;14;6;4483.9;218227.4;48.85;-8.05408;-34.899567
Derby;Rua Amaro Bezerra, 458 - Derby;Rua Amaro Bezerra;10;4;5414.27;946143.69;174.75;-8.053285;-34.900271
Derby;Rua Da Baixa Verde, 304 - Derby;Rua Da Baixa Verde;10;3;5350.22;592791.42;110.88;-8.054706;-34.899028
Derby;Rua Guilherme Pinto, 325 - Derby;Rua Guilherme Pinto;8;7;4271.13;394652.53;92.52;-8.053639;-34.901818
Derby;Rua Joaquim Nabuco, 747 - Derby;Rua Joaquim Nabuco;7;0;5687.63;275822.35;49.11;-8.053125;-34.903255
Derby;Rua Viscondessa Do Livramento, 98 - Derby;Rua Viscondessa Do Livramento;7;7;6715.62;732557.28;109.8;-8.060005;-34.89888
Derby;Rua Joaquim Nabuco, 529 - Derby;Rua Joaquim Nabuco;6;2;3908.27;450792.78;115.56;-8.052995;-34.900993
Derby;Rua Joaquim Nabuco, 547 - Derby;Rua Joaquim Nabuco;4;4;19938.23;7553197.18;378.83;-8.053076;-34.901199
Derby;Rua Jornalista Paulo Bittencourt, 141 - Derby;Rua Jornalista Paulo Bittencourt;4;0;3821.69;199056.1;52.49;-8.054136;-34.899386
Derby;Rua Guilherme Pinto, 265 - Derby;Rua Guilherme Pinto;3;1;6975.75;759219.93;108.72;-8.05318;-34.901988
Derby;Rua Viscondessa Do Livramento, 94 - Derby;Rua Viscondessa Do Livramento;3;3;7272.63;1178165.48;162.0;-8.059923;-34.898809
Derby;Rua Amaro Bezerra, 387 - Derby;Rua Amaro Bezerra;2;0;2605.36;296993.75;144.04;-8.053119;-34.899512
Derby;Rua Amaro Bezerra, 500 - Derby;Rua Amaro Bezerra;2;0;5510.52;776927.64;140.99;-8.053793;-34.900419
Derby;Rua Da Baixa Verde, 287 - Derby;Rua Da Baixa Verde;2;1;4360.5;644059.14;147.75;-8.055059;-34.89837
Derby;Rua Engenheiro Teofilo De Freitas, 110 - Derby;Rua Engenheiro Teofilo De Freitas;2;0;3413.31;354312.54;100.41;-8.054109;-34.902894
Derby;Rua Jornalista Paulo Bittencourt, 91 - Derby;Rua Jornalista Paulo Bittencourt;2;2;2993.66;212819.64;71.09;-8.054306;-34.898929
Derby;Rua Manoel Caetano, 103 - Derby;Rua Manoel Caetano;2;0;5113.1;1126620.92;216.13;-8.054232;-34.901144
Derby;Rua Manoel Caetano, 72 - Derby;Rua Manoel Caetano;2;2;3113.05;1225077.15;393.53;-8.053841;-34.900789
Derby;Rua Viscondessa Do Livramento, 290 - Derby;Rua Viscondessa Do Livramento;2;2;3896.78;2476053.99;635.41;-8.061376;-34.900061
Derby;Avenida Governador Agamenon Magalhaes, 2132 - Derby;Avenida Governador Agamenon Magalhaes;1;0;18158.84;21987265.66;1210.83;-8.059303;-34.89851
Derby;Rua Amaro Bezerra, 401 - Derby;Rua Amaro Bezerra;1;0;4413.13;2180000.2;493.98;-8.053235;-34.899567
Derby;Rua Henrique Dias, 675 - Derby;Rua Henrique Dias;1;0;2831.84;2386898.33;842.88;-8.058784;-34.898561
Derby;Rua Joaquim Nabuco, 583 - Derby;Rua Joaquim Nabuco;1;0;14815.4;14190787.01;957.84;-8.053088;-34.901517
Derby;Rua Joaquim Nabuco, 729 - Derby;Rua Joaquim Nabuco;1;0;3342.72;252174.97;75.44;-8.053062;-34.90283
Derby;Rua Jornalista Paulo Bittencourt, 147 - Derby;Rua Jornalista Paulo Bittencourt;1;0;3109.59;960056.36;308.74;-8.05409;-34.89945
Derby;Rua Jornalista Paulo Bittencourt, 33 - Derby;Rua Jornalista Paulo Bittencourt;1;0;3778.77;66166.2;17.51;-8.054557;-34.898474
Derby;Rua Manoel Caetano, 132 - Derby;Rua Manoel Caetano;1;0;3598.86;1056913.3;293.68;-8.053784;-34.901457
Derby;Rua Manoel Caetano, 153 - Derby;Rua Manoel Caetano;1;0;2652.14;1365027.73;514.69;-8.054232;-34.901585
Derby;Rua Viscondessa Do Livramento, 100 - Derby;Rua Viscondessa Do Livramento;1;0;4357.1;1960000.0;449.84;-8.06009;-34.89895
Derby;Rua Viscondessa Do Livramento, 314 - Derby;Rua Viscondessa Do Livramento;1;0;6436.39;2929586.0;455.16;-8.061712;-34.900142
Dois Irmaos;Rua Dois Irmaos, 982 - Dois Irmaos;Rua Dois Irmaos;3;3;56594.77;5036934.36;89.0;-8.01583;-34.941437
Dois Unidos;Avenida Hildebrando De Vasconcelos, 1088 - Dois Unidos;Avenida Hildebrando De Vasconcelos;209;18;8078.27;250913.6;31.2;-8.0578;-34.8829
Dois Unidos;Avenida Arlindo Dos Oito Baixos, 179 - Dois Unidos;Avenida Arlindo Dos Oito Baixos;25;2;5483.43;232074.53;42.36;-8.0578;-34.8829
Dois Unidos;Avenida Hildebrando De Vasconcelos, 1120 - Dois Unidos;Avenida Hildebrando De Vasconcelos;20;0;5382.67;229207.06;42.68;-8.0578;-34.8829
Encruzilhada;Rua Marechal Deodoro, 503 - Encruzilhada;Rua Marechal Deodoro;220;220;7443.67;538415.39;72.32;-8.036493;-34.884478
Encruzilhada;Rua Marechal Deodoro, 340 - Encruzilhada;Rua Marechal Deodoro;52;35;6147.14;452301.48;73.58;-8.037933;-34.884999
Encruzilhada;Rua Marechal Deodoro, 404 - Encruzilhada;Rua Marechal Deodoro;52;9;5763.49;418390.04;72.58;-8.037611;-34.884656
Encruzilhada;Rua Dona Julieta, 360 - Encruzilhada;Rua Dona Julieta;45;24;7643.71;522545.2;68.4;-8.033385;-34.890962
Encruzilhada;Rua Professor Otavio De Freitas, 123 - Encruzilhada;Rua Professor Otavio De Freitas;33;16;7567.21;525512.38;69.61;-8.034578;-34.894671
Encruzilhada;Rua Belmiro Correa, 59 - Encruzilhada;Rua Belmiro Correa;31;12;8114.15;1036745.34;127.77;-8.035535;-34.896122
Encruzilhada;Rua Quarenta E Oito, 1000 - Encruzilhada;Rua Quarenta E Oito;30;19;7708.47;484577.78;62.87;-8.037972;-34.893977
Encruzilhada;Rua Doutor Eneas De Lucena, 135 - Encruzilhada;Rua Doutor Eneas De Lucena;27;6;5461.96;409830.92;75.03;-8.032718;-34.89505
Encruzilhada;Rua Dona Elvira, 115 - Encruzilhada;Rua Dona Elvira;24;6;4524.26;269221.41;59.61;-8.034968;-34.889283
Encruzilhada;Rua Teles Junior, 230 - Encruzilhada;Rua Teles Junior;19;12;7472.69;861600.82;115.3;-8.036981;-34.897544
Encruzilhada;Rua Nossa Senhora De Pompeia, 86 - Encruzilhada;Rua Nossa Senhora De Pompeia;15;8;10307.17;736292.39;71.43;-8.036059;-34.893318
Encruzilhada;Rua Teles Junior, 110 - Encruzilhada;Rua Teles Junior;13;2;6875.15;660578.42;88.7;-8.037338;-34.896579
Encruzilhada;Rua Caio Pereira, 334 - Encruzilhada;Rua Caio Pereira;12;7;7629.77;952576.74;124.85;-8.035095;-34.896937
Encruzilhada;Rua Dona Elvira, 215 - Encruzilhada;Rua Dona Elvira;12;0;4581.9;334020.38;72.9;-8.034075;-34.889836
Encruzilhada;Rua Teles Junior, 122 - Encruzilhada;Rua Teles Junior;12;2;4237.26;232293.61;55.64;-8.037296;-34.896788
Encruzilhada;Avenida Santos Dumont, 616 - Encruzilhada;Avenida Santos Dumont;10;8;7534.29;221392.5;29.48;-8.035918;-34.897436
Encruzilhada;Rua Doutor Eneas De Lucena, 120 - Encruzilhada;Rua Doutor Eneas De Lucena;10;3;5245.1;420643.41;80.42;-8.034098;-34.895209
Encruzilhada;Rua Marechal Deodoro, 105 - Encruzilhada;Rua Marechal Deodoro;10;6;3522.45;555876.78;156.18;-8.038947;-34.887033
Encruzilhada;Avenida Santos Dumont, 576 - Encruzilhada;Avenida Santos Dumont;9;2;5586.09;398958.87;71.42;-8.036317;-34.897352
Encruzilhada;Rua Amaro Coutinho, 213 - Encruzilhada;Rua Amaro Coutinho;9;3;7956.53;642440.97;80.73;-8.035915;-34.892877
Encruzilhada;Rua General Artur Oscar, 30 - Encruzilhada;Rua General Artur Oscar;9;4;7508.8;491159.09;65.39;-8.036256;-34.896484
Encruzilhada;Rua Marechal Deodoro, 300 - Encruzilhada;Rua Marechal Deodoro;9;0;6513.21;81415.11;12.5;-8.038257;-34.885347
Encruzilhada;Rua Marechal Deodoro, 603 - Encruzilhada;Rua Marechal Deodoro;9;4;3287.3;320772.56;97.85;-8.035813;-34.883743
Encruzilhada;Rua Nossa Senhora De Pompeia, 65 - Encruzilhada;Rua Nossa Senhora De Pompeia;9;6;4663.25;739935.55;158.83;-8.03606;-34.893314
Encruzilhada;Avenida Santos Dumont, 530 - Encruzilhada;Avenida Santos Dumont;8;3;8093.04;787207.11;97.32;-8.036702;-34.897418
Encruzilhada;Rua Doutor Eneas De Lucena, 355 - Encruzilhada;Rua Doutor Eneas De Lucena;8;6;4000.01;417730.18;104.37;-8.031794;-34.894681
Encruzilhada;Rua Larga Do Feitosa, 282 - Encruzilhada;Rua Larga Do Feitosa;8;2;7311.02;512345.12;70.36;-8.036923;-34.885596
Encruzilhada;Rua Marechal Deodoro, 422 - Encruzilhada;Rua Marechal Deodoro;8;4;4288.84;313643.14;73.13;-8.037522;-34.884547
Encruzilhada;Rua Vinte E Quatro De Junho, 35 - Encruzilhada;Rua Vinte E Quatro De Junho;8;2;6635.05;473139.89;71.68;-8.037169;-34.886313
Encruzilhada;Rua Augusto Rodrigues, 61 - Encruzilhada;Rua Augusto Rodrigues;6;4;3778.65;291043.04;79.27;-8.039815;-34.886393
Encruzilhada;Rua Augusto Rodrigues, 73 - Encruzilhada;Rua Augusto Rodrigues;6;3;4022.19;308421.37;76.68;-8.039723;-34.886274
Encruzilhada;Rua Larga Do Feitosa, 30 - Encruzilhada;Rua Larga Do Feitosa;6;2;6973.09;547247.82;78.48;-8.036561;-34.885353
Encruzilhada;Rua Marechal Deodoro, 465 - Encruzilhada;Rua Marechal Deodoro;6;6;5694.57;1036525.3;182.02;-8.036657;-34.884664
Encruzilhada;Rua Quarenta E Oito, 942 - Encruzilhada;Rua Quarenta E Oito;6;3;5957.27;127192.04;21.36;-8.038449;-34.894112
Encruzilhada;Rua Augusto Rodrigues, 339 - Encruzilhada;Rua Augusto Rodrigues;5;5;5379.56;1107058.73;205.79;-8.038773;-34.885138
Encruzilhada;Rua Frederico, 170 - Encruzilhada;Rua Frederico;5;2;5260.02;366765.93;69.96;-8.033785;-34.890136
Encruzilhada;Rua Professor Otavio De Freitas, 166 - Encruzilhada;Rua Professor Otavio De Freitas;5;5;3778.54;767231.9;203.05;-8.034656;-34.894164
Encruzilhada;Rua Professor Otavio De Freitas, 176 - Encruzilhada;Rua Professor Otavio De Freitas;5;5;2878.75;1149369.3;399.26;-8.034591;-34.894085
Encruzilhada;Rua Bacabal, 92 - Encruzilhada;Rua Bacabal;4;2;5451.32;249616.2;45.79;-8.036033;-34.890978
Encruzilhada;Rua Gomes De Matos Junior, 75 - Encruzilhada;Rua Gomes De Matos Junior;4;3;8823.59;1183420.61;134.12;-8.037054;-34.896105
Encruzilhada;Rua Marechal Deodoro, 449 - Encruzilhada;Rua Marechal Deodoro;4;4;4284.49;944044.81;220.34;-8.036761;-34.884756
Encruzilhada;Rua Marechal Deodoro, 457 - Encruzilhada;Rua Marechal Deodoro;4;4;5710.61;696694.64;122.0;-8.03672;-34.88471
Encruzilhada;Rua Marechal Deodoro, 87 - Encruzilhada;Rua Marechal Deodoro;4;4;2889.21;325007.73;112.49;-8.039188;-34.887108
Encruzilhada;Rua Mem De Sa, 234 - Encruzilhada;Rua Mem De Sa;4;2;4147.38;333117.38;80.32;-8.029991;-34.890212
Encruzilhada;Rua Professor Otavio De Freitas, 441 - Encruzilhada;Rua Professor Otavio De Freitas;4;2;3448.07;195685.76;56.78;-8.033235;-34.892143
Encruzilhada;Rua Teles Junior, 10 - Encruzilhada;Rua Teles Junior;4;0;11325.06;510801.88;44.72;-8.037674;-34.895705
Encruzilhada;Estrada De Belem, 420 - Encruzilhada;Estrada De Belem;3;0;3792.27;306668.88;80.83;-8.034427;-34.886061
Encruzilhada;Rua Augusto Rodrigues, 123 - Encruzilhada;Rua Augusto Rodrigues;3;3;5721.4;865647.67;151.3;-8.039482;-34.885965
Encruzilhada;Rua Augusto Rodrigues, 387 - Encruzilhada;Rua Augusto Rodrigues;3;3;2975.06;1163486.05;391.08;-8.038444;-34.884865
Encruzilhada;Rua Carlos Borromeu, 123 - Encruzilhada;Rua Carlos Borromeu;3;0;4933.09;247480.73;49.07;-8.036267;-34.89267
Encruzilhada;Rua Dona Elvira, 147 - Encruzilhada;Rua Dona Elvira;3;0;4169.09;214494.94;50.86;-8.03472;-34.889503
Encruzilhada;Rua Luiz De Camoes, 14 - Encruzilhada;Rua Luiz De Camoes;3;3;3856.03;692042.27;179.47;-8.031262;-34.89164
Encruzilhada;Rua Marechal Deodoro, 432 - Encruzilhada;Rua Marechal Deodoro;3;0;3347.19;301528.27;90.25;-8.03743;-34.884454
Encruzilhada;Rua Marechal Deodoro, 69 - Encruzilhada;Rua Marechal Deodoro;3;3;3970.79;509174.82;128.23;-8.039323;-34.88723
Encruzilhada;Rua Marechal Deodoro, 77 - Encruzilhada;Rua Marechal Deodoro;3;3;3775.1;547653.77;145.07;-8.039254;-34.88717
Encruzilhada;Rua Marechal Deodoro, 93 - Encruzilhada;Rua Marechal Deodoro;3;3;2936.12;581704.46;198.12;-8.039156;-34.887076
Encruzilhada;Rua Marechal Deodoro, 94 - Encruzilhada;Rua Marechal Deodoro;3;0;3580.82;266878.32;74.53;-8.039503;-34.886674
Encruzilhada;Rua Mem De Sa, 114 - Encruzilhada;Rua Mem De Sa;3;3;5590.62;802925.01;143.62;-8.030248;-34.891363
Encruzilhada;Rua Professor Jeronimo Gueiros, 55 - Encruzilhada;Rua Professor Jeronimo Gueiros;3;1;4552.13;262565.87;56.88;-8.032894;-34.891389
Encruzilhada;Rua Professor Joao Rodrigues, 73 - Encruzilhada;Rua Professor Joao Rodrigues;3;3;4734.66;1037885.35;219.21;-8.03355;-34.894243
Encruzilhada;Trv Augusto Rodrigues, 26 - Encruzilhada;Trv Augusto Rodrigues;3;3;5878.03;539675.15;92.01;-8.036033;-34.890978
Encruzilhada;Avenida Beberibe Santa Cruz Futebol Clube, 174 - Encruzilhada;Avenida Beberibe Santa Cruz Futebol Clube;2;2;8274.28;1593874.65;192.63;-8.035831;-34.891097
Encruzilhada;Avenida Santos Dumont, 544 - Encruzilhada;Avenida Santos Dumont;2;2;2727.0;942998.17;345.8;-8.036524;-34.897658
Encruzilhada;Rua Augusto Rodrigues, 329 - Encruzilhada;Rua Augusto Rodrigues;2;0;3700.67;159424.8;43.08;-8.038966;-34.885349
Encruzilhada;Rua Augusto Rodrigues, 45 - Encruzilhada;Rua Augusto Rodrigues;2;0;5185.54;336399.64;65.78;-8.040012;-34.886493
Encruzilhada;Rua Caio Pereira, 390 - Encruzilhada;Rua Caio Pereira;2;1;6412.36;774679.33;120.13;-8.03539;-34.896343
Encruzilhada;Rua Carlos Borromeu, 51 - Encruzilhada;Rua Carlos Borromeu;2;1;3364.58;339419.46;100.88;-8.036792;-34.893067
Encruzilhada;Rua Da Coragem, 115 - Encruzilhada;Rua Da Coragem;2;0;4036.0;205931.39;50.8;-8.035386;-34.890546
Encruzilhada;Rua Dos Andradas, 40 - Encruzilhada;Rua Dos Andradas;2;0;5090.92;276526.47;54.32;-8.036033;-34.890978
Encruzilhada;Rua Doutor Eneas De Lucena, 129 - Encruzilhada;Rua Doutor Eneas De Lucena;2;2;6582.64;1440217.57;218.79;-8.033693;-34.895611
Encruzilhada;Rua Joao Ezequiel, 44 - Encruzilhada;Rua Joao Ezequiel;2;2;2440.48;465888.64;190.9;-8.037031;-34.888762
Encruzilhada;Rua Larga Do Feitosa, 258 - Encruzilhada;Rua Larga Do Feitosa;2;0;5896.7;490793.04;83.28;-8.036717;-34.885722
Encruzilhada;Rua Larga Do Feitosa, 304 - Encruzilhada;Rua Larga Do Feitosa;2;0;4804.57;394839.58;82.18;-8.037104;-34.885453
Encruzilhada;Rua Marechal Deodoro, 150 - Encruzilhada;Rua Marechal Deodoro;2;2;2138.89;1367777.58;639.48;-8.03908;-34.886241
Encruzilhada;Rua Marechal Deodoro, 221 - Encruzilhada;Rua Marechal Deodoro;2;0;3134.47;290799.14;93.0;-8.038175;-34.886269
Encruzilhada;Rua Marechal Deodoro, 480 - Encruzilhada;Rua Marechal Deodoro;2;2;5309.14;1478171.54;278.42;-8.036989;-34.884224
Encruzilhada;Rua Marechal Deodoro, 494 - Encruzilhada;Rua Marechal Deodoro;2;2;12677.62;1305795.44;103.0;-8.037413;-34.884926
Encruzilhada;Rua Mem De Sa, 226 - Encruzilhada;Rua Mem De Sa;2;0;3890.29;312468.09;80.32;-8.030008;-34.89032
Encruzilhada;Rua Pacone, 214 - Encruzilhada;Rua Pacone;2;2;3223.36;1729012.98;536.4;-8.03058;-34.890419
Encruzilhada;Rua Pacone, 229 - Encruzilhada;Rua Pacone;2;2;3664.45;508002.52;138.63;-8.030493;-34.890259
Encruzilhada;Rua Pacone, 68 - Encruzilhada;Rua Pacone;2;2;4036.13;203420.88;50.4;-8.030242;-34.890269
Encruzilhada;Rua Padre Miguelinho, 182 - Encruzilhada;Rua Padre Miguelinho;2;2;5792.08;723951.28;124.99;-8.038568;-34.885199
Encruzilhada;Rua Professor Otavio De Freitas, 286 - Encruzilhada;Rua Professor Otavio De Freitas;2;2;3143.15;728959.38;231.92;-8.033966;-34.893416
Encruzilhada;Rua Salvador De Sa, 41 - Encruzilhada;Rua Salvador De Sa;2;2;4437.44;422665.95;95.25;-8.031495;-34.892635
Encruzilhada;Rua Samuel Campelo, 260 - Encruzilhada;Rua Samuel Campelo;2;0;7073.56;540134.24;76.59;-8.038011;-34.894409
Encruzilhada;Rua Teofilo De Vasconcelos, 41 - Encruzilhada;Rua Teofilo De Vasconcelos;2;2;5382.18;1243284.73;231.0;-8.037552;-34.895346
Encruzilhada;Rua Vicente Pinzon, 119 - Encruzilhada;Rua Vicente Pinzon;2;2;3557.56;293498.79;82.5;-8.034649;-34.885021
Encruzilhada;Rua Vicente Pinzon, 94 - Encruzilhada;Rua Vicente Pinzon;2;2;2540.54;142269.98;56.0;-8.034857;-34.885639
Encruzilhada;Rua Vinte E Quatro De Junho, 158 - Encruzilhada;Rua Vinte E Quatro De Junho;2;2;3357.29;654100.52;194.83;-8.036701;-34.887245
Encruzilhada;Avenida Beberibe Santa Cruz Futebol Clube, 205 - Encruzilhada;Avenida Beberibe Santa Cruz Futebol Clube;1;0;4575.45;296489.11;64.8;-8.035556;-34.891603
Encruzilhada;Avenida Beberibe Santa Cruz Futebol Clube, 247 - Encruzilhada;Avenida Beberibe Santa Cruz Futebol Clube;1;1;5451.1;1566645.37;287.4;-8.035224;-34.891627
Encruzilhada;Avenida Beberibe Santa Cruz Futebol Clube, 250 - Encruzilhada;Avenida Beberibe Santa Cruz Futebol Clube;1;0;2473.97;621831.97;251.35;-8.035109;-34.891245
Encruzilhada;Rua Augusto Rodrigues, 357 - Encruzilhada;Rua Augusto Rodrigues;1;0;1717.79;935679.0;544.7;-8.03866;-34.885007
Encruzilhada;Rua Augusto Rodrigues, 371 - Encruzilhada;Rua Augusto Rodrigues;1;0;6344.49;996656.0;157.09;-8.038514;-34.884949
Encruzilhada;Rua Augusto Rodrigues, 397 - Encruzilhada;Rua Augusto Rodrigues;1;0;3048.48;908235.0;297.93;-8.038373;-34.884783
Encruzilhada;Rua Augusto Rodrigues, 447 - Encruzilhada;Rua Augusto Rodrigues;1;0;1699.18;821044.94;483.2;-8.038018;-34.884371
Encruzilhada;Rua Augusto Rodrigues, 459 - Encruzilhada;Rua Augusto Rodrigues;1;0;2542.0;231525.37;91.08;-8.037946;-34.884289
Encruzilhada;Rua Augusto Rodrigues, 483 - Encruzilhada;Rua Augusto Rodrigues;1;0;2240.66;1125481.32;502.3;-8.037808;-34.884121
Encruzilhada;Rua Bacabal, 56 - Encruzilhada;Rua Bacabal;1;0;4987.53;200000.0;40.1;-8.036033;-34.890978
Encruzilhada;Rua Belmiro Correa, 64 - Encruzilhada;Rua Belmiro Correa;1;0;2891.03;744296.34;257.45;-8.035668;-34.895787
Encruzilhada;Rua Caio Pereira, 800 - Encruzilhada;Rua Caio Pereira;1;1;8742.14;865996.51;99.06;-8.034755;-34.897537
Encruzilhada;Rua Carneiro Vilela, 138 - Encruzilhada;Rua Carneiro Vilela;1;0;3039.39;727265.55;239.28;-8.039528;-34.893621
Encruzilhada;Rua Cristovao Jaques, 14 - Encruzilhada;Rua Cristovao Jaques;1;0;5140.4;96999.4;18.87;-8.033801;-34.885268
Encruzilhada;Rua Cristovao Jaques, 48 - Encruzilhada;Rua Cristovao Jaques;1;0;1503.09;171352.03;114.0;-8.034114;-34.8851
Encruzilhada;Rua Dona Elvira, 111 - Encruzilhada;Rua Dona Elvira;1;0;3397.07;1404792.13;413.53;-8.034968;-34.889283
Encruzilhada;Rua Dona Elvira, 161 - Encruzilhada;Rua Dona Elvira;1;0;1465.35;501150.56;342.0;-8.034616;-34.889569
Encruzilhada;Rua Dona Elvira, 189 - Encruzilhada;Rua Dona Elvira;1;0;5515.9;484406.71;87.82;-8.034339;-34.889601
Encruzilhada;Rua Doutor Jose Maria, 512 - Encruzilhada;Rua Doutor Jose Maria;1;1;8675.12;721857.03;83.21;-8.035969;-34.895826
Encruzilhada;Rua Doutor Jose Maria, 600 - Encruzilhada;Rua Doutor Jose Maria;1;1;7742.23;734815.14;94.91;-8.035672;-34.896615
Encruzilhada;Rua Frederico, 29 - Encruzilhada;Rua Frederico;1;0;2820.98;953490.87;338.0;-8.034096;-34.89143
Encruzilhada;Rua Joao Ezequiel, 63 - Encruzilhada;Rua Joao Ezequiel;1;0;2454.52;523572.88;213.31;-8.036719;-34.888853
Encruzilhada;Rua Larga Do Feitosa, 283 - Encruzilhada;Rua Larga Do Feitosa;1;1;6781.39;388437.96;57.28;-8.036309;-34.884818
Encruzilhada;Rua Leste, 2 - Encruzilhada;Rua Leste;1;0;2934.72;309289.88;105.39;-8.037528;-34.894776
Encruzilhada;Rua Leste, 63 - Encruzilhada;Rua Leste;1;0;2370.43;440308.0;185.75;-8.03762;-34.89458
Encruzilhada;Rua Luiz De Camoes, 175 - Encruzilhada;Rua Luiz De Camoes;1;0;3982.7;197860.3;49.68;-8.03256;-34.891014
Encruzilhada;Rua Manuel Canuto Mesquita, 98 - Encruzilhada;Rua Manuel Canuto Mesquita;1;0;2104.42;579282.54;275.27;-8.03892;-34.887639
Encruzilhada;Rua Marechal Deodoro, 184 - Encruzilhada;Rua Marechal Deodoro;1;0;1650.86;633270.28;383.6;-8.038914;-34.886066
Encruzilhada;Rua Marechal Deodoro, 192 - Encruzilhada;Rua Marechal Deodoro;1;0;6552.69;340215.7;51.92;-8.038848;-34.885984
Encruzilhada;Rua Marechal Deodoro, 235 - Encruzilhada;Rua Marechal Deodoro;1;0;6917.06;2173825.39;314.27;-8.038118;-34.886117
Encruzilhada;Rua Marechal Deodoro, 266 - Encruzilhada;Rua Marechal Deodoro;1;0;5093.7;341074.09;66.96;-8.038293;-34.885657
Encruzilhada;Rua Marechal Deodoro, 275 - Encruzilhada;Rua Marechal Deodoro;1;0;2338.95;285796.65;122.19;-8.03794;-34.885863
Encruzilhada;Rua Marechal Deodoro, 366 - Encruzilhada;Rua Marechal Deodoro;1;0;3331.36;325707.47;97.77;-8.037799;-34.884822
Encruzilhada;Rua Marechal Deodoro, 49 - Encruzilhada;Rua Marechal Deodoro;1;0;1702.92;369006.27;216.69;-8.039463;-34.887352
Encruzilhada;Rua Marechal Deodoro, 68 - Encruzilhada;Rua Marechal Deodoro;1;0;3006.18;1614982.38;537.22;-8.039641;-34.886826
Encruzilhada;Rua Marechal Deodoro, 76 - Encruzilhada;Rua Marechal Deodoro;1;0;3049.63;195481.32;64.1;-8.03959;-34.886769
Encruzilhada;Rua Marechal Deodoro, 83 - Encruzilhada;Rua Marechal Deodoro;1;0;3962.09;348109.27;87.86;-8.039223;-34.887137
Encruzilhada;Rua Mem De Sa, 254 - Encruzilhada;Rua Mem De Sa;1;0;4020.88;193565.1;48.14;-8.029871;-34.889994
Encruzilhada;Rua Padre Miguelinho, 61 - Encruzilhada;Rua Padre Miguelinho;1;0;23877.52;238775.18;10.0;-8.038545;-34.885357
Encruzilhada;Rua Professor Jeronimo Gueiros, 255 - Encruzilhada;Rua Professor Jeronimo Gueiros;1;0;3256.01;675914.52;207.59;-8.031872;-34.89009
Encruzilhada;Rua Professor Joao Rodrigues, 12 - Encruzilhada;Rua Professor Joao Rodrigues;1;0;3212.36;743982.41;231.6;-8.034044;-34.893979
Encruzilhada;Rua Professor Joao Rodrigues, 57 - Encruzilhada;Rua Professor Joao Rodrigues;1;0;3987.98;430702.04;108.0;-8.033697;-34.894225
Encruzilhada;Rua Professor Joao Rodrigues, 69 - Encruzilhada;Rua Professor Joao Rodrigues;1;0;4143.6;538377.56;129.93;-8.033624;-34.894233
Encruzilhada;Rua Professor Joao Rodrigues, 89 - Encruzilhada;Rua Professor Joao Rodrigues;1;0;5147.32;689123.27;133.88;-8.033404;-34.894259
Encruzilhada;Rua Professor Otavio De Freitas, 107 - Encruzilhada;Rua Professor Otavio De Freitas;1;0;3508.77;875509.01;249.52;-8.034696;-34.894803
Encruzilhada;Rua Professor Otavio De Freitas, 157 - Encruzilhada;Rua Professor Otavio De Freitas;1;0;3385.62;582596.89;172.08;-8.034415;-34.894493
Encruzilhada;Rua Professor Otavio De Freitas, 228 - Encruzilhada;Rua Professor Otavio De Freitas;1;0;3302.58;490730.68;148.59;-8.034247;-34.893748
Encruzilhada;Rua Professor Otavio De Freitas, 240 - Encruzilhada;Rua Professor Otavio De Freitas;1;0;5058.92;747758.29;147.81;-8.034205;-34.893689
Encruzilhada;Rua Rodolfo De Holanda, 287 - Encruzilhada;Rua Rodolfo De Holanda;1;0;6955.58;983101.66;141.34;-8.032763;-34.894555
Encruzilhada;Rua Teles Junior, 204 - Encruzilhada;Rua Teles Junior;1;0;6635.62;1509869.09;227.54;-8.037059;-34.897386
Encruzilhada;Rua Teofilo De Vasconcelos, 63 - Encruzilhada;Rua Teofilo De Vasconcelos;1;0;5172.68;1047311.51;202.47;-8.037354;-34.895283
Encruzilhada;Rua Vicente Pinzon, 102 - Encruzilhada;Rua Vicente Pinzon;1;0;3496.26;192993.65;55.2;-8.034936;-34.885592
Encruzilhada;Rua Vicente Pinzon, 107 - Encruzilhada;Rua Vicente Pinzon;1;0;2589.61;269888.91;104.22;-8.034577;-34.885083
Encruzilhada;Rua Vicente Pinzon, 233 - Encruzilhada;Rua Vicente Pinzon;1;0;1553.36;376487.38;242.37;-8.035372;-34.884344
Encruzilhada;Rua Vicente Pinzon, 261 - Encruzilhada;Rua Vicente Pinzon;1;0;2726.55;325277.67;119.3;-8.035587;-34.884148
Encruzilhada;Rua Vicente Pinzon, 269 - Encruzilhada;Rua Vicente Pinzon;1;0;1147.19;458462.28;399.64;-8.035644;-34.884073
Encruzilhada;Rua Vinte E Quatro De Junho, 108 - Encruzilhada;Rua Vinte E Quatro De Junho;1;0;3983.89;637422.35;160.0;-8.036294;-34.887476
Encruzilhada;Rua Vinte E Quatro De Junho, 124 - Encruzilhada;Rua Vinte E Quatro De Junho;1;0;1594.53;669527.99;419.89;-8.036435;-34.887388
Encruzilhada;Rua Vinte E Quatro De Junho, 132 - Encruzilhada;Rua Vinte E Quatro De Junho;1;0;3120.32;368073.08;117.96;-8.036502;-34.887343
Encruzilhada;Rua Vinte E Quatro De Junho, 204 - Encruzilhada;Rua Vinte E Quatro De Junho;1;0;3886.25;572755.08;147.38;-8.037075;-34.886942
Engenho Do Meio;Rua Presidente Washington Luiz, 281 - Engenho Do Meio;Rua Presidente Washington Luiz;12;8;4539.38;363135.42;80.0;-8.051734;-34.941788
Engenho Do Meio;Rua Presidente Washington Luiz, 155 - Engenho Do Meio;Rua Presidente Washington Luiz;4;0;3334.07;431928.46;129.55;-8.051893;-34.940748
Engenho Do Meio;Rua Presidente Washington Luiz, 269 - Engenho Do Meio;Rua Presidente Washington Luiz;3;0;2995.12;275999.8;92.15;-8.051718;-34.941628
Engenho Do Meio;Rua Dona Cosma Froes, 575 - Engenho Do Meio;Rua Dona Cosma Froes;2;2;2490.92;137000.5;55.0;-8.059284;-34.941664
Engenho Do Meio;Rua Francisco Bezerra Monteiro, 392 - Engenho Do Meio;Rua Francisco Bezerra Monteiro;2;2;4773.0;1185899.4;248.46;-8.054323;-34.94311
Engenho Do Meio;Rua Manoel Corte Real, 104 - Engenho Do Meio;Rua Manoel Corte Real;2;2;2790.26;327967.47;117.54;-8.05585;-34.940893
Engenho Do Meio;Rua Presidente Washington Luiz, 276 - Engenho Do Meio;Rua Presidente Washington Luiz;2;0;2852.67;256340.75;89.86;-8.051235;-34.941826
Engenho Do Meio;Rua Alexandria, 114 - Engenho Do Meio;Rua Alexandria;1;0;2892.02;283418.28;98.0;-8.062855;-34.942
Engenho Do Meio;Rua Alexandria, 127 - Engenho Do Meio;Rua Alexandria;1;0;1556.0;477646.77;306.97;-8.062855;-34.942
Engenho Do Meio;Rua Carneiro De Mariz, 514 - Engenho Do Meio;Rua Carneiro De Mariz;1;0;2442.62;337838.2;138.31;-8.059017;-34.94083
Engenho Do Meio;Rua Carneiro De Mariz, 574 - Engenho Do Meio;Rua Carneiro De Mariz;1;0;1762.3;375475.06;213.06;-8.059523;-34.940955
Engenho Do Meio;Rua Dona Cosma Froes, 49 - Engenho Do Meio;Rua Dona Cosma Froes;1;0;2176.24;321451.83;147.71;-8.054721;-34.94085
Engenho Do Meio;Rua Dona Cosma Froes, 527 - Engenho Do Meio;Rua Dona Cosma Froes;1;0;3919.35;465775.68;118.84;-8.058937;-34.941591
Engenho Do Meio;Rua Dona Cosma Froes, 566 - Engenho Do Meio;Rua Dona Cosma Froes;1;0;6639.67;245667.61;37.0;-8.057402;-34.941329
Engenho Do Meio;Rua Dona Cosma Froes, 57 - Engenho Do Meio;Rua Dona Cosma Froes;1;0;1137.82;195135.48;171.5;-8.054785;-34.940874
Engenho Do Meio;Rua Francisco Bezerra Monteiro, 132 - Engenho Do Meio;Rua Francisco Bezerra Monteiro;1;0;2747.48;529466.37;192.71;-8.054908;-34.940991
Engenho Do Meio;Rua Francisco Bezerra Monteiro, 159 - Engenho Do Meio;Rua Francisco Bezerra Monteiro;1;0;2222.87;111143.52;50.0;-8.055248;-34.94127
Engenho Do Meio;Rua Francisco Bezerra Monteiro, 169 - Engenho Do Meio;Rua Francisco Bezerra Monteiro;1;0;2967.64;414608.47;139.71;-8.05522;-34.941367
Engenho Do Meio;Rua Francisco Bezerra Monteiro, 259 - Engenho Do Meio;Rua Francisco Bezerra Monteiro;1;0;2105.02;271021.5;128.75;-8.055031;-34.942061
Engenho Do Meio;Rua Francisco Bezerra Monteiro, 271 - Engenho Do Meio;Rua Francisco Bezerra Monteiro;1;0;2631.53;494622.37;187.96;-8.054983;-34.942235
Engenho Do Meio;Rua Francisco Bezerra Monteiro, 304 - Engenho Do Meio;Rua Francisco Bezerra Monteiro;1;0;4328.09;716427.96;165.53;-8.054523;-34.942386
Engenho Do Meio;Rua Francisco Bezerra Monteiro, 311 - Engenho Do Meio;Rua Francisco Bezerra Monteiro;1;0;2877.03;320990.52;111.57;-8.054892;-34.942557
Engenho Do Meio;Rua Francisco Bezerra Monteiro, 330 - Engenho Do Meio;Rua Francisco Bezerra Monteiro;1;0;1962.56;379813.73;193.53;-8.054446;-34.942658
Engenho Do Meio;Rua Francisco Bezerra Monteiro, 382 - Engenho Do Meio;Rua Francisco Bezerra Monteiro;1;0;3442.85;550856.72;160.0;-8.054356;-34.943003
Engenho Do Meio;Rua Francisco Bezerra Monteiro, 572 - Engenho Do Meio;Rua Francisco Bezerra Monteiro;1;0;3875.05;412925.6;106.56;-8.053956;-34.944595
Engenho Do Meio;Rua Francisco Bezerra Monteiro, 595 - Engenho Do Meio;Rua Francisco Bezerra Monteiro;1;0;2344.57;712351.54;303.83;-8.054249;-34.944925
Engenho Do Meio;Rua Jose Dos Santos, 255 - Engenho Do Meio;Rua Jose Dos Santos;1;0;3136.07;224855.9;71.7;-8.060661;-34.943177
Engenho Do Meio;Rua Jose Dos Santos, 299 - Engenho Do Meio;Rua Jose Dos Santos;1;0;1998.33;346650.82;173.47;-8.060562;-34.943511
Engenho Do Meio;Rua Jose Dos Santos, 382 - Engenho Do Meio;Rua Jose Dos Santos;1;0;8524.89;383619.93;45.0;-8.060659;-34.942791
Engenho Do Meio;Rua Jose Dos Santos, 414 - Engenho Do Meio;Rua Jose Dos Santos;1;0;2195.93;265708.0;121.0;-8.060659;-34.942791
Engenho Do Meio;Rua Jose Dos Santos, 510 - Engenho Do Meio;Rua Jose Dos Santos;1;0;3383.29;583144.31;172.36;-8.060659;-34.942791
Engenho Do Meio;Rua Jose Dos Santos, 76 - Engenho Do Meio;Rua Jose Dos Santos;1;0;2567.67;432241.98;168.34;-8.060754;-34.941686
Engenho Do Meio;Rua Lindolfo Color, 130 - Engenho Do Meio;Rua Lindolfo Color;1;1;9948.68;1134149.65;114.0;-8.052404;-34.940398
Engenho Do Meio;Rua Manoel Corte Real, 405 - Engenho Do Meio;Rua Manoel Corte Real;1;0;4783.81;916865.65;191.66;-8.055489;-34.943536
Engenho Do Meio;Rua Manoel Corte Real, 559 - Engenho Do Meio;Rua Manoel Corte Real;1;0;3258.27;582937.56;178.91;-8.055078;-34.944976
Engenho Do Meio;Rua Manuel Alves Deusdara, 39 - Engenho Do Meio;Rua Manuel Alves Deusdara;1;0;2216.18;553423.62;249.72;-8.05876;-34.941033
Engenho Do Meio;Rua Pantaleao Cirne, 161 - Engenho Do Meio;Rua Pantaleao Cirne;1;0;1909.19;460592.64;241.25;-8.054463;-34.945419
Engenho Do Meio;Rua Pantaleao Cirne, 59 - Engenho Do Meio;Rua Pantaleao Cirne;1;0;1727.98;298594.39;172.8;-8.053606;-34.945361
Espinheiro;Rua Quarenta E Oito, 517 - Espinheiro;Rua Quarenta E Oito;57;2;7960.65;554402.57;69.93;-8.04195;-34.893699
Espinheiro;Rua Alfredo De Medeiros, 125 - Espinheiro;Rua Alfredo De Medeiros;54;20;8441.54;417610.58;49.9;-8.040957;-34.890412
Espinheiro;Avenida Governador Agamenon Magalhaes, 2939 - Espinheiro;Avenida Governador Agamenon Magalhaes;51;31;8964.78;544842.68;60.72;-8.043119;-34.888231
Espinheiro;Rua Quarenta E Oito, 439 - Espinheiro;Rua Quarenta E Oito;51;2;8133.03;388715.56;48.39;-8.042351;-34.893081
Espinheiro;Rua Barao De Itamaraca, 78 - Espinheiro;Rua Barao De Itamaraca;47;30;10120.93;421895.54;42.51;-8.043327;-34.89447
Espinheiro;Rua Quarenta E Oito, 434 - Espinheiro;Rua Quarenta E Oito;37;17;4917.74;457634.06;93.02;-8.041729;-34.892726
Espinheiro;Rua Sao Salvador, 60 - Espinheiro;Rua Sao Salvador;34;20;7971.17;567979.83;71.36;-8.049416;-34.894431
Espinheiro;Rua Alfredo De Carvalho, 80 - Espinheiro;Rua Alfredo De Carvalho;29;14;7459.21;694943.15;93.16;-8.040963;-34.889283
Espinheiro;Rua Quarenta E Oito, 462 - Espinheiro;Rua Quarenta E Oito;27;9;7969.19;968256.12;121.5;-8.041518;-34.892925
Espinheiro;Rua Buenos Aires, 98 - Espinheiro;Rua Buenos Aires;26;9;6391.48;601176.59;94.14;-8.0481;-34.893639
Espinheiro;Rua Sao Salvador, 200 - Espinheiro;Rua Sao Salvador;25;3;7611.86;696815.28;90.99;-8.04947;-34.894728
Espinheiro;Rua Affonso Neves Baptista, 223 - Espinheiro;Rua Affonso Neves Baptista;24;9;6224.62;317934.14;51.58;-8.039632;-34.890247
Espinheiro;Rua Quarenta E Oito, 213 - Espinheiro;Rua Quarenta E Oito;24;12;7428.01;623364.47;83.92;-8.043608;-34.891693
Espinheiro;Avenida Governador Agamenon Magalhaes, 2656 - Espinheiro;Avenida Governador Agamenon Magalhaes;22;15;4410.76;429306.16;87.38;-8.04669;-34.891968
Espinheiro;Avenida Governador Agamenon Magalhaes, 2860 - Espinheiro;Avenida Governador Agamenon Magalhaes;22;12;4414.34;817094.75;185.1;-8.04716;-34.892427
Espinheiro;Rua Alfredo De Medeiros, 130 - Espinheiro;Rua Alfredo De Medeiros;22;10;5793.83;440342.4;75.85;-8.041498;-34.89
Espinheiro;Rua Marques Do Parana, 160 - Espinheiro;Rua Marques Do Parana;21;11;7060.93;589446.05;83.48;-8.042167;-34.889303
Espinheiro;Rua Quarenta E Oito, 208 - Espinheiro;Rua Quarenta E Oito;21;4;7267.69;515471.46;70.9;-8.043311;-34.891171
Espinheiro;Rua Barao De Itamaraca, 355 - Espinheiro;Rua Barao De Itamaraca;18;8;7810.3;1049042.81;134.23;-8.044125;-34.891909
Espinheiro;Rua Do Espinheiro, 690 - Espinheiro;Rua Do Espinheiro;18;9;7463.64;400568.13;53.67;-8.042992;-34.892766
Espinheiro;Rua Quarenta E Oito, 117 - Espinheiro;Rua Quarenta E Oito;16;4;7090.92;410507.0;57.64;-8.044235;-34.891044
Espinheiro;Avenida Governador Agamenon Magalhaes, 2265 - Espinheiro;Avenida Governador Agamenon Magalhaes;15;4;4069.34;567469.82;139.21;-8.047369;-34.893055
Espinheiro;Rua Da Hora, 345 - Espinheiro;Rua Da Hora;15;8;7575.42;393177.66;52.6;-8.044609;-34.892955
Espinheiro;Rua Manoel Arao, 85 - Espinheiro;Rua Manoel Arao;15;3;6249.2;909706.24;145.89;-8.045631;-34.891946
Espinheiro;Rua Marques Do Parana, 285 - Espinheiro;Rua Marques Do Parana;15;10;4458.08;358559.12;80.47;-8.041045;-34.888841
Espinheiro;Rua Quarenta E Oito, 395 - Espinheiro;Rua Quarenta E Oito;15;6;6635.96;862724.17;130.18;-8.042415;-34.892857
Espinheiro;Rua Buenos Aires, 128 - Espinheiro;Rua Buenos Aires;14;6;5577.86;165475.01;29.78;-8.04797;-34.893907
Espinheiro;Rua Da Hora, -1 - Espinheiro;Rua Da Hora;14;14;4440.1;251964.79;56.47;-8.048278;-34.895264
Espinheiro;Rua Quarenta E Oito, 261 - Espinheiro;Rua Quarenta E Oito;14;2;4278.72;704134.92;168.22;-8.043257;-34.891903
Espinheiro;Rua Santo Elias, 420 - Espinheiro;Rua Santo Elias;14;2;4212.53;294750.93;69.97;-8.04482;-34.894118
Espinheiro;Rua Quarenta E Oito, 347 - Espinheiro;Rua Quarenta E Oito;13;8;5334.05;1027937.24;206.48;-8.04266;-34.892547
Espinheiro;Rua Venezuela, 115 - Espinheiro;Rua Venezuela;13;8;5681.26;625790.78;110.15;-8.047754;-34.893637
Espinheiro;Rua Affonso Neves Baptista, 175 - Espinheiro;Rua Affonso Neves Baptista;12;6;5004.43;414574.95;82.95;-8.039962;-34.890485
Espinheiro;Rua Da Hora, 100 - Espinheiro;Rua Da Hora;12;0;3686.31;124886.73;34.16;-8.042523;-34.891951
Espinheiro;Avenida Governador Agamenon Magalhaes, 2279 - Espinheiro;Avenida Governador Agamenon Magalhaes;9;2;4822.83;455193.46;94.56;-8.047302;-34.892772
Espinheiro;Rua Jose Luiz Da Silveira Barros, 170 - Espinheiro;Rua Jose Luiz Da Silveira Barros;9;5;6169.43;1303761.93;212.19;-8.046982;-34.892842
Espinheiro;Rua Quarenta E Oito, 165 - Espinheiro;Rua Quarenta E Oito;9;0;3862.25;451999.22;117.03;-8.043934;-34.891398
Espinheiro;Rua Sao Salvador, 150 - Espinheiro;Rua Sao Salvador;9;2;7854.47;423329.45;53.92;-8.04947;-34.894728
Espinheiro;Rua Venezuela, 209 - Espinheiro;Rua Venezuela;9;4;3850.83;496102.85;128.83;-8.047381;-34.894429
Espinheiro;Avenida Governador Agamenon Magalhaes, 2714 - Espinheiro;Avenida Governador Agamenon Magalhaes;8;0;6261.36;1335233.67;213.25;-8.046115;-34.891561
Espinheiro;Rua Affonso Neves Baptista, 172 - Espinheiro;Rua Affonso Neves Baptista;8;5;5441.06;589701.98;108.38;-8.040233;-34.890197
Espinheiro;Rua Alfredo De Medeiros, 91 - Espinheiro;Rua Alfredo De Medeiros;8;4;6597.48;518440.63;78.59;-8.041261;-34.890695
Espinheiro;Rua Nicaragua, 80 - Espinheiro;Rua Nicaragua;8;5;8463.65;1090371.84;128.83;-8.048693;-34.894229
Espinheiro;Rua Venezuela, 212 - Espinheiro;Rua Venezuela;8;4;5401.41;564933.09;104.59;-8.046976;-34.894248
Espinheiro;Rua Buenos Aires, 211 - Espinheiro;Rua Buenos Aires;7;3;5356.98;551554.85;102.96;-8.048064;-34.894795
Espinheiro;Rua Buenos Aires, 231 - Espinheiro;Rua Buenos Aires;7;3;3570.31;365313.51;102.32;-8.047838;-34.894987
Espinheiro;Rua Marques Do Parana, 221 - Espinheiro;Rua Marques Do Parana;7;2;5927.33;417699.21;70.47;-8.041517;-34.889136
Espinheiro;Rua Affonso Neves Baptista, 201 - Espinheiro;Rua Affonso Neves Baptista;6;4;5371.61;421556.97;79.11;-8.039803;-34.890357
Espinheiro;Rua Da Hora, 625 - Espinheiro;Rua Da Hora;6;2;4566.34;620565.15;135.9;-8.046824;-34.893967
Espinheiro;Rua Do Espinheiro, 685 - Espinheiro;Rua Do Espinheiro;6;5;5422.55;510858.4;94.21;-8.042751;-34.893323
Espinheiro;Rua Santo Elias, 109 - Espinheiro;Rua Santo Elias;6;2;7906.13;666013.06;84.24;-8.043553;-34.894902
Espinheiro;Rua Venezuela, 100 - Espinheiro;Rua Venezuela;6;0;5954.9;715669.65;120.74;-8.04747;-34.893314
Espinheiro;Avenida Governador Agamenon Magalhaes, 2764 - Espinheiro;Avenida Governador Agamenon Magalhaes;5;0;4110.85;351455.0;88.32;-8.048265;-34.89328
Espinheiro;Rua Alfredo De Carvalho, 167 - Espinheiro;Rua Alfredo De Carvalho;5;2;5041.98;423273.85;83.95;-8.040775;-34.890253
Espinheiro;Rua Da Hora, 235 - Espinheiro;Rua Da Hora;5;0;5218.58;209256.2;39.28;-8.043749;-34.89235
Espinheiro;Rua Quarenta E Oito, 412 - Espinheiro;Rua Quarenta E Oito;5;0;4413.71;521171.15;118.08;-8.041908;-34.89264
Espinheiro;Rua Quarenta E Oito, 97 - Espinheiro;Rua Quarenta E Oito;5;4;5907.69;861458.77;145.82;-8.044353;-34.890882
Espinheiro;Avenida Governador Agamenon Magalhaes, 2864 - Espinheiro;Avenida Governador Agamenon Magalhaes;4;2;4910.62;281231.3;57.27;-8.048912;-34.893743
Espinheiro;Rua Da Hora, 254 - Espinheiro;Rua Da Hora;4;4;5114.23;1043711.21;204.08;-8.043563;-34.892881
Espinheiro;Rua Marques Do Parana, 136 - Espinheiro;Rua Marques Do Parana;4;3;6376.23;219023.46;34.35;-8.042294;-34.889544
Espinheiro;Rua Quarenta E Oito, 170 - Espinheiro;Rua Quarenta E Oito;4;4;8917.79;1932217.28;216.67;-8.043449;-34.891026
Espinheiro;Rua Santo Elias, 404 - Espinheiro;Rua Santo Elias;4;3;4907.5;490995.37;100.05;-8.045723;-34.893213
Espinheiro;Rua Venezuela, 87 - Espinheiro;Rua Venezuela;4;2;4607.78;1063396.96;231.34;-8.047854;-34.893432
Espinheiro;Rua Da Hora, 170 - Espinheiro;Rua Da Hora;3;2;5163.86;170975.36;33.11;-8.042999;-34.892329
Espinheiro;Rua Jose Luiz Da Silveira Barros, 199 - Espinheiro;Rua Jose Luiz Da Silveira Barros;3;0;4581.06;631863.85;143.87;-8.046673;-34.892603
Espinheiro;Rua Marques Do Parana, 141 - Espinheiro;Rua Marques Do Parana;3;1;6356.12;500422.29;78.77;-8.041815;-34.889561
Espinheiro;Rua Marques Do Parana, 209 - Espinheiro;Rua Marques Do Parana;3;3;3405.56;796527.53;233.89;-8.041581;-34.889229
Espinheiro;Rua Venezuela, 126 - Espinheiro;Rua Venezuela;3;3;2834.56;233567.99;82.4;-8.047328;-34.893579
Espinheiro;Rua Venezuela, 167 - Espinheiro;Rua Venezuela;3;3;3756.26;1199334.52;319.29;-8.047558;-34.894055
Espinheiro;Rua Alfredo De Carvalho, 65 - Espinheiro;Rua Alfredo De Carvalho;2;2;5203.83;1844444.52;354.44;-8.0415;-34.889718
Espinheiro;Rua Barao De Itamaraca, 209 - Espinheiro;Rua Barao De Itamaraca;2;2;5321.72;1742120.04;327.36;-8.043428;-34.893022
Espinheiro;Rua Buenos Aires, 116 - Espinheiro;Rua Buenos Aires;2;2;5662.95;371036.3;65.52;-8.048026;-34.893794
Espinheiro;Rua Da Hora, 207 - Espinheiro;Rua Da Hora;2;0;5062.42;431368.66;85.21;-8.043613;-34.892227
Espinheiro;Rua Da Hora, 228 - Espinheiro;Rua Da Hora;2;2;9124.46;1047032.7;114.75;-8.043395;-34.89273
Espinheiro;Rua Da Hora, 288 - Espinheiro;Rua Da Hora;2;2;2541.3;571792.21;225.0;-8.043791;-34.893117
Espinheiro;Rua Da Hora, 600 - Espinheiro;Rua Da Hora;2;0;6725.84;750209.86;111.69;-8.046251;-34.894673
Espinheiro;Rua Jose Luiz Da Silveira Barros, 225 - Espinheiro;Rua Jose Luiz Da Silveira Barros;2;1;4586.5;709349.05;154.66;-8.046667;-34.892309
Espinheiro;Rua Nicaragua, 50 - Espinheiro;Rua Nicaragua;2;0;5668.82;1808524.86;319.03;-8.048808;-34.893993
Espinheiro;Rua Nicaragua, 98 - Espinheiro;Rua Nicaragua;2;2;8722.94;1373862.5;157.5;-8.048612;-34.894399
Espinheiro;Avenida Governador Agamenon Magalhaes, 2282 - Espinheiro;Avenida Governador Agamenon Magalhaes;1;0;5303.69;2572183.22;484.98;-8.043733;-34.889173
Espinheiro;Avenida Governador Agamenon Magalhaes, 2619 - Espinheiro;Avenida Governador Agamenon Magalhaes;1;0;12665.0;1958134.99;154.61;-8.044997;-34.890663
Espinheiro;Rua Affonso Neves Baptista, 239 - Espinheiro;Rua Affonso Neves Baptista;1;0;3978.62;575069.21;144.54;-8.039556;-34.890118
Espinheiro;Rua Affonso Neves Baptista, 255 - Espinheiro;Rua Affonso Neves Baptista;1;0;5053.85;699099.03;138.33;-8.039422;-34.890006
Espinheiro;Rua Affonso Neves Baptista, 60 - Espinheiro;Rua Affonso Neves Baptista;1;0;2721.51;839367.19;308.42;-8.041003;-34.890931
Espinheiro;Rua Alfredo De Carvalho, 110 - Espinheiro;Rua Alfredo De Carvalho;1;0;6680.09;830000.99;124.25;-8.040898;-34.889615
Espinheiro;Rua Alfredo De Carvalho, 150 - Espinheiro;Rua Alfredo De Carvalho;1;0;4203.48;1102531.23;262.29;-8.040596;-34.889861
Espinheiro;Rua Barao De Itamaraca, 21 - Espinheiro;Rua Barao De Itamaraca;1;0;6030.26;1034008.4;171.47;-8.042496;-34.894429
Espinheiro;Rua Barao De Itamaraca, 22 - Espinheiro;Rua Barao De Itamaraca;1;0;2987.53;818733.95;274.05;-8.04282;-34.894607
Espinheiro;Rua Barao De Itamaraca, 27 - Espinheiro;Rua Barao De Itamaraca;1;0;7197.54;1266694.75;175.99;-8.042547;-34.894355
Espinheiro;Rua Barao De Itamaraca, 338 - Espinheiro;Rua Barao De Itamaraca;1;0;4633.59;769407.38;166.05;-8.04438;-34.8923
Espinheiro;Rua Buenos Aires, 166 - Espinheiro;Rua Buenos Aires;1;0;10985.28;1940440.0;176.64;-8.047805;-34.894255
Espinheiro;Rua Buenos Aires, 81 - Espinheiro;Rua Buenos Aires;1;0;3568.75;318868.04;89.35;-8.048531;-34.893725
Espinheiro;Rua Buenos Aires, 99 - Espinheiro;Rua Buenos Aires;1;0;4635.4;1560878.36;336.73;-8.048432;-34.893942
Espinheiro;Rua Da Hora, 105 - Espinheiro;Rua Da Hora;1;0;7581.54;3500017.63;461.65;-8.042879;-34.891598
Espinheiro;Rua Da Hora, 122 - Espinheiro;Rua Da Hora;1;0;19650.16;2474741.31;125.94;-8.042691;-34.89196
Espinheiro;Rua Da Hora, 175 - Espinheiro;Rua Da Hora;1;0;8404.9;3456514.33;411.25;-8.043421;-34.892053
Espinheiro;Rua Da Hora, 199 - Espinheiro;Rua Da Hora;1;0;10252.62;2055137.57;200.45;-8.043518;-34.892144
Espinheiro;Rua Da Hora, 224 - Espinheiro;Rua Da Hora;1;0;5427.27;1699442.07;313.13;-8.043323;-34.892669
Espinheiro;Rua Da Hora, 307 - Espinheiro;Rua Da Hora;1;0;3838.67;202758.35;52.82;-8.04425;-34.892754
Espinheiro;Rua Da Hora, 34 - Espinheiro;Rua Da Hora;1;0;2397.46;100070.0;41.74;-8.042153;-34.89139
Espinheiro;Rua Da Hora, 61 - Espinheiro;Rua Da Hora;1;0;4918.16;750560.73;152.61;-8.042619;-34.89132
Espinheiro;Rua Frigio Lima, 121 - Espinheiro;Rua Frigio Lima;1;0;6374.41;1123744.19;176.29;-8.043653;-34.889725
Espinheiro;Rua Manoel Arao, 102 - Espinheiro;Rua Manoel Arao;1;0;4842.16;1269614.11;262.2;-8.045268;-34.891803
Espinheiro;Rua Marques Do Parana, 235 - Espinheiro;Rua Marques Do Parana;1;0;4362.76;806761.65;184.92;-8.041456;-34.889057
Espinheiro;Rua Marques Do Parana, 252 - Espinheiro;Rua Marques Do Parana;1;0;5667.38;1194116.93;210.7;-8.041674;-34.888651
Espinheiro;Rua Marques Do Parana, 266 - Espinheiro;Rua Marques Do Parana;1;0;4860.65;2112778.31;434.67;-8.041584;-34.888561
Espinheiro;Rua Marques Do Parana, 297 - Espinheiro;Rua Marques Do Parana;1;0;6303.08;2574556.18;408.46;-8.041083;-34.888657
Espinheiro;Rua Marques Do Parana, 426 - Espinheiro;Rua Marques Do Parana;1;0;5066.0;430407.42;84.96;-8.040363;-34.887661
Espinheiro;Rua Nicaragua, 59 - Espinheiro;Rua Nicaragua;1;0;2757.26;1938437.25;703.03;-8.049179;-34.894273
Espinheiro;Rua Nicaragua, 75 - Espinheiro;Rua Nicaragua;1;0;5759.96;1373059.72;238.38;-8.049119;-34.894384
Espinheiro;Rua Quarenta E Oito, 118 - Espinheiro;Rua Quarenta E Oito;1;0;8164.79;1382462.86;169.32;-8.043823;-34.890709
Espinheiro;Rua Quarenta E Oito, 135 - Espinheiro;Rua Quarenta E Oito;1;0;12252.85;4196232.06;342.47;-8.044126;-34.89117
Espinheiro;Rua Quarenta E Oito, 154 - Espinheiro;Rua Quarenta E Oito;1;0;9398.53;2054518.57;218.6;-8.043539;-34.890935
Espinheiro;Rua Quarenta E Oito, 25 - Espinheiro;Rua Quarenta E Oito;1;0;11742.73;1874726.79;159.65;-8.044541;-34.890538
Espinheiro;Rua Quarenta E Oito, 334 - Espinheiro;Rua Quarenta E Oito;1;0;12085.27;1856055.98;153.58;-8.042544;-34.892103
Espinheiro;Rua Quarenta E Oito, 423 - Espinheiro;Rua Quarenta E Oito;1;0;7418.74;4258650.76;574.04;-8.042351;-34.893081
Espinheiro;Rua Quarenta E Oito, 443 - Espinheiro;Rua Quarenta E Oito;1;0;3748.62;502014.98;133.92;-8.042278;-34.893206
Espinheiro;Rua Quarenta E Oito, 447 - Espinheiro;Rua Quarenta E Oito;1;0;14954.91;2252359.29;150.61;-8.042193;-34.893247
Espinheiro;Rua Quarenta E Oito, 479 - Espinheiro;Rua Quarenta E Oito;1;0;81623.75;11062467.22;135.53;-8.04212;-34.893522
Espinheiro;Rua Quarenta E Oito, 489 - Espinheiro;Rua Quarenta E Oito;1;0;5654.81;533531.56;94.35;-8.042048;-34.893593
Espinheiro;Rua Quarenta E Oito, 515 - Espinheiro;Rua Quarenta E Oito;1;0;15343.89;5252828.99;342.34;-8.04195;-34.893699
Espinheiro;Rua Quarenta E Oito, 525 - Espinheiro;Rua Quarenta E Oito;1;0;8640.17;1996139.54;231.03;-8.041747;-34.893765
Espinheiro;Rua Quarenta E Oito, 531 - Espinheiro;Rua Quarenta E Oito;1;0;7143.7;1127061.18;157.77;-8.041705;-34.893827
Espinheiro;Rua Santo Elias, 290 - Espinheiro;Rua Santo Elias;1;1;5783.79;304401.09;52.63;-8.045136;-34.894084
Espinheiro;Rua Sao Salvador, 78 - Espinheiro;Rua Sao Salvador;1;0;4822.25;991600.1;205.63;-8.0493;-34.89462
Espinheiro;Rua Sao Salvador, 885 - Espinheiro;Rua Sao Salvador;1;1;19263.18;7485092.39;388.57;-8.04947;-34.894728
Estancia;Rua Antonio Figueiredo, 93 - Estancia;Rua Antonio Figueiredo;3;3;2581.89;222120.27;86.03;-8.084257;-34.929332
Estancia;Rua Tucunare, 54 - Estancia;Rua Tucunare;2;2;2306.36;362099.56;157.0;-8.090643;-34.927439
Estancia;Rua Tuparetama, 65 - Estancia;Rua Tuparetama;2;2;3397.74;489479.64;144.06;-8.091235;-34.927404
Estancia;Avenida Doutor Jose Rufino, 299 - Estancia;Avenida Doutor Jose Rufino;1;0;2551.44;348807.61;136.71;-8.084915;-34.92812
Estancia;Avenida Doutor Jose Rufino, 476 - Estancia;Avenida Doutor Jose Rufino;1;0;1548.67;250186.91;161.55;-8.091741;-34.944952
Estancia;Avenida Doutor Jose Rufino, 634 - Estancia;Avenida Doutor Jose Rufino;1;0;2538.73;2757239.01;1086.07;-8.086022;-34.930974
Estancia;Avenida Estancia, 198 - Estancia;Avenida Estancia;1;0;3757.31;5195115.15;1382.67;-8.085238;-34.931518
Estancia;Avenida Recife, 371 - Estancia;Avenida Recife;1;0;1781.94;439586.41;246.69;-8.084231;-34.932805
Estancia;Avenida Recife, 70 - Estancia;Avenida Recife;1;0;2722.18;653322.08;240.0;-8.086023;-34.931213
Estancia;Avenida Recife, 75 - Estancia;Avenida Recife;1;0;1461.58;159969.71;109.45;-8.08708;-34.93038
Estancia;Avenida Recife, 81 - Estancia;Avenida Recife;1;0;2013.9;200000.0;99.31;-8.087135;-34.930333
Estancia;Rua Andre Vieira De Melo, 75 - Estancia;Rua Andre Vieira De Melo;1;0;2355.42;291365.47;123.7;-8.084156;-34.928829
Estancia;Rua Antonio Figueiredo, 85 - Estancia;Rua Antonio Figueiredo;1;0;2713.76;283317.06;104.4;-8.084304;-34.929313
Estancia;Rua Antonio Figueiredo, 96 - Estancia;Rua Antonio Figueiredo;1;0;1138.95;262312.6;230.31;-8.084119;-34.929087
Estancia;Rua Baliza, 50 - Estancia;Rua Baliza;1;0;1164.07;182165.04;156.49;-8.0857;-34.930641
Estancia;Rua Baliza, 54 - Estancia;Rua Baliza;1;0;1217.76;182165.04;149.59;-8.085653;-34.930674
Estancia;Rua Baliza, 55 - Estancia;Rua Baliza;1;0;2370.72;450127.67;189.87;-8.085843;-34.930942
Estancia;Rua Francisco Conte, 58 - Estancia;Rua Francisco Conte;1;0;1232.95;2208776.2;1791.45;-8.085244;-34.929964
Estancia;Rua Hercilio De Souza, 52 - Estancia;Rua Hercilio De Souza;1;0;3894.75;175263.66;45.0;-8.086808;-34.930401
Estancia;Rua N S De Fatima, 396 - Estancia;Rua N S De Fatima;1;0;5019.14;185708.31;37.0;-8.082808;-34.935626
Estancia;Rua Peroba, 159 - Estancia;Rua Peroba;1;0;2012.92;523983.54;260.31;-8.082959;-34.929689
Estancia;Rua Peroba, 197 - Estancia;Rua Peroba;1;0;2529.5;436263.59;172.47;-8.083056;-34.930001
Estancia;Rua Peroba, 272 - Estancia;Rua Peroba;1;0;2571.95;258738.49;100.6;-8.082975;-34.930704
Estancia;Rua Teixeira De Melo, 16 - Estancia;Rua Teixeira De Melo;1;0;3290.85;358965.54;109.08;-8.081108;-34.930278
Estancia;Rua Tucunare, 14 - Estancia;Rua Tucunare;1;0;2617.99;451236.56;172.36;-8.090399;-34.927705
Estancia;Rua Tucunare, 145 - Estancia;Rua Tucunare;1;0;3350.57;312809.62;93.36;-8.09084;-34.926713
Estancia;Rua Tucunare, 25 - Estancia;Rua Tucunare;1;0;4083.25;412244.78;100.96;-8.090631;-34.927324
Fundao;Avenida Beberibe Santa Cruz Futebol Clube, 2395 - Fundao;Avenida Beberibe Santa Cruz Futebol Clube;31;8;5549.69;309783.98;55.82;-8.016533;-34.892711
Fundao;Avenida Beberibe Santa Cruz Futebol Clube, 2530 - Fundao;Avenida Beberibe Santa Cruz Futebol Clube;6;2;3352.48;197506.12;59.04;-8.012544;-34.890034
Fundao;Avenida Beberibe Santa Cruz Futebol Clube, 2495 - Fundao;Avenida Beberibe Santa Cruz Futebol Clube;5;5;6267.86;2423781.43;386.7;-8.012544;-34.890034
Fundao;Avenida Beberibe Santa Cruz Futebol Clube, 2616 - Fundao;Avenida Beberibe Santa Cruz Futebol Clube;4;2;4249.47;245576.86;57.79;-8.012544;-34.890034
Fundao;Avenida Beberibe Santa Cruz Futebol Clube, 2442 - Fundao;Avenida Beberibe Santa Cruz Futebol Clube;2;2;7274.3;442277.62;60.8;-8.012544;-34.890034
Fundao;Rua Jornalista Jose Campelo Junior, 893 - Fundao;Rua Jornalista Jose Campelo Junior;2;2;6484.71;421246.76;64.96;-8.016542;-34.892729
Fundao;Rua Manoel Silva, 161 - Fundao;Rua Manoel Silva;2;2;3558.98;907540.82;255.0;-8.016542;-34.892729
Fundao;Rua Manoel Silva, 95 - Fundao;Rua Manoel Silva;2;2;3690.07;313656.14;85.0;-8.016542;-34.892729
Fundao;Avenida Beberibe Santa Cruz Futebol Clube, 2490 - Fundao;Avenida Beberibe Santa Cruz Futebol Clube;1;1;3912.69;492999.13;126.0;-8.012544;-34.890034
Fundao;Avenida Beberibe Santa Cruz Futebol Clube, 2596 - Fundao;Avenida Beberibe Santa Cruz Futebol Clube;1;0;45.71;12217.55;267.28;-8.012544;-34.890034
Fundao;Avenida Beberibe Santa Cruz Futebol Clube, 2963 - Fundao;Avenida Beberibe Santa Cruz Futebol Clube;1;0;3893.91;451693.32;116.0;-8.012544;-34.890034
Fundao;Rua Contendas, 263 - Fundao;Rua Contendas;1;0;5454.67;207277.32;38.0;-8.016542;-34.892729
Fundao;Rua Contendas, 294 - Fundao;Rua Contendas;1;0;1812.03;165257.02;91.2;-8.016542;-34.892729
Fundao;Rua Corrego Joao Carvoeiro, 158 - Fundao;Rua Corrego Joao Carvoeiro;1;0;1940.43;121024.62;62.37;-8.016542;-34.892729
Fundao;Rua Florenca, 78 - Fundao;Rua Florenca;1;0;6838.52;505503.59;73.92;-8.016542;-34.892729
Fundao;Rua Jornalista Jose Campelo Junior, 751 - Fundao;Rua Jornalista Jose Campelo Junior;1;0;4468.91;723962.76;162.0;-8.016542;-34.892729
Fundao;Rua Jornalista Jose Campelo Junior, 889 - Fundao;Rua Jornalista Jose Campelo Junior;1;0;6441.13;418415.6;64.96;-8.016542;-34.892729
Gracas;Avenida Rui Barbosa, 715 - Gracas;Avenida Rui Barbosa;172;121;7490.85;653283.09;88.68;-8.047036;-34.901158
Gracas;Rua Vigario Barreto, 50 - Gracas;Rua Vigario Barreto;58;12;4482.48;192925.8;43.04;-8.04467;-34.896372
Gracas;Rua Do Futuro, 514 - Gracas;Rua Do Futuro;57;20;10002.83;615427.64;61.58;-8.040062;-34.900286
Gracas;Rua Do Espinheiro, 195 - Gracas;Rua Do Espinheiro;41;26;7905.57;794741.58;100.63;-8.046289;-34.895977
Gracas;Rua Do Cupim, 228 - Gracas;Rua Do Cupim;35;16;7322.6;288782.66;39.44;-8.046102;-34.897647
Gracas;Rua Ricardo Hardman, 68 - Gracas;Rua Ricardo Hardman;32;19;8242.34;327322.09;39.71;-8.036841;-34.901031
Gracas;Rua Do Futuro, 595 - Gracas;Rua Do Futuro;23;16;5824.96;325287.32;55.89;-8.040105;-34.90125
Gracas;Rua Cardeal Arcoverde, 276 - Gracas;Rua Cardeal Arcoverde;18;4;7751.82;338294.81;43.64;-8.048721;-34.900469
Gracas;Avenida Doutor Malaquias, 145 - Gracas;Avenida Doutor Malaquias;16;4;7947.09;589289.39;74.17;-8.038862;-34.901466
Gracas;Avenida Rui Barbosa, 870 - Gracas;Avenida Rui Barbosa;15;6;4948.22;599228.87;121.07;-8.045523;-34.90176
Gracas;Rua Capitao Sampaio Xavier, 253 - Gracas;Rua Capitao Sampaio Xavier;15;9;5595.88;948111.73;169.55;-8.036842;-34.900418
Gracas;Rua Das Pernambucanas, 356 - Gracas;Rua Das Pernambucanas;15;0;10461.41;358437.69;36.24;-8.050257;-34.902193
Gracas;Rua Dom Sebastiao Leme, 140 - Gracas;Rua Dom Sebastiao Leme;15;10;10158.22;1966834.65;193.62;-8.048366;-34.902699
Gracas;Rua Sergio Magalhaes, 65 - Gracas;Rua Sergio Magalhaes;14;6;6661.86;1184921.2;181.06;-8.044435;-34.901215
Gracas;Avenida Rui Barbosa, 760 - Gracas;Avenida Rui Barbosa;13;5;7605.24;1062603.92;139.72;-8.046629;-34.901248
Gracas;Rua Antonio Novais, 250 - Gracas;Rua Antonio Novais;13;11;7907.27;411707.74;52.43;-8.042895;-34.90076
Gracas;Rua Da Amizade, 217 - Gracas;Rua Da Amizade;13;6;4468.09;410684.24;92.06;-8.049277;-34.899388
Gracas;Rua Deputado Pedro Pires Ferreira, 95 - Gracas;Rua Deputado Pedro Pires Ferreira;13;5;8435.43;427832.78;50.78;-8.038139;-34.903433
Gracas;Rua Desembargador Martins Pereira, 221 - Gracas;Rua Desembargador Martins Pereira;13;12;3352.19;146729.26;43.77;-8.037012;-34.898993
Gracas;Avenida Doutor Malaquias, 103 - Gracas;Avenida Doutor Malaquias;12;6;5026.82;972707.78;194.37;-8.038769;-34.901218
Gracas;Rua Do Futuro, 551 - Gracas;Rua Do Futuro;12;2;4530.8;878877.13;194.01;-8.040365;-34.900944
Gracas;Rua Da Amizade, 109 - Gracas;Rua Da Amizade;11;0;5084.57;536592.45;105.57;-8.050076;-34.900187
Gracas;Rua Das Creoulas, 58 - Gracas;Rua Das Creoulas;11;8;8499.74;671728.39;78.94;-8.05005;-34.898799
Gracas;Rua Esmeraldino Bandeira, 105 - Gracas;Rua Esmeraldino Bandeira;11;0;6891.98;897261.05;130.18;-8.046655;-34.899888
Gracas;Rua Esmeraldino Bandeira, 125 - Gracas;Rua Esmeraldino Bandeira;11;4;6077.41;323416.1;53.2;-8.046408;-34.899754
Gracas;Rua Jacobina, 121 - Gracas;Rua Jacobina;11;0;5713.17;1050651.43;183.9;-8.049507;-34.902933
Gracas;Rua Joao Ramos, 286 - Gracas;Rua Joao Ramos;11;7;6118.09;696115.59;113.69;-8.045768;-34.898259
Gracas;Rua Da Amizade, 236 - Gracas;Rua Da Amizade;10;7;8927.17;388462.46;43.59;-8.04963;-34.89897
Gracas;Rua Do Futuro, 513 - Gracas;Rua Do Futuro;10;4;3057.85;257593.48;84.24;-8.040546;-34.900725
Gracas;Rua Do Futuro, 611 - Gracas;Rua Do Futuro;10;2;5873.38;497482.21;84.98;-8.040025;-34.901358
Gracas;Rua Do Futuro, 800 - Gracas;Rua Do Futuro;10;6;5047.85;443598.55;88.04;-8.038386;-34.901879
Gracas;Rua Do Futuro, 96 - Gracas;Rua Do Futuro;10;4;4083.07;521825.24;128.05;-8.043412;-34.898182
Gracas;Rua Vigario Barreto, 127 - Gracas;Rua Vigario Barreto;10;6;9626.76;2006060.93;208.44;-8.044839;-34.896544
Gracas;Avenida Rui Barbosa, 896 - Gracas;Avenida Rui Barbosa;9;4;6990.84;191980.03;27.7;-8.045273;-34.901769
Gracas;Rua Capitao Sampaio Xavier, 285 - Gracas;Rua Capitao Sampaio Xavier;9;7;8357.54;1316078.52;157.47;-8.036542;-34.900225
Gracas;Rua Confederacao Do Equador, 65 - Gracas;Rua Confederacao Do Equador;9;3;4656.94;490328.99;105.29;-8.047815;-34.898632
Gracas;Rua Da Amizade, 116 - Gracas;Rua Da Amizade;9;3;6226.37;822254.04;132.06;-8.050433;-34.899442
Gracas;Rua Do Futuro, 574 - Gracas;Rua Do Futuro;9;4;5212.36;446107.89;85.58;-8.039725;-34.900542
Gracas;Rua Guilherme Pinto, 66 - Gracas;Rua Guilherme Pinto;9;8;4274.6;396341.14;92.72;-8.053433;-34.901916
Gracas;Rua Do Futuro, 493 - Gracas;Rua Do Futuro;8;4;4473.89;428580.72;96.05;-8.040721;-34.900542
Gracas;Rua Dom Sebastiao Leme, 171 - Gracas;Rua Dom Sebastiao Leme;8;4;6800.12;1653450.1;243.15;-8.048999;-34.903193
Gracas;Rua Joao Ramos, 285 - Gracas;Rua Joao Ramos;8;4;4114.73;914005.46;222.13;-8.04579;-34.898744
Gracas;Rua Jose Clementino, 47 - Gracas;Rua Jose Clementino;8;2;5517.52;673401.1;124.4;-8.037741;-34.902054
Gracas;Rua Teixeira Pinto, 38 - Gracas;Rua Teixeira Pinto;8;4;4579.0;460442.93;100.64;-8.040826;-34.89917
Gracas;Rua Das Pernambucanas, 315 - Gracas;Rua Das Pernambucanas;7;2;9253.65;904266.24;97.72;-8.051122;-34.90174
Gracas;Rua Das Pernambucanas, 407 - Gracas;Rua Das Pernambucanas;7;2;6120.92;346080.74;56.64;-8.050738;-34.90118
Gracas;Rua Do Cupim, 119 - Gracas;Rua Do Cupim;7;2;7020.4;238321.87;33.94;-8.046767;-34.898206
Gracas;Rua Do Futuro, 74 - Gracas;Rua Do Futuro;7;2;5220.24;406386.01;78.09;-8.043609;-34.898136
Gracas;Rua Dom Sebastiao Leme, 155 - Gracas;Rua Dom Sebastiao Leme;7;0;6170.23;384343.55;62.29;-8.048834;-34.902973
Gracas;Avenida Rui Barbosa, 779 - Gracas;Avenida Rui Barbosa;6;4;6596.88;1405002.8;212.98;-8.046627;-34.901861
Gracas;Rua Antonio Novais, 241 - Gracas;Rua Antonio Novais;6;2;5272.03;459445.93;85.77;-8.043186;-34.900984
Gracas;Rua Do Futuro, 575 - Gracas;Rua Do Futuro;6;3;4974.26;854128.77;174.95;-8.040212;-34.901112
Gracas;Rua Joao Ramos, 220 - Gracas;Rua Joao Ramos;6;0;4575.81;696492.63;153.94;-8.046271;-34.898418
Gracas;Rua Monsenhor Ambrosino Leite, 60 - Gracas;Rua Monsenhor Ambrosino Leite;6;0;5162.58;712962.28;138.1;-8.051286;-34.901389
Gracas;Avenida Rui Barbosa, 845 - Gracas;Avenida Rui Barbosa;5;3;6517.66;703716.8;108.07;-8.045789;-34.902362
Gracas;Rua Da Amizade, 140 - Gracas;Rua Da Amizade;5;2;4271.26;302704.51;70.87;-8.050241;-34.899379
Gracas;Rua Das Creoulas, 78 - Gracas;Rua Das Creoulas;5;0;4555.4;625957.3;137.55;-8.050288;-34.898768
Gracas;Rua Do Cupim, 21 - Gracas;Rua Do Cupim;5;0;5302.87;834895.83;167.34;-8.047685;-34.898399
Gracas;Rua Do Futuro, 897 - Gracas;Rua Do Futuro;5;3;4470.38;980865.57;224.72;-8.037943;-34.902963
Gracas;Rua Dona Anunciada, 186 - Gracas;Rua Dona Anunciada;5;0;2253.07;103551.3;45.96;-8.045864;-34.899436
Gracas;Rua Doutor Vicente Meira, 82 - Gracas;Rua Doutor Vicente Meira;5;2;6253.31;522098.06;83.68;-8.045244;-34.895565
Gracas;Rua Esmeraldino Bandeira, 151 - Gracas;Rua Esmeraldino Bandeira;5;0;5240.94;950077.63;181.28;-8.046258;-34.899652
Gracas;Rua Esmeraldino Bandeira, 375 - Gracas;Rua Esmeraldino Bandeira;5;4;5353.69;550132.45;102.73;-8.044374;-34.899048
Gracas;Rua Joao Ramos, 143 - Gracas;Rua Joao Ramos;5;0;7386.24;421956.23;57.11;-8.04698;-34.899062
Gracas;Rua Joaquim Nabuco, 600 - Gracas;Rua Joaquim Nabuco;5;0;3502.2;564832.59;160.02;-8.052356;-34.901767
Gracas;Rua Ricardo Hardman, 130 - Gracas;Rua Ricardo Hardman;5;0;4542.57;587627.29;129.36;-8.036577;-34.900507
Gracas;Rua Confederacao Do Equador, 60 - Gracas;Rua Confederacao Do Equador;4;2;6344.67;606740.42;95.63;-8.04827;-34.898417
Gracas;Rua Do Futuro, 77 - Gracas;Rua Do Futuro;4;2;4611.93;1057884.17;229.38;-8.043708;-34.898548
Gracas;Rua Doutor Bandeira Filho, 171 - Gracas;Rua Doutor Bandeira Filho;4;4;4396.66;288068.94;65.52;-8.050957;-34.896136
Gracas;Rua Joao Ramos, 231 - Gracas;Rua Joao Ramos;4;0;4198.08;559183.68;133.2;-8.046189;-34.898807
Gracas;Rua Santo Elias, 170 - Gracas;Rua Santo Elias;4;0;6396.44;1038653.6;162.38;-8.044293;-34.89478
Gracas;Rua Vigario Barreto, 82 - Gracas;Rua Vigario Barreto;4;0;5292.42;466426.14;88.25;-8.044326;-34.896193
Gracas;Avenida Doutor Malaquias, 195 - Gracas;Avenida Doutor Malaquias;3;1;9131.43;1159691.44;127.0;-8.03911;-34.901829
Gracas;Avenida Rui Barbosa, 264 - Gracas;Avenida Rui Barbosa;3;2;4793.04;592755.14;123.67;-8.049294;-34.898008
Gracas;Rua Alberto Paiva, 347 - Gracas;Rua Alberto Paiva;3;1;9263.46;768089.15;82.71;-8.043833;-34.900407
Gracas;Rua Bruno Maia, 150 - Gracas;Rua Bruno Maia;3;2;5649.01;1073876.47;190.1;-8.046973;-34.89825
Gracas;Rua Capitao Sampaio Xavier, 205 - Gracas;Rua Capitao Sampaio Xavier;3;2;10009.01;1275919.3;127.72;-8.037012;-34.900703
Gracas;Rua Das Gracas, 326 - Gracas;Rua Das Gracas;3;3;6802.28;721654.02;106.09;-8.047989;-34.900956
Gracas;Rua Do Futuro, 480 - Gracas;Rua Do Futuro;3;2;7357.52;836587.67;113.72;-8.040517;-34.90002
Gracas;Rua Doutor Bandeira Filho, 195 - Gracas;Rua Doutor Bandeira Filho;3;2;3535.72;275305.39;77.89;-8.050867;-34.896271
Gracas;Rua Doutor Bandeira Filho, 205 - Gracas;Rua Doutor Bandeira Filho;3;0;4246.45;278270.19;65.53;-8.050776;-34.896406
Gracas;Rua Esmeraldino Bandeira, 178 - Gracas;Rua Esmeraldino Bandeira;3;0;4773.99;1056532.07;221.31;-8.046206;-34.899164
Gracas;Rua Jacobina, 130 - Gracas;Rua Jacobina;3;2;6548.15;1030744.75;157.41;-8.049563;-34.902352
Gracas;Rua Nuporanga, 20 - Gracas;Rua Nuporanga;3;0;3866.35;479140.66;123.85;-8.049246;-34.901798
Gracas;Rua Paulino Gomes De Souza, 50 - Gracas;Rua Paulino Gomes De Souza;3;2;7998.69;865538.61;108.21;-8.040978;-34.900298
Gracas;Rua Sao Salvador, 67 - Gracas;Rua Sao Salvador;3;3;8248.87;2455030.2;297.62;-8.049728;-34.894766
Gracas;Rua Xavier Marques, 77 - Gracas;Rua Xavier Marques;3;3;5803.03;1125498.05;193.95;-8.039037;-34.900551
Gracas;Avenida Rui Barbosa, 1061 - Gracas;Avenida Rui Barbosa;2;2;4372.16;979800.4;224.1;-8.043958;-34.902882
Gracas;Avenida Rui Barbosa, 623 - Gracas;Avenida Rui Barbosa;2;2;4074.19;316808.85;77.76;-8.047431;-34.90052
Gracas;Avenida Rui Barbosa, 735 - Gracas;Avenida Rui Barbosa;2;2;4620.66;2408100.49;521.16;-8.046792;-34.901551
Gracas;Avenida Rui Barbosa, 89 - Gracas;Avenida Rui Barbosa;2;2;11516.66;7281405.6;632.25;-8.050938;-34.897524
Gracas;Avenida Rui Barbosa, 911 - Gracas;Avenida Rui Barbosa;2;2;9797.1;5673597.36;579.11;-8.045038;-34.902425
Gracas;Avenida Rui Barbosa, 965 - Gracas;Avenida Rui Barbosa;2;2;4375.96;18353498.46;4194.16;-8.044753;-34.902554
Gracas;Rua Barao De Contendas, 102 - Gracas;Rua Barao De Contendas;2;0;5790.89;514404.76;88.83;-8.041851;-34.898976
Gracas;Rua Bruno Maia, 217 - Gracas;Rua Bruno Maia;2;0;4478.04;1214512.46;268.98;-8.047339;-34.899072
Gracas;Rua Cardeal Arcoverde, 274 - Gracas;Rua Cardeal Arcoverde;2;2;5132.84;1518141.23;295.77;-8.049706;-34.901277
Gracas;Rua Correia De Araujo, 68 - Gracas;Rua Correia De Araujo;2;2;10171.11;4504480.57;442.87;-8.050985;-34.897982
Gracas;Rua Da Amizade, 161 - Gracas;Rua Da Amizade;2;2;4249.86;619375.1;145.74;-8.049687;-34.899819
Gracas;Rua Do Espinheiro, 151 - Gracas;Rua Do Espinheiro;2;0;6503.69;1173981.58;180.51;-8.046558;-34.896095
Gracas;Rua Do Futuro, 673 - Gracas;Rua Do Futuro;2;2;2525.16;183831.66;72.8;-8.039467;-34.901443
Gracas;Rua Dom Sebastiao Leme, 166 - Gracas;Rua Dom Sebastiao Leme;2;2;4595.21;2439045.14;530.78;-8.04837;-34.903052
Gracas;Rua Dom Sebastiao Leme, 57 - Gracas;Rua Dom Sebastiao Leme;2;2;4488.06;636002.77;141.71;-8.049089;-34.902099
Gracas;Rua Dona Anunciada, 176 - Gracas;Rua Dona Anunciada;2;2;4317.62;310868.68;72.0;-8.045858;-34.899465
Gracas;Rua Joaquim Nabuco, 120 - Gracas;Rua Joaquim Nabuco;2;2;3381.89;2609602.24;771.64;-8.052519;-34.89726
Gracas;Rua Joaquim Nabuco, 200 - Gracas;Rua Joaquim Nabuco;2;2;4831.15;36342877.52;7522.62;-8.052412;-34.897768
Gracas;Rua Joaquim Nabuco, 92 - Gracas;Rua Joaquim Nabuco;2;0;4636.23;616895.72;133.06;-8.052588;-34.897076
Gracas;Rua Jose Clementino, 34 - Gracas;Rua Jose Clementino;2;2;11102.5;2862004.29;257.78;-8.038237;-34.901801
Gracas;Rua Jose Clementino, 52 - Gracas;Rua Jose Clementino;2;2;5648.31;3314879.42;586.88;-8.038161;-34.901682
Gracas;Rua Manoel De Almeida, 136 - Gracas;Rua Manoel De Almeida;2;2;7354.05;395500.67;53.78;-8.047239;-34.902261
Gracas;Rua Manoel De Almeida, 139 - Gracas;Rua Manoel De Almeida;2;0;4213.42;315163.71;74.8;-8.047621;-34.902347
Gracas;Rua Paulino Gomes De Souza, 145 - Gracas;Rua Paulino Gomes De Souza;2;2;6124.59;1491459.86;243.52;-8.041937;-34.900326
Gracas;Rua Sao Salvador, 51 - Gracas;Rua Sao Salvador;2;2;15139.87;2203608.53;145.55;-8.049795;-34.894651
Gracas;Rua Teixeira Pinto, 50 - Gracas;Rua Teixeira Pinto;2;0;4751.69;818050.92;172.16;-8.040967;-34.899342
Gracas;Rua Vigario Barreto, 59 - Gracas;Rua Vigario Barreto;2;2;7489.52;1296735.84;173.14;-8.044916;-34.89614
Gracas;Rua Vigario Barreto, 94 - Gracas;Rua Vigario Barreto;2;2;3957.14;1095572.35;276.86;-8.044365;-34.896349
Gracas;Avenida Doutor Malaquias, 130 - Gracas;Avenida Doutor Malaquias;1;0;3634.34;1820223.78;500.84;-8.038469;-34.901579
Gracas;Avenida Rui Barbosa, 704 - Gracas;Avenida Rui Barbosa;1;0;12581.84;107322598.43;8529.96;-8.045984;-34.900473
Gracas;Avenida Santos Dumont, 54 - Gracas;Avenida Santos Dumont;1;0;4946.53;1141560.07;230.78;-8.04057;-34.899661
Gracas;Rua Amelia, 114 - Gracas;Rua Amelia;1;1;9254.0;459183.48;49.62;-8.045414;-34.896217
Gracas;Rua Antonio Novais, 174 - Gracas;Rua Antonio Novais;1;0;4209.31;430360.16;102.24;-8.043447;-34.900233
Gracas;Rua Antonio Novais, 198 - Gracas;Rua Antonio Novais;1;0;7146.97;862996.14;120.75;-8.043248;-34.900368
Gracas;Rua Bruno Maia, 352 - Gracas;Rua Bruno Maia;1;0;4213.27;324927.64;77.12;-8.047069;-34.900255
Gracas;Rua Cardeal Arcoverde, 153 - Gracas;Rua Cardeal Arcoverde;1;0;8123.79;2945034.93;362.52;-8.048881;-34.900413
Gracas;Rua Confederacao Do Equador, 90 - Gracas;Rua Confederacao Do Equador;1;0;5075.69;1642798.95;323.66;-8.047763;-34.897637
Gracas;Rua Correia De Araujo, 138 - Gracas;Rua Correia De Araujo;1;0;0.01;1.78;139.42;-8.051686;-34.898257
Gracas;Rua Da Amizade, 141 - Gracas;Rua Da Amizade;1;0;4298.04;416565.9;96.92;-8.049803;-34.899923
Gracas;Rua Do Cupim, 104 - Gracas;Rua Do Cupim;1;0;3127.17;1200362.47;383.85;-8.046962;-34.897805
Gracas;Rua Do Cupim, 142 - Gracas;Rua Do Cupim;1;0;2296.26;695214.79;302.76;-8.046647;-34.897776
Gracas;Rua Do Cupim, 177 - Gracas;Rua Do Cupim;1;0;10026.89;1338389.3;133.48;-8.046329;-34.898118
Gracas;Rua Do Cupim, 183 - Gracas;Rua Do Cupim;1;0;6930.99;1212922.81;175.0;-8.046225;-34.898089
Gracas;Rua Do Cupim, 186 - Gracas;Rua Do Cupim;1;0;4035.71;1142833.23;283.18;-8.046293;-34.89774
Gracas;Rua Do Cupim, 222 - Gracas;Rua Do Cupim;1;0;6848.91;3962846.82;578.61;-8.046102;-34.897647
Gracas;Rua Do Cupim, 64 - Gracas;Rua Do Cupim;1;0;6970.87;1217671.83;174.68;-8.047336;-34.897844
Gracas;Rua Do Cupim, 71 - Gracas;Rua Do Cupim;1;0;7682.33;2017456.19;262.61;-8.047306;-34.898317
Gracas;Rua Do Futuro, 242 - Gracas;Rua Do Futuro;1;1;8411.32;565829.83;67.27;-8.042181;-34.898756
Gracas;Rua Do Futuro, 361 - Gracas;Rua Do Futuro;1;1;8361.6;1006151.37;120.33;-8.041661;-34.899681
Gracas;Rua Do Futuro, 375 - Gracas;Rua Do Futuro;1;1;8363.88;412339.36;49.3;-8.041509;-34.899818
Gracas;Rua Do Futuro, 504 - Gracas;Rua Do Futuro;1;0;9399.07;1264174.73;134.5;-8.040251;-34.900138
Gracas;Rua Do Futuro, 687 - Gracas;Rua Do Futuro;1;0;4030.0;2070573.44;513.79;-8.039359;-34.901526
Gracas;Rua Do Futuro, 694 - Gracas;Rua Do Futuro;1;0;6627.15;1912065.71;288.52;-8.039036;-34.901307
Gracas;Rua Do Futuro, 884 - Gracas;Rua Do Futuro;1;0;4441.15;1045580.38;235.43;-8.037734;-34.902473
Gracas;Rua Do Futuro, 99 - Gracas;Rua Do Futuro;1;0;6234.34;2530205.5;405.85;-8.043531;-34.898622
Gracas;Rua Esmeraldino Bandeira, 132 - Gracas;Rua Esmeraldino Bandeira;1;0;3571.07;600547.39;168.17;-8.046487;-34.899271
Gracas;Rua Joao Ramos, 211 - Gracas;Rua Joao Ramos;1;0;5434.11;643126.37;118.35;-8.046504;-34.898905
Gracas;Rua Joao Ramos, 85 - Gracas;Rua Joao Ramos;1;0;5005.94;952129.13;190.2;-8.047491;-34.899041
Gracas;Rua Joaquim Nabuco, 516 - Gracas;Rua Joaquim Nabuco;1;0;3814.95;1017524.14;266.72;-8.052443;-34.900957
Gracas;Rua Joaquim Nabuco, 574 - Gracas;Rua Joaquim Nabuco;1;0;5575.7;2852529.06;511.6;-8.052502;-34.901454
Gracas;Rua Joaquim Nabuco, 586 - Gracas;Rua Joaquim Nabuco;1;0;6522.62;2158986.02;331.0;-8.052533;-34.901648
Gracas;Rua Joaquim Nabuco, 668 - Gracas;Rua Joaquim Nabuco;1;0;7334.17;1542815.16;210.36;-8.052596;-34.902355
Gracas;Rua Joaquim Nabuco, 708 - Gracas;Rua Joaquim Nabuco;1;0;5566.3;820806.37;147.46;-8.05262;-34.902677
Gracas;Rua Joaquim Nabuco, 712 - Gracas;Rua Joaquim Nabuco;1;0;8839.08;1843832.59;208.6;-8.052627;-34.902781
Gracas;Rua Manoel De Almeida, 110 - Gracas;Rua Manoel De Almeida;1;0;6468.76;631350.8;97.6;-8.047267;-34.902012
Gracas;Rua Manoel De Almeida, 117 - Gracas;Rua Manoel De Almeida;1;0;4725.68;748547.92;158.4;-8.047604;-34.902151
Gracas;Rua Manoel De Almeida, 128 - Gracas;Rua Manoel De Almeida;1;0;3442.99;458021.22;133.03;-8.047239;-34.902261
Gracas;Rua Monsenhor Ambrosino Leite, 113 - Gracas;Rua Monsenhor Ambrosino Leite;1;0;29043.95;6767239.89;233.0;-8.051896;-34.900994
Gracas;Rua Monsenhor Ambrosino Leite, 114 - Gracas;Rua Monsenhor Ambrosino Leite;1;0;10944.18;3467773.64;316.86;-8.051939;-34.901513
Gracas;Rua Monsenhor Ambrosino Leite, 130 - Gracas;Rua Monsenhor Ambrosino Leite;1;0;8300.21;2931635.42;353.2;-8.052047;-34.901509
Gracas;Rua Monsenhor Ambrosino Leite, 131 - Gracas;Rua Monsenhor Ambrosino Leite;1;0;3048.05;1693985.06;555.76;-8.052025;-34.901025
Gracas;Rua Monsenhor Ambrosino Leite, 71 - Gracas;Rua Monsenhor Ambrosino Leite;1;1;8369.05;1557563.17;186.11;-8.051533;-34.901038
Gracas;Rua Ricardo Hardman, 104 - Gracas;Rua Ricardo Hardman;1;0;6613.99;1853704.13;280.27;-8.036656;-34.900659
Gracas;Rua Sergio Magalhaes, 66 - Gracas;Rua Sergio Magalhaes;1;0;4043.62;894529.82;221.22;-8.044422;-34.900826
Gracas;Rua Sergio Magalhaes, 78 - Gracas;Rua Sergio Magalhaes;1;0;4541.33;877748.95;193.28;-8.044316;-34.900837
Gracas;Rua Teles Junior, 475 - Gracas;Rua Teles Junior;1;0;6170.83;852685.23;138.18;-8.036643;-34.899198
Gracas;Rua Xavier Marques, 234 - Gracas;Rua Xavier Marques;1;1;10274.38;694650.77;67.61;-8.039501;-34.901674
Gracas;Rua Xavier Marques, 63 - Gracas;Rua Xavier Marques;1;1;6260.05;373787.65;59.71;-8.038812;-34.900687
Gracas;Rua Xavier Marques, 94 - Gracas;Rua Xavier Marques;1;0;5061.86;2148961.12;424.54;-8.038981;-34.900962
Guabiraba;Estrada Da Mumbeca, 5205 - Guabiraba;Estrada Da Mumbeca;8;7;3970.15;235525.33;120.59;-7.959258;-34.944184
Guabiraba;Estrada Da Mumbeca, 945 - Guabiraba;Estrada Da Mumbeca;5;0;4386.31;191023.85;43.55;-7.959258;-34.944184
Guabiraba;Estrada Da Mumbeca, 1313 - Guabiraba;Estrada Da Mumbeca;3;3;7881.56;3316243.73;420.76;-7.959258;-34.944184
Guabiraba;Avenida Da Recuperacao, 6171 - Guabiraba;Avenida Da Recuperacao;2;0;6168.1;211010.62;34.21;-8.000694;-34.936343
Guabiraba;Estrada Da Mumbeca, 3000 - Guabiraba;Estrada Da Mumbeca;2;2;1842.93;1387137.96;752.68;-7.959258;-34.944184
Guabiraba;Estrada Da Mumbeca, 413 - Guabiraba;Estrada Da Mumbeca;2;2;3510.28;2382604.68;678.75;-7.965918;-34.921476
Guabiraba;Estrada Da Mumbeca, 1650 - Guabiraba;Estrada Da Mumbeca;1;0;6768.68;509884.94;75.33;-7.959258;-34.944184
Guabiraba;Estrada Da Mumbeca, 31 - Guabiraba;Estrada Da Mumbeca;1;0;616.91;737066.84;1194.77;-7.945937;-34.9896
Hipodromo;Estrada De Belem, 571 - Hipodromo;Estrada De Belem;16;2;6622.0;465421.67;70.3;-8.034427;-34.886061
Hipodromo;Rua Dona Elvira, 158 - Hipodromo;Rua Dona Elvira;4;0;3691.52;321826.44;87.18;-8.034453;-34.889441
Hipodromo;Estrada De Belem, 415 - Hipodromo;Estrada De Belem;3;2;4631.22;230079.33;49.68;-8.034902;-34.887866
Hipodromo;Rua Francisco Berenguer, 88 - Hipodromo;Rua Francisco Berenguer;3;0;3809.89;208942.71;54.83;-8.028908;-34.886595
Hipodromo;Rua Frederico, 325 - Hipodromo;Rua Frederico;3;1;4050.89;292696.56;72.27;-8.032397;-34.889646
Hipodromo;Rua Dona Elvira, 246 - Hipodromo;Rua Dona Elvira;2;1;6498.5;238624.72;36.72;-8.033656;-34.889516
Hipodromo;Rua Francisco Berenguer, 141 - Hipodromo;Rua Francisco Berenguer;2;2;4646.35;237010.41;51.01;-8.029641;-34.887907
Hipodromo;Rua Frederico, 221 - Hipodromo;Rua Frederico;2;2;5970.89;1202418.52;201.38;-8.033146;-34.89001
Hipodromo;Rua Frederico, 233 - Hipodromo;Rua Frederico;2;2;4693.15;915258.08;195.02;-8.033061;-34.889917
Hipodromo;Rua Joao De Carvalho, 123 - Hipodromo;Rua Joao De Carvalho;2;2;2975.72;965146.29;324.34;-8.031975;-34.887911
Hipodromo;Rua Martins Ribeiro, 369 - Hipodromo;Rua Martins Ribeiro;2;2;5650.98;866465.67;153.33;-8.032632;-34.885453
Hipodromo;Rua Martins Ribeiro, 423 - Hipodromo;Rua Martins Ribeiro;2;2;5924.62;690217.8;116.5;-8.032494;-34.8851
Hipodromo;Rua Prudente De Moraes, 575 - Hipodromo;Rua Prudente De Moraes;2;2;4004.82;611615.95;152.72;-8.028712;-34.887637
Hipodromo;Rua Dona Elvira, 172 - Hipodromo;Rua Dona Elvira;1;0;5111.33;1722261.19;336.95;-8.034453;-34.889441
Hipodromo;Rua Dona Elvira, 68 - Hipodromo;Rua Dona Elvira;1;1;4393.99;1573046.69;358.0;-8.035004;-34.888665
Hipodromo;Rua Dona Elvira, 96 - Hipodromo;Rua Dona Elvira;1;0;3902.42;286242.39;73.35;-8.034796;-34.888802
Hipodromo;Rua Dona Maria Luiza Guerra, 37 - Hipodromo;Rua Dona Maria Luiza Guerra;1;1;2966.98;745067.28;251.12;-8.033259;-34.888311
Hipodromo;Rua Doutor Augusto Maciel, 45 - Hipodromo;Rua Doutor Augusto Maciel;1;0;3895.23;1031224.14;264.74;-8.031796;-34.889434
Hipodromo;Rua Doutor Augusto Maciel, 55 - Hipodromo;Rua Doutor Augusto Maciel;1;0;3585.87;910632.24;253.95;-8.03181;-34.889324
Hipodromo;Rua Francisco Berenguer, 10 - Hipodromo;Rua Francisco Berenguer;1;1;4427.26;487130.99;110.03;-8.028908;-34.886595
Hipodromo;Rua Francisco Berenguer, 86 - Hipodromo;Rua Francisco Berenguer;1;0;2501.32;773356.66;309.18;-8.028908;-34.886595
Hipodromo;Rua Frederico, 290 - Hipodromo;Rua Frederico;1;0;4172.19;793467.98;190.18;-8.033196;-34.890089
Hipodromo;Rua Joao De Carvalho, 164 - Hipodromo;Rua Joao De Carvalho;1;0;2485.19;734374.81;295.5;-8.031975;-34.887911
Hipodromo;Rua Martins Ribeiro, 357 - Hipodromo;Rua Martins Ribeiro;1;1;4856.01;1048461.43;215.91;-8.032689;-34.885545
Hipodromo;Rua Prudente De Moraes, 291 - Hipodromo;Rua Prudente De Moraes;1;0;2345.55;650000.0;277.12;-8.030895;-34.886185
Hipodromo;Rua Prudente De Moraes, 569 - Hipodromo;Rua Prudente De Moraes;1;0;2808.95;382326.48;136.11;-8.028757;-34.887605
Ibura;Rua Rio Pajeu, 482 - Ibura;Rua Rio Pajeu;132;58;3247.71;139326.62;42.9;-8.124098;-34.927759
Ibura;Rua Rio Pajeu, 502 - Ibura;Rua Rio Pajeu;45;14;2930.54;125738.1;42.9;-8.124098;-34.927759
Ibura;Rua Presidente Venceslau, 661 - Ibura;Rua Presidente Venceslau;18;4;3030.25;122846.16;40.54;-8.130102;-34.932363
Ibura;Rua Pintor Lula Cardoso Ayres, 1088 - Ibura;Rua Pintor Lula Cardoso Ayres;12;6;3324.34;181375.76;54.56;-8.12045;-34.92058
Ibura;Avenida Marechal Mascarenhas De Moraes, 4900 - Ibura;Avenida Marechal Mascarenhas De Moraes;7;7;21174.8;9697890.38;481.13;-8.127833;-34.915899
Ibura;Rua Pintor Lula Cardoso Ayres, 1122 - Ibura;Rua Pintor Lula Cardoso Ayres;7;0;3444.29;187920.49;54.56;-8.12045;-34.92058
Ibura;Rua Jornalista Edson Regis, 868 - Ibura;Rua Jornalista Edson Regis;5;4;6462.96;4163222.41;644.18;-8.11076;-34.933469
Ibura;Avenida Marechal Mascarenhas De Moraes, 4536 - Ibura;Avenida Marechal Mascarenhas De Moraes;4;0;3025.3;98715.52;32.63;-8.12499;-34.915317
Ibura;Rua Jornalista Edson Regis, 456 - Ibura;Rua Jornalista Edson Regis;4;0;2126.85;5968652.27;2792.21;-8.112509;-34.93223
Ibura;Rua Jornalista Edson Regis, 700 - Ibura;Rua Jornalista Edson Regis;4;4;3011.44;3430030.31;1139.0;-8.112509;-34.93223
Ibura;Rua Pintor Lula Cardoso Ayres, 1046 - Ibura;Rua Pintor Lula Cardoso Ayres;3;2;3243.21;176949.78;54.56;-8.12045;-34.92058
Ibura;Rua Rio Una, 757 - Ibura;Rua Rio Una;3;3;9662.13;1921218.36;198.84;-8.110244;-34.935762
Ibura;Rua Fernandes Belo, 172 - Ibura;Rua Fernandes Belo;2;2;1947.78;209425.16;107.52;-8.124098;-34.927759
Ibura;Rua Jornalista Edson Regis, 1131 - Ibura;Rua Jornalista Edson Regis;2;2;4121.82;123654.44;30.0;-8.112509;-34.93223
Ibura;Rua Jornalista Edson Regis, 787 - Ibura;Rua Jornalista Edson Regis;2;2;31436.36;1670527.96;53.14;-8.111109;-34.933875
Ibura;Rua Muniz Ferreira, 260 - Ibura;Rua Muniz Ferreira;2;2;3344.59;278571.05;83.29;-8.124098;-34.927759
Ibura;Rua Rio Branco Do Sul, 345 - Ibura;Rua Rio Branco Do Sul;2;2;3502.2;366575.12;104.67;-8.116438;-34.94188
Ibura;Rua Rio Branco Do Sul, 674 - Ibura;Rua Rio Branco Do Sul;2;2;2979.25;517822.74;173.81;-8.116438;-34.94188
Ibura;Rua Rio Da Prata, 86 - Ibura;Rua Rio Da Prata;2;2;2858.09;341599.05;119.52;-8.124098;-34.927759
Ibura;Rua Rio Das Pedras, 318 - Ibura;Rua Rio Das Pedras;2;2;2929.92;210954.54;72.0;-8.124098;-34.927759
Ibura;Rua Rio Moxoto, 558 - Ibura;Rua Rio Moxoto;2;2;1910.84;122102.9;63.9;-8.111582;-34.935166
Ibura;Rua Rio Moxoto, 80 - Ibura;Rua Rio Moxoto;2;2;2702.57;216205.59;80.0;-8.114891;-34.932318
Ibura;Rua Rio Novo Do Sul, 126 - Ibura;Rua Rio Novo Do Sul;2;2;3062.57;238880.56;78.0;-8.124098;-34.927759
Ibura;Rua Rio Novo Do Sul, 131 - Ibura;Rua Rio Novo Do Sul;2;2;2967.64;237410.96;80.0;-8.124098;-34.927759
Ibura;Rua Rio Una, 236 - Ibura;Rua Rio Una;2;2;1024.33;668496.82;652.62;-8.113479;-34.93235
Ibura;Rua Tenente Portela, 50 - Ibura;Rua Tenente Portela;2;2;1567.8;162533.3;103.67;-8.120918;-34.921668
Ibura;Avenida Marechal Mascarenhas De Moraes, 4728 - Ibura;Avenida Marechal Mascarenhas De Moraes;1;0;5121.88;7483071.89;1461.0;-8.125387;-34.915515
Ibura;Avenida Marechal Mascarenhas De Moraes, 4746 - Ibura;Avenida Marechal Mascarenhas De Moraes;1;0;3509.44;1550472.51;441.8;-8.125579;-34.915508
Ibura;Avenida Ministro Oliveira Salazar, 864 - Ibura;Avenida Ministro Oliveira Salazar;1;0;6613.8;390214.07;59.0;-8.108961;-34.937003
Ibura;Avenida Ministro Oliveira Salazar, 865 - Ibura;Avenida Ministro Oliveira Salazar;1;0;1374.83;623349.23;453.4;-8.108865;-34.937055
Ibura;Avenida Recife, 3448 - Ibura;Avenida Recife;1;0;1969.26;871300.25;442.45;-8.116649;-34.923838
Ibura;Avenida Recife, 3460 - Ibura;Avenida Recife;1;0;2125.25;984502.63;463.24;-8.11657;-34.923919
Ibura;Avenida Recife, 3462 - Ibura;Avenida Recife;1;0;24043.48;1731130.34;72.0;-8.11742;-34.923163
Ibura;Avenida Recife, 3532 - Ibura;Avenida Recife;1;0;10704.73;3012202.89;281.39;-8.117916;-34.922722
Ibura;Rua Afonso Cunha, 17 - Ibura;Rua Afonso Cunha;1;0;1605.13;120384.93;75.0;-8.124098;-34.927759
Ibura;Rua Antonio Guedes De Araujo, 66 - Ibura;Rua Antonio Guedes De Araujo;1;0;2850.06;460882.4;161.71;-8.118302;-34.922995
Ibura;Rua Coronel Murta, 105 - Ibura;Rua Coronel Murta;1;0;2623.91;408069.78;155.52;-8.118246;-34.923273
Ibura;Rua Coronel Murta, 60 - Ibura;Rua Coronel Murta;1;0;1506.23;826285.09;548.58;-8.117921;-34.923388
Ibura;Rua Fernandes Belo, 142 - Ibura;Rua Fernandes Belo;1;0;3686.61;220348.83;59.77;-8.124098;-34.927759
Ibura;Rua Jornalista Edson Regis, 278 - Ibura;Rua Jornalista Edson Regis;1;0;3136.5;14390992.96;4588.24;-8.112509;-34.93223
Ibura;Rua Jornalista Edson Regis, 283 - Ibura;Rua Jornalista Edson Regis;1;0;4557.91;237011.54;52.0;-8.115964;-34.929582
Ibura;Rua Jornalista Edson Regis, 301 - Ibura;Rua Jornalista Edson Regis;1;0;4534.62;238067.34;52.5;-8.115249;-34.930208
Ibura;Rua Jornalista Edson Regis, 344 - Ibura;Rua Jornalista Edson Regis;1;0;2624.15;125959.07;48.0;-8.115612;-34.929455
Ibura;Rua Jornalista Edson Regis, 4300 - Ibura;Rua Jornalista Edson Regis;1;0;4119.42;334002.49;81.08;-8.11476;-34.930193
Ibura;Rua Muniz Ferreira, 347 - Ibura;Rua Muniz Ferreira;1;0;3479.24;243546.92;70.0;-8.124098;-34.927759
Ibura;Rua Pintor Agenor De Albuquerque Cesar, 112 - Ibura;Rua Pintor Agenor De Albuquerque Cesar;1;0;2172.95;183570.78;84.48;-8.124098;-34.927759
Ibura;Rua Pintor Agenor De Albuquerque Cesar, 220 - Ibura;Rua Pintor Agenor De Albuquerque Cesar;1;0;1585.48;272702.2;172.0;-8.124098;-34.927759
Ibura;Rua Pintor Lula Cardoso Ayres, 3834 - Ibura;Rua Pintor Lula Cardoso Ayres;1;0;3808.23;726420.31;190.75;-8.120122;-34.921446
Ibura;Rua Pintor Lula Cardoso Ayres, 3850 - Ibura;Rua Pintor Lula Cardoso Ayres;1;0;3158.08;557401.22;176.5;-8.120229;-34.921443
Ibura;Rua Pintor Lula Cardoso Ayres, 4765 - Ibura;Rua Pintor Lula Cardoso Ayres;1;0;2777.69;544928.14;196.18;-8.127422;-34.91683
Ibura;Rua Pintor Lula Cardoso Ayres, 595 - Ibura;Rua Pintor Lula Cardoso Ayres;1;0;2788.22;529761.53;190.0;-8.119997;-34.921445
Ibura;Rua Pintor Lula Cardoso Ayres, 701 - Ibura;Rua Pintor Lula Cardoso Ayres;1;0;1688.47;453253.75;268.44;-8.120556;-34.921442
Ibura;Rua Professor Fernando Mota, 281 - Ibura;Rua Professor Fernando Mota;1;0;4090.37;257693.46;63.0;-8.124098;-34.927759
Ibura;Rua Rio Acima, 142 - Ibura;Rua Rio Acima;1;0;2907.35;258289.16;88.84;-8.124098;-34.927759
Ibura;Rua Rio Branco Do Sul, 334 - Ibura;Rua Rio Branco Do Sul;1;0;3980.16;179107.24;45.0;-8.116438;-34.94188
Ibura;Rua Rio Brigida, 601 - Ibura;Rua Rio Brigida;1;0;3110.09;281463.45;90.5;-8.124098;-34.927759
Ibura;Rua Rio Chuy, 32 - Ibura;Rua Rio Chuy;1;0;2731.59;431481.5;157.96;-8.124098;-34.927759
Ibura;Rua Rio Chuy, 73 - Ibura;Rua Rio Chuy;1;0;3144.38;240168.0;76.38;-8.124098;-34.927759
Ibura;Rua Rio Claro, 75 - Ibura;Rua Rio Claro;1;1;4972.76;241676.3;48.6;-8.124098;-34.927759
Ibura;Rua Rio Da Prata, 56 - Ibura;Rua Rio Da Prata;1;0;3660.52;326701.45;89.25;-8.124098;-34.927759
Ibura;Rua Rio Da Prata, 96 - Ibura;Rua Rio Da Prata;1;0;3349.9;301491.43;90.0;-8.124098;-34.927759
Ibura;Rua Rio Das Contas, 571 - Ibura;Rua Rio Das Contas;1;0;20093.41;602802.33;30.0;-8.124098;-34.927759
Ibura;Rua Rio Das Pedras, 123 - Ibura;Rua Rio Das Pedras;1;0;3264.71;374135.54;114.6;-8.124098;-34.927759
Ibura;Rua Rio Das Pedras, 220 - Ibura;Rua Rio Das Pedras;1;0;3786.33;260045.12;68.68;-8.124098;-34.927759
Ibura;Rua Rio Das Pedras, 320 - Ibura;Rua Rio Das Pedras;1;0;2368.0;227327.79;96.0;-8.124098;-34.927759
Ibura;Rua Rio Jurua, 58 - Ibura;Rua Rio Jurua;1;0;3055.45;299434.38;98.0;-8.113186;-34.938179
Ibura;Rua Rio Jurua, 72 - Ibura;Rua Rio Jurua;1;0;2028.14;277408.61;136.78;-8.113235;-34.938105
Ibura;Rua Rio Moxoto, 303 - Ibura;Rua Rio Moxoto;1;0;3825.86;363456.98;95.0;-8.113236;-34.933742
Ibura;Rua Rio Moxoto, 408 - Ibura;Rua Rio Moxoto;1;0;19116.66;669083.21;35.0;-8.113236;-34.933742
Ibura;Rua Rio Novo Do Sul, 45 - Ibura;Rua Rio Novo Do Sul;1;0;1524.8;109785.94;72.0;-8.124098;-34.927759
Ibura;Rua Rio Novo Do Sul, 555 - Ibura;Rua Rio Novo Do Sul;1;0;2185.75;104916.21;48.0;-8.124098;-34.927759
Ibura;Rua Rio Novo Do Sul, 63 - Ibura;Rua Rio Novo Do Sul;1;0;3918.32;321302.14;82.0;-8.124098;-34.927759
Ibura;Rua Rio Una, 234 - Ibura;Rua Rio Una;1;0;1264.31;794641.09;628.52;-8.113274;-34.932529
Ibura;Rua Rio Una, 238 - Ibura;Rua Rio Una;1;0;1219.78;821826.18;673.75;-8.113377;-34.93244
Ibura;Rua Rio Una, 620 - Ibura;Rua Rio Una;1;0;2852.84;181782.72;63.72;-8.111206;-34.934976
Ibura;Rua Rio Una, 880 - Ibura;Rua Rio Una;1;0;3328.21;1033408.79;310.5;-8.111943;-34.933991
Ibura;Rua Rio Xingu, 47 - Ibura;Rua Rio Xingu;1;0;2357.69;471538.81;200.0;-8.124098;-34.927759
Ibura;Rua Senador Pompeu, 54 - Ibura;Rua Senador Pompeu;1;0;6229.28;264744.25;42.5;-8.115231;-34.929465
Ibura;Rua Soldado Romildo Ottenen, 463 - Ibura;Rua Soldado Romildo Ottenen;1;0;1914.49;120000.0;62.68;-8.124098;-34.927759
Ibura;Rua Tenente Portela, 126 - Ibura;Rua Tenente Portela;1;0;1670.9;564764.13;338.0;-8.120918;-34.921668
Ilha Do Leite;Rua Senador Jose Henrique, 231 - Ilha Do Leite;Rua Senador Jose Henrique;251;137;7646.12;1608176.83;208.28;-8.065572;-34.896309
Ilha Do Leite;Rua Senador Jose Henrique, 224 - Ilha Do Leite;Rua Senador Jose Henrique;55;39;8518.0;1262185.33;145.96;-8.064791;-34.896171
Ilha Do Leite;Rua Estado De Israel, 205 - Ilha Do Leite;Rua Estado De Israel;33;23;6380.76;258000.96;41.4;-8.06452;-34.894845
Ilha Do Leite;Rua Frei Matias Tevis, 285 - Ilha Do Leite;Rua Frei Matias Tevis;33;26;7419.94;343211.87;46.23;-8.064017;-34.896374
Ilha Do Leite;Rua Estado De Israel, 203 - Ilha Do Leite;Rua Estado De Israel;19;13;3751.06;272999.76;72.77;-8.064617;-34.894527
Ilha Do Leite;Avenida Governador Agamenon Magalhaes, 4775 - Ilha Do Leite;Avenida Governador Agamenon Magalhaes;17;12;10525.54;399066.76;37.89;-8.064096;-34.89676
Ilha Do Leite;Rua Francisco Alves, 590 - Ilha Do Leite;Rua Francisco Alves;11;6;6167.69;478399.05;75.62;-8.066624;-34.894766
Ilha Do Leite;Rua Minas Gerais, 117 - Ilha Do Leite;Rua Minas Gerais;8;6;4938.64;147270.26;29.82;-8.064188;-34.893908
Ilha Do Leite;Rua Senador Jose Henrique, 44 - Ilha Do Leite;Rua Senador Jose Henrique;6;6;2707.96;2144215.2;791.82;-8.065106;-34.894234
Ilha Do Leite;Rua Minas Gerais, 147 - Ilha Do Leite;Rua Minas Gerais;4;4;6018.91;3071327.21;510.28;-8.063994;-34.894039
Ilha Do Leite;Rua Senador Jose Henrique, 103 - Ilha Do Leite;Rua Senador Jose Henrique;4;0;110292.29;10601349.58;86.66;-8.065438;-34.894702
Ilha Do Leite;Rua Estado De Israel, 262 - Ilha Do Leite;Rua Estado De Israel;3;1;5198.97;247503.31;48.04;-8.063853;-34.894424
Ilha Do Leite;Rua Frei Matias Tevis, 280 - Ilha Do Leite;Rua Frei Matias Tevis;3;1;5698.17;255790.94;44.89;-8.063946;-34.895723
Ilha Do Leite;Rua Antonio Gomes De Freitas, 95 - Ilha Do Leite;Rua Antonio Gomes De Freitas;2;2;2809.08;248997.11;88.64;-8.066385;-34.894213
Ilha Do Leite;Rua Desembargador Antonio Guimaraes, 47 - Ilha Do Leite;Rua Desembargador Antonio Guimaraes;2;0;3436.69;219947.95;64.0;-8.063701;-34.892109
Ilha Do Leite;Rua Francisco Alves, 552 - Ilha Do Leite;Rua Francisco Alves;2;0;6018.92;159020.09;26.42;-8.066763;-34.894277
Ilha Do Leite;Rua Jornalista Trajano Chacon, 245 - Ilha Do Leite;Rua Jornalista Trajano Chacon;2;0;5335.24;713267.5;133.69;-8.0642;-34.894231
Ilha Do Leite;Rua Jose De Alencar, 578 - Ilha Do Leite;Rua Jose De Alencar;2;2;4628.59;462859.34;100.0;-8.063445;-34.890601
Ilha Do Leite;Rua Minas Gerais, 124 - Ilha Do Leite;Rua Minas Gerais;2;2;4408.98;967065.81;219.34;-8.063905;-34.893637
Ilha Do Leite;Rua Minas Gerais, 48 - Ilha Do Leite;Rua Minas Gerais;2;2;1791.63;125862.14;70.25;-8.065218;-34.892779
Ilha Do Leite;Rua Senador Jose Henrique, 53 - Ilha Do Leite;Rua Senador Jose Henrique;2;2;12267.22;2470618.73;201.4;-8.065501;-34.894292
Ilha Do Leite;Rua Senador Jose Henrique, 65 - Ilha Do Leite;Rua Senador Jose Henrique;2;2;4448.92;748708.74;168.29;-8.065482;-34.894397
Ilha Do Leite;Rua Antonio Gomes De Freitas, 111 - Ilha Do Leite;Rua Antonio Gomes De Freitas;1;1;3121.36;212252.82;68.0;-8.066385;-34.894326
Ilha Do Leite;Rua Desembargador Antonio Guimaraes, 65 - Ilha Do Leite;Rua Desembargador Antonio Guimaraes;1;0;4137.99;716202.81;173.08;-8.063819;-34.892301
Ilha Do Leite;Rua Desembargador Antonio Guimaraes, 87 - Ilha Do Leite;Rua Desembargador Antonio Guimaraes;1;0;4410.67;1149289.03;260.57;-8.063879;-34.892392
Ilha Do Leite;Rua Doutor Joao Asfora, 35 - Ilha Do Leite;Rua Doutor Joao Asfora;1;0;4530.1;35301995.67;7792.77;-8.06389;-34.895092
Ilha Do Leite;Rua Francisco Alves, 887 - Ilha Do Leite;Rua Francisco Alves;1;0;8039.28;28383960.09;3530.66;-8.066701;-34.895919
Ilha Do Leite;Rua Jornalista Trajano Chacon, 305 - Ilha Do Leite;Rua Jornalista Trajano Chacon;1;0;0.0;1.64;354.76;-8.063656;-34.893591
Ilha Do Leite;Rua Jornalista Trajano Chacon, 340 - Ilha Do Leite;Rua Jornalista Trajano Chacon;1;0;4307.9;293798.44;68.2;-8.063586;-34.894087
Ilha Do Leite;Rua Jornalista Trajano Chacon, 366 - Ilha Do Leite;Rua Jornalista Trajano Chacon;1;0;2926.34;223104.36;76.24;-8.063656;-34.894286
Ilha Do Leite;Rua Jose De Alencar, 620 - Ilha Do Leite;Rua Jose De Alencar;1;0;5572.33;2006151.37;360.02;-8.063653;-34.890806
Ilha Do Leite;Rua Minas Gerais, 148 - Ilha Do Leite;Rua Minas Gerais;1;0;8570.83;2223445.51;259.42;-8.063754;-34.893752
Ilha Do Leite;Rua Minas Gerais, 65 - Ilha Do Leite;Rua Minas Gerais;1;0;8274.94;1320100.4;159.53;-8.064559;-34.893678
Ilha Do Leite;Rua Minas Gerais, 82 - Ilha Do Leite;Rua Minas Gerais;1;0;0.0;1.82;791.66;-8.064248;-34.893413
Ilha Do Leite;Rua Minas Gerais, 91 - Ilha Do Leite;Rua Minas Gerais;1;0;6511.78;1764887.91;271.03;-8.064369;-34.893788
Ilha Do Leite;Rua Visconde De Goiana, 183 - Ilha Do Leite;Rua Visconde De Goiana;1;0;3121.27;503304.23;161.25;-8.063025;-34.89055
Ilha Do Leite;Rua Visconde De Goiana, 217 - Ilha Do Leite;Rua Visconde De Goiana;1;0;3312.14;357048.42;107.8;-8.062827;-34.890787
Ilha Do Retiro;Rua Tabaiares, 400 - Ilha Do Retiro;Rua Tabaiares;52;37;6195.09;829775.53;134.08;-8.064936;-34.905525
Ilha Do Retiro;Avenida Prefeito Lima Castro, 300 - Ilha Do Retiro;Avenida Prefeito Lima Castro;23;5;9557.0;1281306.87;134.07;-8.065319;-34.902866
Ilha Do Retiro;Rua Doutor Joao Marques, 60 - Ilha Do Retiro;Rua Doutor Joao Marques;18;10;7370.22;544586.57;73.89;-8.063481;-34.907281
Ilha Do Retiro;Rua Abdisio Veiga, 101 - Ilha Do Retiro;Rua Abdisio Veiga;7;0;7186.89;592948.7;82.5;-8.062728;-34.905713
Ilha Do Retiro;Rua Doutor Joao Marques, 100 - Ilha Do Retiro;Rua Doutor Joao Marques;6;0;4472.17;492654.34;110.16;-8.063413;-34.906606
Ilha Do Retiro;Rua Abdisio Veiga, 111 - Ilha Do Retiro;Rua Abdisio Veiga;5;5;3091.89;1262604.3;408.36;-8.062713;-34.905709
Ilha Do Retiro;Rua Abdisio Veiga, 119 - Ilha Do Retiro;Rua Abdisio Veiga;5;5;3830.13;850441.63;222.04;-8.062548;-34.905691
Ilha Do Retiro;Rua Abdisio Veiga, 81 - Ilha Do Retiro;Rua Abdisio Veiga;5;5;6387.36;1909819.45;299.0;-8.062922;-34.905738
Ilha Do Retiro;Rua Doutor Joao Marques, 139 - Ilha Do Retiro;Rua Doutor Joao Marques;4;4;2113.56;443974.61;210.06;-8.063056;-34.906368
Ilha Do Retiro;Rua Dona Maria Vieira, 158 - Ilha Do Retiro;Rua Dona Maria Vieira;3;0;3642.47;392877.08;107.86;-8.06286;-34.909249
Ilha Do Retiro;Rua Dona Maria Vieira, 78 - Ilha Do Retiro;Rua Dona Maria Vieira;3;3;3031.89;555108.07;183.09;-8.062886;-34.908485
Ilha Do Retiro;Rua Dona Maria Vieira, 83 - Ilha Do Retiro;Rua Dona Maria Vieira;3;3;5700.27;883541.07;155.0;-8.063263;-34.908643
Ilha Do Retiro;Rua Comendador Bento Aguiar, 404 - Ilha Do Retiro;Rua Comendador Bento Aguiar;2;2;5106.28;1830601.83;358.5;-8.061766;-34.90689
Ilha Do Retiro;Rua Dona Maria Vieira, 45 - Ilha Do Retiro;Rua Dona Maria Vieira;2;2;2494.1;764443.09;306.5;-8.063312;-34.908209
Ilha Do Retiro;Avenida Beira Rio Deputado Osvaldo Coelho, 186 - Ilha Do Retiro;Avenida Beira Rio Deputado Osvaldo Coelho;1;1;6907.76;1096814.76;158.78;-8.063367;-34.906789
Ilha Do Retiro;Avenida Beira Rio Deputado Osvaldo Coelho, 360 - Ilha Do Retiro;Avenida Beira Rio Deputado Osvaldo Coelho;1;1;6928.64;1503030.6;216.93;-8.063367;-34.906789
Ilha Do Retiro;Avenida Prefeito Lima Castro, 302 - Ilha Do Retiro;Avenida Prefeito Lima Castro;1;0;170741.1;22742714.1;133.2;-8.065319;-34.902866
Ilha Do Retiro;Avenida Prefeito Lima Castro, 333 - Ilha Do Retiro;Avenida Prefeito Lima Castro;1;0;1539.2;1313290.2;853.23;-8.065319;-34.902866
Ilha Do Retiro;Rua Comendador Bento Aguiar, 486 - Ilha Do Retiro;Rua Comendador Bento Aguiar;1;0;3359.47;1242129.48;369.74;-8.062388;-34.907052
Ilha Do Retiro;Rua Curio, 36 - Ilha Do Retiro;Rua Curio;1;0;2710.51;187811.54;69.29;-8.06377;-34.907152
Ilha Do Retiro;Rua Dona Maria Vieira, 55 - Ilha Do Retiro;Rua Dona Maria Vieira;1;0;2768.25;646053.07;233.38;-8.063301;-34.908319
Ilha Do Retiro;Rua Dona Maria Vieira, 93 - Ilha Do Retiro;Rua Dona Maria Vieira;1;1;4587.9;680614.62;148.35;-8.063253;-34.908751
Ilha Do Retiro;Rua Doutor Joao Marques, 129 - Ilha Do Retiro;Rua Doutor Joao Marques;1;0;2610.95;365115.25;139.84;-8.063064;-34.906444
Ilha Do Retiro;Rua Doutor Joao Marques, 149 - Ilha Do Retiro;Rua Doutor Joao Marques;1;0;3868.82;337361.14;87.2;-8.063041;-34.906233
Ilha Do Retiro;Rua Doutor Joao Marques, 200 - Ilha Do Retiro;Rua Doutor Joao Marques;1;0;1668.82;660850.85;396.0;-8.063217;-34.905617
Ilha Do Retiro;Rua Doutor Joao Marques, 211 - Ilha Do Retiro;Rua Doutor Joao Marques;1;0;3262.96;774040.14;237.22;-8.062891;-34.90544
Ilha Do Retiro;Rua Senador Fabio De Barros, 250 - Ilha Do Retiro;Rua Senador Fabio De Barros;1;0;8189.54;4396884.05;536.89;-8.061803;-34.905668
Ilha Do Retiro;Rua Vital Brasil, 14 - Ilha Do Retiro;Rua Vital Brasil;1;0;4668.23;1115473.41;238.95;-8.062543;-34.906183
Ilha Do Retiro;Rua Vital Brasil, 61 - Ilha Do Retiro;Rua Vital Brasil;1;0;3526.83;431507.51;122.35;-8.062878;-34.906668
Imbiribeira;Rua Conde Pereira Carneiro, 625 - Imbiribeira;Rua Conde Pereira Carneiro;194;4;5877.1;333192.78;56.71;-8.107447;-34.908887
Imbiribeira;Rua Le Parc, 100 - Imbiribeira;Rua Le Parc;171;121;10052.39;1480429.02;147.16;-8.109994;-34.903453
Imbiribeira;Rua Jorge De Lima, 121 - Imbiribeira;Rua Jorge De Lima;142;5;6075.92;412407.63;68.02;-8.109517;-34.906841
Imbiribeira;Rua Conde Pereira Carneiro, 305 - Imbiribeira;Rua Conde Pereira Carneiro;106;28;6497.27;499745.14;76.92;-8.107438;-34.90888
Imbiribeira;Rua Presidente Nilo Pecanha, 531 - Imbiribeira;Rua Presidente Nilo Pecanha;105;57;4650.8;252981.3;54.52;-8.118863;-34.910529
Imbiribeira;Rua Alameda Das Hortencias, 101 - Imbiribeira;Rua Alameda Das Hortencias;97;49;6066.25;343548.04;56.62;-8.116197;-34.909317
Imbiribeira;Rua Jorge De Lima, 245 - Imbiribeira;Rua Jorge De Lima;92;46;7348.62;529990.79;72.05;-8.109508;-34.90682
Imbiribeira;Rua Professor Pedro Augusto Carneiro Leao, 585 - Imbiribeira;Rua Professor Pedro Augusto Carneiro Leao;87;40;3960.41;177275.72;44.83;-8.117149;-34.909527
Imbiribeira;Rua Evaristo Carneiro Leao, 273 - Imbiribeira;Rua Evaristo Carneiro Leao;61;17;5462.39;323464.68;59.25;-8.129665;-34.91215
Imbiribeira;Rua Moacir Albuquerque, 500 - Imbiribeira;Rua Moacir Albuquerque;54;17;6908.02;590450.73;85.72;-8.088403;-34.91159
Imbiribeira;Rua Sao Judas Tadeu, 224 - Imbiribeira;Rua Sao Judas Tadeu;47;0;6629.21;347209.84;52.41;-8.115051;-34.907851
Imbiribeira;Rua Presidente Nilo Pecanha, 231 - Imbiribeira;Rua Presidente Nilo Pecanha;35;11;4144.33;170456.39;41.13;-8.117054;-34.91013
Imbiribeira;Rua Jornalista Jose Edson, 36 - Imbiribeira;Rua Jornalista Jose Edson;30;0;12014.87;880457.54;73.3;-8.106175;-34.909222
Imbiribeira;Rua Guarabira, 636 - Imbiribeira;Rua Guarabira;25;6;7245.71;404576.49;55.84;-8.116775;-34.908586
Imbiribeira;Rua Engenheiro Jose Brandao Cavalcante, 884 - Imbiribeira;Rua Engenheiro Jose Brandao Cavalcante;22;6;4126.34;187624.57;45.47;-8.09335;-34.916673
Imbiribeira;Rua Engenheiro Jose Brandao Cavalcante, 906 - Imbiribeira;Rua Engenheiro Jose Brandao Cavalcante;20;16;2907.14;292751.16;100.64;-8.094159;-34.916884
Imbiribeira;Rua Engenheiro Jose Brandao Cavalcante, 670 - Imbiribeira;Rua Engenheiro Jose Brandao Cavalcante;19;6;3798.4;198504.17;52.26;-8.092297;-34.915737
Imbiribeira;Rua Engenheiro Jose Brandao Cavalcante, 630 - Imbiribeira;Rua Engenheiro Jose Brandao Cavalcante;18;8;4097.11;223374.3;54.52;-8.092123;-34.914458
Imbiribeira;Rua Sargento Silvino Macedo, 155 - Imbiribeira;Rua Sargento Silvino Macedo;17;10;4658.17;351336.1;75.61;-8.109516;-34.905846
Imbiribeira;Rua Antonio Eduardo Amorim, 141 - Imbiribeira;Rua Antonio Eduardo Amorim;15;2;7123.23;246751.58;34.64;-8.106175;-34.909222
Imbiribeira;Rua Leonor Soares Pessoa, 57 - Imbiribeira;Rua Leonor Soares Pessoa;15;6;5579.57;559240.05;100.23;-8.096777;-34.91389
Imbiribeira;Rua Agricultor Joao Bezerra De Oliveira, 30 - Imbiribeira;Rua Agricultor Joao Bezerra De Oliveira;14;5;5974.88;456709.34;76.41;-8.095126;-34.911931
Imbiribeira;Avenida Marechal Mascarenhas De Moraes, 4561 - Imbiribeira;Avenida Marechal Mascarenhas De Moraes;11;9;5542.59;1662776.09;300.0;-8.124557;-34.914256
Imbiribeira;Avenida Pinheiros, 339 - Imbiribeira;Avenida Pinheiros;10;7;8636.38;350758.94;42.24;-8.09087;-34.911891
Imbiribeira;Rua Leonor Soares Pessoa, 52 - Imbiribeira;Rua Leonor Soares Pessoa;9;1;6349.02;378358.39;59.59;-8.096783;-34.914283
Imbiribeira;Rua Engenheiro Otavio Arantes, 484 - Imbiribeira;Rua Engenheiro Otavio Arantes;8;6;4165.42;379886.45;91.2;-8.08837;-34.909619
Imbiribeira;Avenida Engenheiro Alves De Souza, 534 - Imbiribeira;Avenida Engenheiro Alves De Souza;7;4;5211.82;327614.78;62.86;-8.097283;-34.914667
Imbiribeira;Rua Engenheiro Jose Brandao Cavalcante, 816 - Imbiribeira;Rua Engenheiro Jose Brandao Cavalcante;7;0;3607.06;182300.64;50.54;-8.092746;-34.916488
Imbiribeira;Rua Jamaica, 100 - Imbiribeira;Rua Jamaica;7;2;3480.52;288400.92;83.68;-8.107256;-34.912574
Imbiribeira;Rua Joaquim Pinheiro, 174 - Imbiribeira;Rua Joaquim Pinheiro;7;2;6718.11;460923.64;69.8;-8.126602;-34.912185
Imbiribeira;Rua Joaquim Pinheiro, 227 - Imbiribeira;Rua Joaquim Pinheiro;7;5;3219.43;213415.66;66.29;-8.126602;-34.912185
Imbiribeira;Rua Poeta Manuel Bandeira, 81 - Imbiribeira;Rua Poeta Manuel Bandeira;7;6;3772.12;169936.0;45.1;-8.097136;-34.913277
Imbiribeira;Rua Professor Pedro Augusto Carneiro Leao, 387 - Imbiribeira;Rua Professor Pedro Augusto Carneiro Leao;7;0;3894.56;230237.66;59.73;-8.118846;-34.90992
Imbiribeira;Avenida Jose Ferreira Lins, 477 - Imbiribeira;Avenida Jose Ferreira Lins;6;3;6585.03;503117.96;76.44;-8.096694;-34.91453
Imbiribeira;Rua Allan Kardec, 123 - Imbiribeira;Rua Allan Kardec;5;4;4892.82;251931.36;51.49;-8.115908;-34.914603
Imbiribeira;Rua Engenheiro Jose Brandao Cavalcante, 401 - Imbiribeira;Rua Engenheiro Jose Brandao Cavalcante;4;0;3703.45;203724.1;55.01;-8.092634;-34.912741
Imbiribeira;Rua General Goes Monteiro, 308 - Imbiribeira;Rua General Goes Monteiro;4;0;2547.62;210427.28;83.16;-8.093958;-34.910174
Imbiribeira;Rua General Goes Monteiro, 370 - Imbiribeira;Rua General Goes Monteiro;4;4;2323.88;191023.35;82.2;-8.09456;-34.910242
Imbiribeira;Rua Henrique Moser, 141 - Imbiribeira;Rua Henrique Moser;4;0;4552.44;374757.2;82.32;-8.088857;-34.909333
Imbiribeira;Rua Jean Emile Favre, 355 - Imbiribeira;Rua Jean Emile Favre;4;2;3273.1;259360.39;79.24;-8.106731;-34.914196
Imbiribeira;Rua Joao Braga, 229 - Imbiribeira;Rua Joao Braga;4;0;3139.51;123876.45;39.43;-8.098626;-34.912928
Imbiribeira;Rua Olivia Menelau, 495 - Imbiribeira;Rua Olivia Menelau;4;2;4305.06;317396.19;74.44;-8.087937;-34.91167
Imbiribeira;Rua Poeta Manuel Bandeira, 112 - Imbiribeira;Rua Poeta Manuel Bandeira;4;3;3466.26;411583.04;118.74;-8.097323;-34.913735
Imbiribeira;Rua Zeferino Pinho, 416 - Imbiribeira;Rua Zeferino Pinho;4;4;3488.38;336843.58;96.26;-8.095004;-34.9111
Imbiribeira;Avenida Engenheiro Alves De Souza, 665 - Imbiribeira;Avenida Engenheiro Alves De Souza;3;0;6530.97;567653.16;86.92;-8.097156;-34.915587
Imbiribeira;Avenida Sul Governador Cid Sampaio, 5061 - Imbiribeira;Avenida Sul Governador Cid Sampaio;3;2;5494.69;304582.86;55.44;-8.115988;-34.909855
Imbiribeira;Rua Alemanha, 75 - Imbiribeira;Rua Alemanha;3;0;2663.92;197795.85;74.25;-8.106043;-34.911982
Imbiribeira;Rua Almeida Junior, 140 - Imbiribeira;Rua Almeida Junior;3;3;3709.28;13211329.14;3561.7;-8.106175;-34.909222
Imbiribeira;Rua Arquiteto Luiz Nunes, 565 - Imbiribeira;Rua Arquiteto Luiz Nunes;3;0;5338.43;344198.62;64.54;-8.094314;-34.911637
Imbiribeira;Rua Cachoeira, 540 - Imbiribeira;Rua Cachoeira;3;3;3000.76;845673.3;281.82;-8.110419;-34.91561
Imbiribeira;Rua Engenheiro Jose Brandao Cavalcante, 368 - Imbiribeira;Rua Engenheiro Jose Brandao Cavalcante;3;0;4258.44;235065.69;55.2;-8.092464;-34.911973
Imbiribeira;Rua General Goes Monteiro, 38 - Imbiribeira;Rua General Goes Monteiro;3;2;2325.96;305910.03;131.52;-8.09164;-34.909648
Imbiribeira;Rua General Goes Monteiro, 400 - Imbiribeira;Rua General Goes Monteiro;3;2;3963.22;218769.82;55.2;-8.094969;-34.910396
Imbiribeira;Rua Jorge De Lima, 410 - Imbiribeira;Rua Jorge De Lima;3;3;2311.67;443539.58;191.87;-8.111235;-34.907763
Imbiribeira;Rua Munhoz De Melo, 111 - Imbiribeira;Rua Munhoz De Melo;3;0;3621.65;138227.26;38.19;-8.111482;-34.908178
Imbiribeira;Rua Professor Pedro Augusto Carneiro Leao, 47 - Imbiribeira;Rua Professor Pedro Augusto Carneiro Leao;3;3;1381.03;709918.4;514.05;-8.115256;-34.908576
Imbiribeira;Avenida Desembargador Jose Neves, 211 - Imbiribeira;Avenida Desembargador Jose Neves;2;2;16460.86;8529852.56;518.19;-8.130669;-34.911116
Imbiribeira;Avenida Engenheiro Alves De Souza, 311 - Imbiribeira;Avenida Engenheiro Alves De Souza;2;2;15524.66;417938.27;27.06;-8.098111;-34.912875
Imbiribeira;Avenida Marechal Mascarenhas De Moraes, 4555 - Imbiribeira;Avenida Marechal Mascarenhas De Moraes;2;2;5288.85;27047191.99;5114.0;-8.124241;-34.913582
Imbiribeira;Avenida Marechal Mascarenhas De Moraes, 459 - Imbiribeira;Avenida Marechal Mascarenhas De Moraes;2;2;37188.39;5579374.02;150.03;-8.088228;-34.907488
Imbiribeira;Avenida Marechal Mascarenhas De Moraes, 4861 - Imbiribeira;Avenida Marechal Mascarenhas De Moraes;2;2;8735.67;86244717.65;9872.7;-8.1279;-34.914364
Imbiribeira;Avenida Marechal Mascarenhas De Moraes, 945 - Imbiribeira;Avenida Marechal Mascarenhas De Moraes;2;0;6198.55;3725834.76;601.12;-8.111921;-34.912316
Imbiribeira;Avenida Monaco, 602 - Imbiribeira;Avenida Monaco;2;2;1407.54;591168.4;420.0;-8.098965;-34.915603
Imbiribeira;Avenida Monaco, 609 - Imbiribeira;Avenida Monaco;2;2;3277.4;773467.56;236.0;-8.098885;-34.915961
Imbiribeira;Rua Agricultor Joao Bezerra De Oliveira, 66 - Imbiribeira;Rua Agricultor Joao Bezerra De Oliveira;2;2;3194.91;804415.16;251.78;-8.095026;-34.912383
Imbiribeira;Rua Doutor Emilio Ribas, 189 - Imbiribeira;Rua Doutor Emilio Ribas;2;0;4803.16;225361.54;46.84;-8.089985;-34.913
Imbiribeira;Rua Doutor Emilio Ribas, 195 - Imbiribeira;Rua Doutor Emilio Ribas;2;2;2623.67;837422.7;319.18;-8.089976;-34.913355
Imbiribeira;Rua Doutor Emilio Ribas, 230 - Imbiribeira;Rua Doutor Emilio Ribas;2;2;3477.36;317413.04;91.28;-8.090611;-34.913412
Imbiribeira;Rua Engenheiro Jose Brandao Cavalcante, 409 - Imbiribeira;Rua Engenheiro Jose Brandao Cavalcante;2;2;4793.94;861040.6;179.61;-8.092611;-34.91285
Imbiribeira;Rua Engenheiro Jose Brandao Cavalcante, 938 - Imbiribeira;Rua Engenheiro Jose Brandao Cavalcante;2;2;2111.1;294919.45;139.7;-8.094539;-34.916866
Imbiribeira;Rua Engenheiro Otavio Arantes, 375 - Imbiribeira;Rua Engenheiro Otavio Arantes;2;2;2473.76;247029.04;99.86;-8.087424;-34.909045
Imbiribeira;Rua General Goes Monteiro, 100 - Imbiribeira;Rua General Goes Monteiro;2;0;5256.74;323710.48;61.58;-8.092136;-34.909763
Imbiribeira;Rua Itacari, 132 - Imbiribeira;Rua Itacari;2;2;3839.79;973387.8;253.5;-8.108394;-34.91306
Imbiribeira;Rua Itauba, 35 - Imbiribeira;Rua Itauba;2;2;2587.02;876482.76;338.8;-8.108459;-34.909384
Imbiribeira;Rua Jamaica, 135 - Imbiribeira;Rua Jamaica;2;2;4300.61;1544349.48;359.1;-8.107595;-34.912896
Imbiribeira;Rua Jamaica, 167 - Imbiribeira;Rua Jamaica;2;2;4589.36;1482595.32;323.05;-8.107577;-34.913016
Imbiribeira;Rua Jamaica, 215 - Imbiribeira;Rua Jamaica;2;2;4303.66;497416.92;115.58;-8.107458;-34.913649
Imbiribeira;Rua Jamaica, 275 - Imbiribeira;Rua Jamaica;2;2;2062.55;820749.33;397.93;-8.107317;-34.914426
Imbiribeira;Rua Joao Braga, 219 - Imbiribeira;Rua Joao Braga;2;0;4308.92;171253.7;39.74;-8.098518;-34.912903
Imbiribeira;Rua Jose Da Silva Lucena, 400 - Imbiribeira;Rua Jose Da Silva Lucena;2;2;2879.58;2081532.65;722.86;-8.113762;-34.909531
Imbiribeira;Rua Manuel De Macedo, 65 - Imbiribeira;Rua Manuel De Macedo;2;2;1662.56;202565.98;121.84;-8.119305;-34.919051
Imbiribeira;Rua Missionario Joel Carlson, 180 - Imbiribeira;Rua Missionario Joel Carlson;2;2;3755.7;242392.88;64.54;-8.095932;-34.911306
Imbiribeira;Rua Moacir Albuquerque, 390 - Imbiribeira;Rua Moacir Albuquerque;2;0;3570.4;109170.04;30.18;-8.087769;-34.910953
Imbiribeira;Rua Moacir Albuquerque, 397 - Imbiribeira;Rua Moacir Albuquerque;2;0;3748.2;211087.54;56.37;-8.088271;-34.910835
Imbiribeira;Rua Munhoz De Melo, 124 - Imbiribeira;Rua Munhoz De Melo;2;2;3835.58;690405.44;180.0;-8.1113;-34.908671
Imbiribeira;Rua Olivia Menelau, 388 - Imbiribeira;Rua Olivia Menelau;2;2;2873.5;1126813.78;392.14;-8.08859;-34.910597
Imbiribeira;Rua Olivia Menelau, 406 - Imbiribeira;Rua Olivia Menelau;2;0;4405.85;322508.09;73.2;-8.088381;-34.910735
Imbiribeira;Rua Pianista Isnar Mariano, 185 - Imbiribeira;Rua Pianista Isnar Mariano;2;0;3509.04;280722.94;80.0;-8.095589;-34.917958
Imbiribeira;Rua Poeta Manuel Bandeira, 80 - Imbiribeira;Rua Poeta Manuel Bandeira;2;0;4054.32;237137.1;58.49;-8.096947;-34.913651
Imbiribeira;Rua Professora Rosilda Costa, 51 - Imbiribeira;Rua Professora Rosilda Costa;2;2;2317.59;184271.62;79.51;-8.085527;-34.905233
Imbiribeira;Rua Roca Sales, 139 - Imbiribeira;Rua Roca Sales;2;0;3225.64;285275.81;88.44;-8.108879;-34.905297
Imbiribeira;Rua Roca Sales, 19 - Imbiribeira;Rua Roca Sales;2;2;2620.09;1020630.9;389.54;-8.108692;-34.904803
Imbiribeira;Rua Sao Judas Tadeu, 282 - Imbiribeira;Rua Sao Judas Tadeu;2;2;2097.13;701615.14;334.56;-8.11502;-34.907503
Imbiribeira;Rua Verbena, 40 - Imbiribeira;Rua Verbena;2;2;2945.45;589089.78;200.0;-8.116065;-34.911691
Imbiribeira;Rua Zeferino Pinho, 126 - Imbiribeira;Rua Zeferino Pinho;2;0;2715.91;325936.64;120.01;-8.090792;-34.910158
Imbiribeira;Avenida Engenheiro Alves De Souza, 1129 - Imbiribeira;Avenida Engenheiro Alves De Souza;1;0;3111.0;233823.04;75.16;-8.096815;-34.918775
Imbiribeira;Avenida Engenheiro Alves De Souza, 153 - Imbiribeira;Avenida Engenheiro Alves De Souza;1;0;4619.63;1356785.33;293.7;-8.097156;-34.915587
Imbiribeira;Avenida Engenheiro Alves De Souza, 185 - Imbiribeira;Avenida Engenheiro Alves De Souza;1;0;3690.22;239790.42;64.98;-8.097156;-34.915587
Imbiribeira;Avenida Engenheiro Alves De Souza, 233 - Imbiribeira;Avenida Engenheiro Alves De Souza;1;0;5593.69;2295315.23;410.34;-8.097156;-34.915587
Imbiribeira;Avenida Engenheiro Alves De Souza, 602 - Imbiribeira;Avenida Engenheiro Alves De Souza;1;0;2540.82;426070.05;167.69;-8.097078;-34.915501
Imbiribeira;Avenida Engenheiro Alves De Souza, 661 - Imbiribeira;Avenida Engenheiro Alves De Souza;1;0;2141.19;533499.33;249.16;-8.097424;-34.916036
Imbiribeira;Avenida Marechal Mascarenhas De Moraes, 4773 - Imbiribeira;Avenida Marechal Mascarenhas De Moraes;1;0;2552.24;1340256.16;525.13;-8.126103;-34.914917
Imbiribeira;Avenida Marechal Mascarenhas De Moraes, 4805 - Imbiribeira;Avenida Marechal Mascarenhas De Moraes;1;0;5594.61;1919566.84;343.11;-8.126643;-34.914977
Imbiribeira;Avenida Marechal Mascarenhas De Moraes, 533 - Imbiribeira;Avenida Marechal Mascarenhas De Moraes;1;0;9926.64;15594748.33;1571.0;-8.087538;-34.90733
Imbiribeira;Avenida Marechal Mascarenhas De Moraes, 666 - Imbiribeira;Avenida Marechal Mascarenhas De Moraes;1;0;1801.45;647853.81;359.63;-8.088649;-34.908285
Imbiribeira;Avenida Marechal Mascarenhas De Moraes, 678 - Imbiribeira;Avenida Marechal Mascarenhas De Moraes;1;0;3677.28;1318305.97;358.5;-8.088753;-34.90831
Imbiribeira;Avenida Marechal Mascarenhas De Moraes, 714 - Imbiribeira;Avenida Marechal Mascarenhas De Moraes;1;0;3061.79;880875.62;287.7;-8.089065;-34.90838
Imbiribeira;Avenida Marechal Mascarenhas De Moraes, 726 - Imbiribeira;Avenida Marechal Mascarenhas De Moraes;1;0;5736.16;2317006.13;403.93;-8.089179;-34.908404
Imbiribeira;Avenida Monaco, 1138 - Imbiribeira;Avenida Monaco;1;0;3846.69;1230477.91;319.88;-8.098724;-34.916678
Imbiribeira;Avenida Pinheiros, 415 - Imbiribeira;Avenida Pinheiros;1;0;5582.93;200985.5;36.0;-8.090784;-34.912264
Imbiribeira;Rua Alemanha, 217 - Imbiribeira;Rua Alemanha;1;0;3217.44;2705868.95;841.0;-8.105519;-34.911865
Imbiribeira;Rua Alemanha, 44 - Imbiribeira;Rua Alemanha;1;0;4535.48;458356.09;101.06;-8.105756;-34.912369
Imbiribeira;Rua Cachoeira, 100 - Imbiribeira;Rua Cachoeira;1;0;6742.3;368129.37;54.6;-8.107407;-34.91504
Imbiribeira;Rua Cachoeira, 110 - Imbiribeira;Rua Cachoeira;1;0;3582.37;753944.95;210.46;-8.107811;-34.915124
Imbiribeira;Rua Cachoeira, 186 - Imbiribeira;Rua Cachoeira;1;0;1445.98;403499.55;279.05;-8.108696;-34.915315
Imbiribeira;Rua Cachoeira, 207 - Imbiribeira;Rua Cachoeira;1;0;2383.64;846813.63;355.26;-8.109646;-34.915473
Imbiribeira;Rua Cachoeira, 330 - Imbiribeira;Rua Cachoeira;1;0;3264.24;889275.66;272.43;-8.108805;-34.915341
Imbiribeira;Rua Cachoeira, 342 - Imbiribeira;Rua Cachoeira;1;0;5984.84;1611239.36;269.22;-8.108913;-34.91536
Imbiribeira;Rua Cachoeira, 448 - Imbiribeira;Rua Cachoeira;1;0;2656.39;777924.26;292.85;-8.109867;-34.915509
Imbiribeira;Rua Cachoeira, 479 - Imbiribeira;Rua Cachoeira;1;0;2452.96;213333.69;86.97;-8.110178;-34.915147
Imbiribeira;Rua Cachoeira, 663 - Imbiribeira;Rua Cachoeira;1;0;6387.38;1073910.08;168.13;-8.111671;-34.91544
Imbiribeira;Rua Cachoeira, 69 - Imbiribeira;Rua Cachoeira;1;0;6911.52;523754.61;75.78;-8.109027;-34.91538
Imbiribeira;Rua Carlos Rios, 139 - Imbiribeira;Rua Carlos Rios;1;0;1953.85;199292.57;102.0;-8.085602;-34.908588
Imbiribeira;Rua Conego Lira, 305 - Imbiribeira;Rua Conego Lira;1;0;4007.93;826876.76;206.31;-8.094172;-34.911969
Imbiribeira;Rua Conego Lira, 318 - Imbiribeira;Rua Conego Lira;1;0;6609.67;412906.2;62.47;-8.093642;-34.912484
Imbiribeira;Rua Conego Lira, 402 - Imbiribeira;Rua Conego Lira;1;1;5844.67;444194.67;76.0;-8.09358;-34.912757
Imbiribeira;Rua Conego Lira, 434 - Imbiribeira;Rua Conego Lira;1;1;6646.41;680658.58;102.41;-8.093518;-34.913038
Imbiribeira;Rua Conego Lira, 60 - Imbiribeira;Rua Conego Lira;1;0;2761.87;270000.0;97.76;-8.094227;-34.909845
Imbiribeira;Rua Deputado Vieira Souto, 147 - Imbiribeira;Rua Deputado Vieira Souto;1;0;3687.61;741063.05;200.96;-8.106175;-34.909222
Imbiribeira;Rua Doutor Emilio Ribas, 325 - Imbiribeira;Rua Doutor Emilio Ribas;1;0;2916.16;659664.74;226.21;-8.09156;-34.91323
Imbiribeira;Rua Eladio Ramos, 36 - Imbiribeira;Rua Eladio Ramos;1;0;1681.06;283007.22;168.35;-8.126898;-34.911367
Imbiribeira;Rua Eladio Ramos, 368 - Imbiribeira;Rua Eladio Ramos;1;1;3161.82;151925.49;48.05;-8.129839;-34.911983
Imbiribeira;Rua Elpidio Monteiro, 102 - Imbiribeira;Rua Elpidio Monteiro;1;0;3169.27;476658.02;150.4;-8.090077;-34.914661
Imbiribeira;Rua Elpidio Monteiro, 140 - Imbiribeira;Rua Elpidio Monteiro;1;0;2559.17;344720.57;134.7;-8.090114;-34.914969
Imbiribeira;Rua Elpidio Monteiro, 146 - Imbiribeira;Rua Elpidio Monteiro;1;0;2887.94;469578.44;162.6;-8.09012;-34.915021
Imbiribeira;Rua Elpidio Monteiro, 176 - Imbiribeira;Rua Elpidio Monteiro;1;1;4041.7;544416.92;134.7;-8.090149;-34.915284
Imbiribeira;Rua Engenheiro Jose Brandao Cavalcante, 341 - Imbiribeira;Rua Engenheiro Jose Brandao Cavalcante;1;0;3393.55;281936.38;83.08;-8.092775;-34.91211
Imbiribeira;Rua Engenheiro Jose Brandao Cavalcante, 349 - Imbiribeira;Rua Engenheiro Jose Brandao Cavalcante;1;0;3396.82;757558.19;223.02;-8.092753;-34.91221
Imbiribeira;Rua Engenheiro Jose Brandao Cavalcante, 385 - Imbiribeira;Rua Engenheiro Jose Brandao Cavalcante;1;0;5424.49;403582.26;74.4;-8.092705;-34.912423
Imbiribeira;Rua Engenheiro Jose Brandao Cavalcante, 419 - Imbiribeira;Rua Engenheiro Jose Brandao Cavalcante;1;0;2780.81;541033.85;194.56;-8.092226;-34.91279
Imbiribeira;Rua Engenheiro Jose Brandao Cavalcante, 432 - Imbiribeira;Rua Engenheiro Jose Brandao Cavalcante;1;0;3132.82;586682.63;187.27;-8.092176;-34.913018
Imbiribeira;Rua Engenheiro Otavio Arantes, 380 - Imbiribeira;Rua Engenheiro Otavio Arantes;1;0;3360.73;494901.2;147.26;-8.087992;-34.909489
Imbiribeira;Rua Engenheiro Otavio Arantes, 467 - Imbiribeira;Rua Engenheiro Otavio Arantes;1;0;2272.46;545389.93;240.0;-8.088289;-34.909182
Imbiribeira;Rua Engenheiro Otavio Arantes, 511 - Imbiribeira;Rua Engenheiro Otavio Arantes;1;0;3046.8;731231.68;240.0;-8.08866;-34.909263
Imbiribeira;Rua Engenheiro Otavio Arantes, 516 - Imbiribeira;Rua Engenheiro Otavio Arantes;1;0;5093.83;2278570.13;447.32;-8.088845;-34.909716
Imbiribeira;Rua Engenheiro Otavio Arantes, 91 - Imbiribeira;Rua Engenheiro Otavio Arantes;1;1;2927.27;501529.11;171.33;-8.084937;-34.908431
Imbiribeira;Rua General Goes Monteiro, 376 - Imbiribeira;Rua General Goes Monteiro;1;0;3096.45;170923.78;55.2;-8.094736;-34.910346
Imbiribeira;Rua General Goes Monteiro, 388 - Imbiribeira;Rua General Goes Monteiro;1;0;3266.55;180313.77;55.2;-8.094857;-34.910373
Imbiribeira;Rua General Goes Monteiro, 429 - Imbiribeira;Rua General Goes Monteiro;1;0;1701.53;2388731.22;1403.87;-8.09525;-34.910015
Imbiribeira;Rua General Goes Monteiro, 448 - Imbiribeira;Rua General Goes Monteiro;1;1;6808.4;2480912.08;364.39;-8.09531;-34.910475
Imbiribeira;Rua Henrique Moser, 133 - Imbiribeira;Rua Henrique Moser;1;0;3969.62;216463.13;54.53;-8.089449;-34.909382
Imbiribeira;Rua Itamaraca, 139 - Imbiribeira;Rua Itamaraca;1;1;4529.39;698703.21;154.26;-8.107616;-34.913844
Imbiribeira;Rua Itamaraca, 210 - Imbiribeira;Rua Itamaraca;1;0;1788.7;444938.03;248.75;-8.10775;-34.914329
Imbiribeira;Rua Itamaraca, 219 - Imbiribeira;Rua Itamaraca;1;0;1900.01;384637.61;202.44;-8.107938;-34.913909
Imbiribeira;Rua Itamaraca, 220 - Imbiribeira;Rua Itamaraca;1;0;4583.1;679627.25;148.29;-8.107856;-34.91435
Imbiribeira;Rua Itamaraca, 228 - Imbiribeira;Rua Itamaraca;1;0;3787.06;807779.96;213.3;-8.107964;-34.914366
Imbiribeira;Rua Izabel De Souza, 150 - Imbiribeira;Rua Izabel De Souza;1;0;4822.65;373080.54;77.36;-8.106577;-34.912537
Imbiribeira;Rua Jacy, 29 - Imbiribeira;Rua Jacy;1;0;5231.4;549297.38;105.0;-8.106175;-34.909222
Imbiribeira;Rua Jaime Ramiro Costa, 176 - Imbiribeira;Rua Jaime Ramiro Costa;1;0;4499.24;209934.53;46.66;-8.127498;-34.911773
Imbiribeira;Rua Jaime Ramiro Costa, 41 - Imbiribeira;Rua Jaime Ramiro Costa;1;0;1239.18;322496.9;260.25;-8.127708;-34.912406
Imbiribeira;Rua Jaime Ramiro Costa, 64 - Imbiribeira;Rua Jaime Ramiro Costa;1;0;2082.05;671836.09;322.68;-8.127679;-34.912538
Imbiribeira;Rua Jamaica, 306 - Imbiribeira;Rua Jamaica;1;0;3098.41;319818.36;103.22;-8.106951;-34.914346
Imbiribeira;Rua Jamaica, 324 - Imbiribeira;Rua Jamaica;1;0;3434.11;297909.19;86.75;-8.106934;-34.914531
Imbiribeira;Rua Joao Braga, 109 - Imbiribeira;Rua Joao Braga;1;0;2842.38;569442.31;200.34;-8.097537;-34.91269
Imbiribeira;Rua Joao Braga, 56 - Imbiribeira;Rua Joao Braga;1;0;4700.78;1057674.39;225.0;-8.097037;-34.912972
Imbiribeira;Rua Joao Braga, 84 - Imbiribeira;Rua Joao Braga;1;0;2608.91;1371059.39;525.53;-8.097197;-34.913008
Imbiribeira;Rua Joao Conde, 52 - Imbiribeira;Rua Joao Conde;1;0;5151.85;718167.85;139.4;-8.094271;-34.91805
Imbiribeira;Rua Joao Conde, 67 - Imbiribeira;Rua Joao Conde;1;0;3601.35;200631.34;55.71;-8.094311;-34.917942
Imbiribeira;Rua Joao Fontes, 91 - Imbiribeira;Rua Joao Fontes;1;0;2210.0;225420.02;102.0;-8.12519;-34.914048
Imbiribeira;Rua Joao Fontes, 97 - Imbiribeira;Rua Joao Fontes;1;0;2425.49;247400.1;102.0;-8.125197;-34.913988
Imbiribeira;Rua Joaquim Bandeira, 659 - Imbiribeira;Rua Joaquim Bandeira;1;0;4173.37;141435.48;33.89;-8.11224;-34.903429
Imbiribeira;Rua Joaquim Bandeira, 670 - Imbiribeira;Rua Joaquim Bandeira;1;0;2852.35;594344.98;208.37;-8.112584;-34.903485
Imbiribeira;Rua Joaquim Bandeira, 70 - Imbiribeira;Rua Joaquim Bandeira;1;0;108212.77;5029729.75;46.48;-8.113015;-34.902782
Imbiribeira;Rua Jorge De Lima, 126 - Imbiribeira;Rua Jorge De Lima;1;0;2820.61;676946.5;240.0;-8.109005;-34.907761
Imbiribeira;Rua Jorge De Lima, 20 - Imbiribeira;Rua Jorge De Lima;1;0;2525.79;641601.61;254.02;-8.108216;-34.907752
Imbiribeira;Rua Jorge De Lima, 314 - Imbiribeira;Rua Jorge De Lima;1;0;5194.83;1932579.62;372.02;-8.110738;-34.907759
Imbiribeira;Rua Jornalista Cleofhas De Oliveira, 106 - Imbiribeira;Rua Jornalista Cleofhas De Oliveira;1;1;4352.9;230790.85;53.02;-8.115931;-34.914311
Imbiribeira;Rua Leonor Soares Pessoa, 75 - Imbiribeira;Rua Leonor Soares Pessoa;1;0;2612.17;201137.28;77.0;-8.096932;-34.913925
Imbiribeira;Rua Leonor Soares Pessoa, 96 - Imbiribeira;Rua Leonor Soares Pessoa;1;0;2897.9;700827.91;241.84;-8.09717;-34.914368
Imbiribeira;Rua Manuel De Macedo, 28 - Imbiribeira;Rua Manuel De Macedo;1;0;4105.15;363223.66;88.48;-8.119377;-34.91865
Imbiribeira;Rua Manuel De Macedo, 89 - Imbiribeira;Rua Manuel De Macedo;1;0;3579.65;477203.18;133.31;-8.119161;-34.919178
Imbiribeira;Rua Maria Vicentina Da Silva, 64 - Imbiribeira;Rua Maria Vicentina Da Silva;1;1;2874.2;194669.39;67.73;-8.126441;-34.914628
Imbiribeira;Rua Missionario Joel Carlson, 187 - Imbiribeira;Rua Missionario Joel Carlson;1;0;3991.79;903183.14;226.26;-8.096319;-34.911466
Imbiribeira;Rua Missionario Joel Carlson, 304 - Imbiribeira;Rua Missionario Joel Carlson;1;0;3819.19;1262701.6;330.62;-8.095699;-34.912423
Imbiribeira;Rua Missionario Joel Carlson, 322 - Imbiribeira;Rua Missionario Joel Carlson;1;0;4981.35;2429652.38;487.75;-8.095649;-34.912579
Imbiribeira;Rua Missionario Joel Carlson, 353 - Imbiribeira;Rua Missionario Joel Carlson;1;0;3486.21;805313.9;231.0;-8.09599;-34.912932
Imbiribeira;Rua Missionario Joel Carlson, 406 - Imbiribeira;Rua Missionario Joel Carlson;1;0;5035.87;322496.9;64.04;-8.095569;-34.913255
Imbiribeira;Rua Moacir Albuquerque, 133 - Imbiribeira;Rua Moacir Albuquerque;1;0;2886.98;389539.7;134.93;-8.086034;-34.910179
Imbiribeira;Rua Moacir Albuquerque, 301 - Imbiribeira;Rua Moacir Albuquerque;1;0;2482.33;5344774.72;2153.13;-8.08833;-34.911506
Imbiribeira;Rua Moacir Albuquerque, 327 - Imbiribeira;Rua Moacir Albuquerque;1;0;2023.14;568298.75;280.9;-8.087711;-34.910498
Imbiribeira;Rua Muricilandia, 87 - Imbiribeira;Rua Muricilandia;1;0;757.14;300522.95;396.92;-8.095744;-34.90894
Imbiribeira;Rua Muritiba, 120 - Imbiribeira;Rua Muritiba;1;0;2427.34;716574.46;295.21;-8.11229;-34.913805
Imbiribeira;Rua Muritiba, 257 - Imbiribeira;Rua Muritiba;1;0;8315.47;7189891.51;864.64;-8.112785;-34.915004
Imbiribeira;Rua Muritiba, 305 - Imbiribeira;Rua Muritiba;1;0;4614.62;6694654.74;1450.75;-8.11278;-34.915514
Imbiribeira;Rua Napolis, 147 - Imbiribeira;Rua Napolis;1;0;1571.54;1308932.21;832.9;-8.103664;-34.912193
Imbiribeira;Rua Olivia Menelau, 369 - Imbiribeira;Rua Olivia Menelau;1;1;1490.89;217669.51;146.0;-8.088965;-34.91077
Imbiribeira;Rua Olivia Menelau, 389 - Imbiribeira;Rua Olivia Menelau;1;0;2598.66;409288.91;157.5;-8.088769;-34.910924
Imbiribeira;Rua Olivia Menelau, 397 - Imbiribeira;Rua Olivia Menelau;1;0;2707.23;350586.08;129.5;-8.088576;-34.911079
Imbiribeira;Rua Pianista Isnar Mariano, 106 - Imbiribeira;Rua Pianista Isnar Mariano;1;0;2571.81;859293.15;334.12;-8.095882;-34.916686
Imbiribeira;Rua Pianista Isnar Mariano, 119 - Imbiribeira;Rua Pianista Isnar Mariano;1;0;4645.62;2443830.96;526.05;-8.095748;-34.917246
Imbiribeira;Rua Pianista Isnar Mariano, 220 - Imbiribeira;Rua Pianista Isnar Mariano;1;0;6498.83;346647.45;53.34;-8.095189;-34.918011
Imbiribeira;Rua Poeta Manuel Bandeira, 165 - Imbiribeira;Rua Poeta Manuel Bandeira;1;0;921.22;800082.52;868.5;-8.096646;-34.913162
Imbiribeira;Rua Poeta Manuel Bandeira, 232 - Imbiribeira;Rua Poeta Manuel Bandeira;1;0;4418.84;525487.94;118.92;-8.09826;-34.913941
Imbiribeira;Rua Poeta Manuel Bandeira, 44 - Imbiribeira;Rua Poeta Manuel Bandeira;1;1;4044.55;236565.58;58.49;-8.096947;-34.913651
Imbiribeira;Rua Presidente Nilo Pecanha, 100 - Imbiribeira;Rua Presidente Nilo Pecanha;1;0;1634.58;1689191.01;1033.41;-8.115247;-34.909651
Imbiribeira;Rua Professora Rosilda Costa, 377 - Imbiribeira;Rua Professora Rosilda Costa;1;0;1145.02;242343.69;211.65;-8.088407;-34.906017
Imbiribeira;Rua Raul Leoni, 38 - Imbiribeira;Rua Raul Leoni;1;0;4535.59;417273.97;92.0;-8.117848;-34.917748
Imbiribeira;Rua Rio Oceanico, 239 - Imbiribeira;Rua Rio Oceanico;1;0;3422.87;724621.59;211.7;-8.110243;-34.915831
Imbiribeira;Rua Roca Sales, 35 - Imbiribeira;Rua Roca Sales;1;0;10830.79;534391.38;49.34;-8.109715;-34.905656
Imbiribeira;Rua Sargento Silvino Macedo, 102 - Imbiribeira;Rua Sargento Silvino Macedo;1;0;4192.92;1185421.08;282.72;-8.109149;-34.905717
Imbiribeira;Rua Serrania, 16 - Imbiribeira;Rua Serrania;1;0;2843.93;398149.91;140.0;-8.089043;-34.910865
Imbiribeira;Rua Serrania, 28 - Imbiribeira;Rua Serrania;1;0;1862.22;260711.27;140.0;-8.089043;-34.910865
Imbiribeira;Rua Serrania, 39 - Imbiribeira;Rua Serrania;1;0;3688.46;339486.11;92.04;-8.089142;-34.910986
Imbiribeira;Rua Serrania, 57 - Imbiribeira;Rua Serrania;1;0;3677.98;268787.1;73.08;-8.088945;-34.911142
Imbiribeira;Rua Serrania, 58 - Imbiribeira;Rua Serrania;1;0;2996.3;201950.87;67.4;-8.088848;-34.911021
Imbiribeira;Rua Tenente Manoel Barbosa, 35 - Imbiribeira;Rua Tenente Manoel Barbosa;1;0;0.0;1.17;3211.66;-8.106175;-34.909222
Imbiribeira;Rua Tenor Vicente Celestino, 49 - Imbiribeira;Rua Tenor Vicente Celestino;1;0;3276.88;749291.63;228.66;-8.092466;-34.917525
Imbiribeira;Rua Tenor Vicente Celestino, 62 - Imbiribeira;Rua Tenor Vicente Celestino;1;0;4765.06;566803.91;118.95;-8.09289;-34.917407
Imbiribeira;Rua Zeferino Pinho, 1030 - Imbiribeira;Rua Zeferino Pinho;1;0;3551.06;718592.81;202.36;-8.093575;-34.910568
Imbiribeira;Rua Zeferino Pinho, 117 - Imbiribeira;Rua Zeferino Pinho;1;0;3572.65;187778.66;52.56;-8.093575;-34.910568
Indefinido;Rua Projetada,  - Indefinido;Rua Projetada;1;0;4144.57;6216860.68;1500.0;-8.058949;-34.972618
Ipsep;Avenida Saldanha Marinho, 116 - Ipsep;Avenida Saldanha Marinho;17;1;3715.62;156493.85;41.94;-8.113092;-34.918947
Ipsep;Avenida Raimundo Diniz, 56 - Ipsep;Avenida Raimundo Diniz;16;6;3324.0;141720.26;45.93;-8.112091;-34.919832
Ipsep;Avenida Recife, 1810 - Ipsep;Avenida Recife;9;0;11359.43;398042.88;62.95;-8.11509;-34.924525
Ipsep;Rua Marechal Craveiro Lopes, 112 - Ipsep;Rua Marechal Craveiro Lopes;7;6;4367.66;238299.65;54.56;-8.117414;-34.91979
Ipsep;Rua Marechal Craveiro Lopes, 84 - Ipsep;Rua Marechal Craveiro Lopes;4;0;3886.81;212064.27;54.56;-8.117414;-34.91979
Ipsep;Avenida Recife, 3349 - Ipsep;Avenida Recife;3;0;3011.82;207213.15;68.8;-8.116435;-34.92329
Ipsep;Avenida Recife, 3363 - Ipsep;Avenida Recife;3;0;3326.99;228896.81;68.8;-8.116531;-34.923204
Ipsep;Rua Blumenau, 208 - Ipsep;Rua Blumenau;3;3;2866.43;552848.94;192.87;-8.108301;-34.919448
Ipsep;Rua Cruz E Souza, 207 - Ipsep;Rua Cruz E Souza;3;2;3679.78;203041.97;55.05;-8.115519;-34.921409
Ipsep;Rua Cruz E Souza, 231 - Ipsep;Rua Cruz E Souza;3;2;4180.61;229457.47;55.05;-8.115617;-34.921319
Ipsep;Rua Jose Fernandes Portugal, 234 - Ipsep;Rua Jose Fernandes Portugal;3;3;4084.64;222857.71;54.56;-8.117002;-34.919311
Ipsep;Rua Rio Maranhao, 300 - Ipsep;Rua Rio Maranhao;3;3;3107.23;524344.8;168.75;-8.111375;-34.918694
Ipsep;Rua Teresopolis, 125 - Ipsep;Rua Teresopolis;3;3;3823.51;408083.61;106.73;-8.102138;-34.923624
Ipsep;Rua Theodomiro Selva, 63 - Ipsep;Rua Theodomiro Selva;3;3;3820.38;424940.76;111.23;-8.111842;-34.924752
Ipsep;Rua Vitoria Da Conquista, 175 - Ipsep;Rua Vitoria Da Conquista;3;3;2497.65;269096.65;107.74;-8.101728;-34.924156
Ipsep;Avenida Recife, 1386 - Ipsep;Avenida Recife;2;2;3886.66;212056.12;54.56;-8.118195;-34.921648
Ipsep;Avenida Recife, 1470 - Ipsep;Avenida Recife;2;0;5057.02;275911.18;54.56;-8.118195;-34.921648
Ipsep;Avenida Recife, 3377 - Ipsep;Avenida Recife;2;2;4915.37;338177.26;68.8;-8.116643;-34.923105
Ipsep;Rua Aderbal De Melo, 393 - Ipsep;Rua Aderbal De Melo;2;2;3326.74;440160.25;132.31;-8.108722;-34.923272
Ipsep;Rua Aldemar De Oliveira, 178 - Ipsep;Rua Aldemar De Oliveira;2;2;2456.78;341491.58;139.0;-8.10485;-34.925791
Ipsep;Rua Aldemar De Oliveira, 216 - Ipsep;Rua Aldemar De Oliveira;2;2;4613.01;440542.2;95.5;-8.10485;-34.925791
Ipsep;Rua Aldemar De Oliveira, 86 - Ipsep;Rua Aldemar De Oliveira;2;2;767.88;140691.94;183.22;-8.104615;-34.925679
Ipsep;Rua Cruz E Souza, 193 - Ipsep;Rua Cruz E Souza;2;0;3734.4;210246.84;56.3;-8.11541;-34.921501
Ipsep;Rua Cruz E Souza, 194 - Ipsep;Rua Cruz E Souza;2;0;5314.56;289580.62;54.43;-8.11567;-34.92178
Ipsep;Rua Cruz E Souza, 245 - Ipsep;Rua Cruz E Souza;2;2;3506.89;197437.89;56.3;-8.115713;-34.921234
Ipsep;Rua Cruz E Souza, 29 - Ipsep;Rua Cruz E Souza;2;0;3969.94;223507.32;56.3;-8.114113;-34.922672
Ipsep;Rua Cruz E Souza, 41 - Ipsep;Rua Cruz E Souza;2;0;4163.23;234389.77;56.3;-8.114224;-34.922574
Ipsep;Rua Cruz E Souza, 53 - Ipsep;Rua Cruz E Souza;2;0;3987.87;216906.41;54.43;-8.114346;-34.92247
Ipsep;Rua Cruz E Souza, 54 - Ipsep;Rua Cruz E Souza;2;2;4337.12;244179.48;56.3;-8.114596;-34.92271
Ipsep;Rua Itaquice, 49 - Ipsep;Rua Itaquice;2;2;1776.94;223273.47;125.65;-8.107114;-34.916911
Ipsep;Rua Jacunda, 121 - Ipsep;Rua Jacunda;2;1;2686.94;188093.96;70.0;-8.108131;-34.918639
Ipsep;Rua Jacunda, 419 - Ipsep;Rua Jacunda;2;2;2783.38;461511.92;165.81;-8.109875;-34.920642
Ipsep;Rua Jacunda, 483 - Ipsep;Rua Jacunda;2;2;2801.12;278879.57;99.56;-8.110262;-34.921096
Ipsep;Rua Jean Emile Favre, 1310 - Ipsep;Rua Jean Emile Favre;2;2;7305.98;2045160.56;279.93;-8.112104;-34.921086
Ipsep;Rua Jean Emile Favre, 1574 - Ipsep;Rua Jean Emile Favre;2;2;3621.02;518602.43;143.22;-8.113837;-34.923048
Ipsep;Rua Jean Emile Favre, 1676 - Ipsep;Rua Jean Emile Favre;2;2;3761.02;1020591.73;271.36;-8.114432;-34.923734
Ipsep;Rua Jean Emile Favre, 782 - Ipsep;Rua Jean Emile Favre;2;2;4170.61;322805.56;77.4;-8.110108;-34.918799
Ipsep;Rua Jose Fernandes Portugal, 290 - Ipsep;Rua Jose Fernandes Portugal;2;0;4213.39;229882.55;54.56;-8.117002;-34.919311
Ipsep;Rua Pintor Antonio Albuquerque, 325 - Ipsep;Rua Pintor Antonio Albuquerque;2;2;1810.68;596654.29;329.52;-8.10737;-34.924179
Ipsep;Rua Rio Colorado, 47 - Ipsep;Rua Rio Colorado;2;2;3398.05;625547.18;184.09;-8.112216;-34.917062
Ipsep;Rua Rio Maju, 82 - Ipsep;Rua Rio Maju;2;2;4141.62;621243.3;150.0;-8.113027;-34.917279
Ipsep;Rua Teresopolis, 2 - Ipsep;Rua Teresopolis;2;2;1936.92;267041.92;137.87;-8.102138;-34.923624
Ipsep;Avenida Presidente Kennedy, 282 - Ipsep;Avenida Presidente Kennedy;1;0;3862.3;260705.55;67.5;-8.103127;-34.924904
Ipsep;Avenida Presidente Kennedy, 4 - Ipsep;Avenida Presidente Kennedy;1;0;1655.24;220312.44;133.1;-8.103082;-34.924567
Ipsep;Avenida Recife, 1344 - Ipsep;Avenida Recife;1;0;3867.5;211010.62;54.56;-8.118195;-34.921648
Ipsep;Avenida Recife, 1428 - Ipsep;Avenida Recife;1;0;3282.95;179117.54;54.56;-8.118195;-34.921648
Ipsep;Avenida Recife, 2634 - Ipsep;Avenida Recife;1;0;1072.84;326359.36;304.2;-8.107702;-34.926897
Ipsep;Avenida Recife, 2662 - Ipsep;Avenida Recife;1;0;2686.42;514126.35;191.38;-8.107457;-34.92693
Ipsep;Avenida Recife, 3335 - Ipsep;Avenida Recife;1;0;2761.63;190000.0;68.8;-8.116349;-34.923365
Ipsep;Avenida Recife, 3391 - Ipsep;Avenida Recife;1;0;3114.91;214305.79;68.8;-8.11672;-34.923034
Ipsep;Avenida Recife, 3405 - Ipsep;Avenida Recife;1;0;4063.24;279550.67;68.8;-8.116808;-34.92296
Ipsep;Avenida Recife, 3419 - Ipsep;Avenida Recife;1;0;3413.07;234819.26;68.8;-8.116913;-34.922866
Ipsep;Rua Aderbal De Melo, 34 - Ipsep;Rua Aderbal De Melo;1;0;2361.07;636307.58;269.5;-8.109533;-34.926675
Ipsep;Rua Aderbal De Melo, 37 - Ipsep;Rua Aderbal De Melo;1;0;1710.28;411202.81;240.43;-8.109194;-34.926631
Ipsep;Rua Aderbal De Melo, 403 - Ipsep;Rua Aderbal De Melo;1;0;3586.77;681485.36;190.0;-8.108708;-34.92316
Ipsep;Rua Adolfo Faro, 58 - Ipsep;Rua Adolfo Faro;1;0;4374.41;384292.34;87.85;-8.113884;-34.925181
Ipsep;Rua Adolfo Faro, 73 - Ipsep;Rua Adolfo Faro;1;0;1995.73;301973.82;151.31;-8.113488;-34.925295
Ipsep;Rua Adolfo Ferreira, 49 - Ipsep;Rua Adolfo Ferreira;1;0;4801.68;639103.39;133.1;-8.114704;-34.918179
Ipsep;Rua Alagoas, 271 - Ipsep;Rua Alagoas;1;0;2602.89;465917.79;179.0;-8.105361;-34.925305
Ipsep;Rua Aldemar De Oliveira, 127 - Ipsep;Rua Aldemar De Oliveira;1;0;2617.66;391758.28;149.66;-8.104967;-34.925998
Ipsep;Rua Aldemar De Oliveira, 205 - Ipsep;Rua Aldemar De Oliveira;1;0;3070.48;398180.43;129.68;-8.105066;-34.926712
Ipsep;Rua Aldemar De Oliveira, 206 - Ipsep;Rua Aldemar De Oliveira;1;0;3584.03;964102.76;269.0;-8.10485;-34.925791
Ipsep;Rua Aldemar De Oliveira, 57 - Ipsep;Rua Aldemar De Oliveira;1;0;3457.03;435586.24;126.0;-8.104878;-34.925374
Ipsep;Rua Aldemar De Oliveira, 67 - Ipsep;Rua Aldemar De Oliveira;1;0;2937.35;472854.1;160.98;-8.104891;-34.925461
Ipsep;Rua Aldemar De Oliveira, 87 - Ipsep;Rua Aldemar De Oliveira;1;0;2436.9;358833.38;147.25;-8.104915;-34.925637
Ipsep;Rua Alexandre Almeida, 224 - Ipsep;Rua Alexandre Almeida;1;0;4664.96;635833.39;136.3;-8.117304;-34.92185
Ipsep;Rua Alexandre Almeida, 232 - Ipsep;Rua Alexandre Almeida;1;0;3028.05;386439.19;127.62;-8.117257;-34.921891
Ipsep;Rua Alvorada, 7 - Ipsep;Rua Alvorada;1;0;4023.22;709696.73;176.4;-8.106812;-34.92373
Ipsep;Rua Blumenau, 115 - Ipsep;Rua Blumenau;1;0;2196.06;286629.78;130.52;-8.109364;-34.918933
Ipsep;Rua Blumenau, 179 - Ipsep;Rua Blumenau;1;0;2985.73;503184.95;168.53;-8.108848;-34.919375
Ipsep;Rua Cruz E Souza, 18 - Ipsep;Rua Cruz E Souza;1;0;4999.1;281449.07;56.3;-8.114261;-34.923017
Ipsep;Rua Cruz E Souza, 246 - Ipsep;Rua Cruz E Souza;1;0;3296.88;185614.61;56.3;-8.115965;-34.921521
Ipsep;Rua Cruz E Souza, 78 - Ipsep;Rua Cruz E Souza;1;0;4476.89;235305.44;52.56;-8.114826;-34.922515
Ipsep;Rua Itaquice, 153 - Ipsep;Rua Itaquice;1;0;3329.71;345857.49;103.87;-8.106497;-34.917452
Ipsep;Rua Itaquice, 301 - Ipsep;Rua Itaquice;1;0;2260.3;448105.21;198.25;-8.105605;-34.918235
Ipsep;Rua Jacunda, 134 - Ipsep;Rua Jacunda;1;0;3429.42;469042.27;136.77;-8.109288;-34.920491
Ipsep;Rua Jacunda, 181 - Ipsep;Rua Jacunda;1;1;4264.01;765901.62;179.62;-8.108516;-34.919082
Ipsep;Rua Jacunda, 471 - Ipsep;Rua Jacunda;1;0;2513.95;513776.21;204.37;-8.110206;-34.921029
Ipsep;Rua Jacunda, 48 - Ipsep;Rua Jacunda;1;0;2577.51;319069.41;123.79;-8.107428;-34.918348
Ipsep;Rua Jacunda, 547 - Ipsep;Rua Jacunda;1;0;3289.2;395263.44;120.17;-8.110634;-34.921514
Ipsep;Rua Jacunda, 72 - Ipsep;Rua Jacunda;1;0;2414.98;639970.96;265.0;-8.107549;-34.918486
Ipsep;Rua Jean Emile Favre, 1343 - Ipsep;Rua Jean Emile Favre;1;0;45115.59;1238874.0;27.46;-8.112568;-34.921063
Ipsep;Rua Jean Emile Favre, 1438 - Ipsep;Rua Jean Emile Favre;1;0;3791.85;1009275.68;266.17;-8.113054;-34.922148
Ipsep;Rua Jean Emile Favre, 1488 - Ipsep;Rua Jean Emile Favre;1;0;4354.26;605764.77;139.12;-8.113344;-34.922481
Ipsep;Rua Jean Emile Favre, 1550 - Ipsep;Rua Jean Emile Favre;1;0;11486.11;1045580.38;91.03;-8.113706;-34.922898
Ipsep;Rua Jean Emile Favre, 391 - Ipsep;Rua Jean Emile Favre;1;0;1820.19;654721.06;359.7;-8.109262;-34.917261
Ipsep;Rua Jose Fernandes Portugal, 318 - Ipsep;Rua Jose Fernandes Portugal;1;0;5735.15;312909.96;54.56;-8.117002;-34.919311
Ipsep;Rua Manoel Berkmann, 23 - Ipsep;Rua Manoel Berkmann;1;0;2940.49;621031.2;211.2;-8.118313;-34.920289
Ipsep;Rua Manoel Berkmann, 7 - Ipsep;Rua Manoel Berkmann;1;0;4582.03;436117.69;95.18;-8.118229;-34.920193
Ipsep;Rua Marcelo Gama, 157 - Ipsep;Rua Marcelo Gama;1;0;3831.85;337853.89;88.17;-8.113996;-34.920683
Ipsep;Rua Marechal Craveiro Lopes, 28 - Ipsep;Rua Marechal Craveiro Lopes;1;0;3021.46;164850.61;54.56;-8.117414;-34.91979
Ipsep;Rua Pintor Antonio Albuquerque, 117 - Ipsep;Rua Pintor Antonio Albuquerque;1;0;1482.16;214913.07;145.0;-8.107614;-34.92594
Ipsep;Rua Pintor Antonio Albuquerque, 118 - Ipsep;Rua Pintor Antonio Albuquerque;1;0;3048.21;431230.81;141.47;-8.10793;-34.92602
Ipsep;Rua Pintor Antonio Albuquerque, 395 - Ipsep;Rua Pintor Antonio Albuquerque;1;0;2964.76;390962.64;131.87;-8.107278;-34.923512
Ipsep;Rua Professor Nelson Melo, 15 - Ipsep;Rua Professor Nelson Melo;1;0;3192.46;458692.08;143.68;-8.114797;-34.917593
Ipsep;Rua Rio Amazonas, 413 - Ipsep;Rua Rio Amazonas;1;0;2485.15;407191.5;163.85;-8.114002;-34.917116
Ipsep;Rua Rio Beberibe, 44 - Ipsep;Rua Rio Beberibe;1;0;4090.75;398807.66;97.49;-8.109384;-34.917065
Ipsep;Rua Rio Beberibe, 97 - Ipsep;Rua Rio Beberibe;1;0;1703.59;306322.41;179.81;-8.109384;-34.917065
Ipsep;Rua Rio Colorado, 41 - Ipsep;Rua Rio Colorado;1;0;1397.4;265267.77;189.83;-8.112114;-34.916944
Ipsep;Rua Rio Doce, 121 - Ipsep;Rua Rio Doce;1;0;1735.88;188204.47;108.42;-8.105709;-34.921406
Ipsep;Rua Rio Doce, 25 - Ipsep;Rua Rio Doce;1;0;3164.7;321343.58;101.54;-8.105343;-34.920561
Ipsep;Rua Rio Doce, 34 - Ipsep;Rua Rio Doce;1;0;1479.99;174120.25;117.65;-8.105691;-34.920951
Ipsep;Rua Rio Ipojuca, 236 - Ipsep;Rua Rio Ipojuca;1;0;1283.61;259096.65;201.85;-8.110657;-34.918587
Ipsep;Rua Rio Ipojuca, 242 - Ipsep;Rua Rio Ipojuca;1;0;2901.9;770542.02;265.53;-8.110725;-34.918666
Ipsep;Rua Rio Ipojuca, 297 - Ipsep;Rua Rio Ipojuca;1;0;2874.64;878287.52;305.53;-8.111239;-34.918811
Ipsep;Rua Rio Ipojuca, 310 - Ipsep;Rua Rio Ipojuca;1;0;3006.89;621553.94;206.71;-8.111131;-34.919132
Ipsep;Rua Rio Ipojuca, 328 - Ipsep;Rua Rio Ipojuca;1;0;2358.46;631641.97;267.82;-8.111198;-34.919208
Ipsep;Rua Rio Ipojuca, 60 - Ipsep;Rua Rio Ipojuca;1;0;6927.94;716764.84;103.46;-8.109591;-34.917357
Ipsep;Rua Rio Ipojuca, 94 - Ipsep;Rua Rio Ipojuca;1;0;2965.91;427090.6;144.0;-8.109836;-34.917639
Ipsep;Rua Rio Itororo, 256 - Ipsep;Rua Rio Itororo;1;0;5073.74;646901.61;127.5;-8.112751;-34.916904
Ipsep;Rua Rio Jordao, 33 - Ipsep;Rua Rio Jordao;1;0;3388.37;2310086.54;681.77;-8.113508;-34.916983
Ipsep;Rua Rio Maju, 95 - Ipsep;Rua Rio Maju;1;0;6088.6;433082.38;71.13;-8.113103;-34.917365
Ipsep;Rua Rio Maju, 96 - Ipsep;Rua Rio Maju;1;0;2928.26;293323.72;100.17;-8.112633;-34.917264
Ipsep;Rua Rio Maranhao, 225 - Ipsep;Rua Rio Maranhao;1;0;2532.77;529348.71;209.0;-8.11116;-34.918003
Ipsep;Rua Rio Maranhao, 333 - Ipsep;Rua Rio Maranhao;1;0;3067.39;540382.21;176.17;-8.111772;-34.918708
Ipsep;Rua Rio Maranhao, 59 - Ipsep;Rua Rio Maranhao;1;0;2474.33;713498.53;288.36;-8.110158;-34.916851
Ipsep;Rua Rio Oceanico, 428 - Ipsep;Rua Rio Oceanico;1;0;1341.8;203953.98;152.0;-8.112023;-34.916368
Ipsep;Rua Rio Tocantins, 240 - Ipsep;Rua Rio Tocantins;1;1;1741.69;1574488.37;904.0;-8.111693;-34.916909
Ipsep;Rua Rio Tocantins, 64 - Ipsep;Rua Rio Tocantins;1;0;4346.42;735369.96;169.19;-8.110466;-34.917978
Ipsep;Rua Terezina, 4 - Ipsep;Rua Terezina;1;0;1072.54;191309.76;178.37;-8.102291;-34.924266
Ipsep;Rua Theodomiro Selva, 113 - Ipsep;Rua Theodomiro Selva;1;1;2930.09;1085743.88;370.55;-8.111393;-34.924812
Ipsep;Rua Theodomiro Selva, 491 - Ipsep;Rua Theodomiro Selva;1;0;1244.53;596766.17;479.51;-8.107961;-34.925291
Ipsep;Rua Theodomiro Selva, 96 - Ipsep;Rua Theodomiro Selva;1;0;3686.72;784239.65;212.72;-8.111433;-34.924442
Ipsep;Rua Vicente Licinio, 47 - Ipsep;Rua Vicente Licinio;1;0;2180.73;362481.48;166.22;-8.117815;-34.920389
Ipsep;Rua Vicente Licinio, 7 - Ipsep;Rua Vicente Licinio;1;0;4214.91;600329.14;142.43;-8.117604;-34.92015
Ipsep;Rua Vicente Licinio, 72 - Ipsep;Rua Vicente Licinio;1;0;2280.21;471069.02;206.59;-8.117748;-34.920697
Iputinga;Rua Gaspar Perez, 160 - Iputinga;Rua Gaspar Perez;66;4;6458.99;399740.45;61.89;-8.043859;-34.941292
Iputinga;Rua Sao Mateus, 583 - Iputinga;Rua Sao Mateus;53;12;5970.23;306352.13;51.31;-8.034169;-34.934003
Iputinga;Rua Ester Foigel, 72 - Iputinga;Rua Ester Foigel;49;6;6783.55;468496.57;69.23;-8.044157;-34.933634
Iputinga;Rua Professor Bandeira, 510 - Iputinga;Rua Professor Bandeira;36;11;6451.66;481571.1;74.91;-8.042318;-34.933965
Iputinga;Rua Bom Pastor, 126 - Iputinga;Rua Bom Pastor;30;6;5685.94;370438.65;65.15;-8.048775;-34.938662
Iputinga;Rua Ademar Pires Travasso, 435 - Iputinga;Rua Ademar Pires Travasso;26;11;4779.61;405923.01;84.98;-8.044845;-34.937751
Iputinga;Rua Ester Foigel, 135 - Iputinga;Rua Ester Foigel;24;4;5104.4;363354.83;71.19;-8.044157;-34.933634
Iputinga;Rua Osvaldo Guimaraes, 30 - Iputinga;Rua Osvaldo Guimaraes;19;12;5987.49;403384.94;67.35;-8.04412;-34.939806
Iputinga;Rua Gaspar Perez, 571 - Iputinga;Rua Gaspar Perez;16;6;4344.08;293659.51;67.6;-8.044918;-34.94119
Iputinga;Rua N S Da Saude, 385 - Iputinga;Rua N S Da Saude;15;6;3926.03;253842.66;64.6;-8.043399;-34.928678
Iputinga;Rua Jose Tavares Da Mota, 34 - Iputinga;Rua Jose Tavares Da Mota;13;2;6050.27;337968.08;55.86;-8.045463;-34.940431
Iputinga;Rua Jacauna, 258 - Iputinga;Rua Jacauna;12;7;4416.19;230481.18;52.19;-8.04542;-34.937904
Iputinga;Rua Ademar Pires Travasso, 368 - Iputinga;Rua Ademar Pires Travasso;11;6;5095.05;322342.21;64.11;-8.044534;-34.936898
Iputinga;Rua Capitao Aurelio De Araujo, 325 - Iputinga;Rua Capitao Aurelio De Araujo;11;8;4587.79;289672.78;63.14;-8.040425;-34.933061
Iputinga;Rua Ademar Pires Travasso, 297 - Iputinga;Rua Ademar Pires Travasso;10;4;5061.96;309335.95;61.11;-8.045316;-34.936597
Iputinga;Rua Jose Felipe Santiago, 150 - Iputinga;Rua Jose Felipe Santiago;10;4;3439.44;235842.5;68.57;-8.035096;-34.93432
Iputinga;Rua Professor Mussa Hazin, 122 - Iputinga;Rua Professor Mussa Hazin;10;6;4240.28;225684.93;53.2;-8.037505;-34.942584
Iputinga;Rua Sao Mateus, 1060 - Iputinga;Rua Sao Mateus;9;4;5061.56;231140.62;45.67;-8.034169;-34.934003
Iputinga;Rua Ademar Pires Travasso, 275 - Iputinga;Rua Ademar Pires Travasso;8;2;4428.03;227689.48;51.42;-8.045421;-34.936408
Iputinga;Rua Capitao Araujo Miranda, 110 - Iputinga;Rua Capitao Araujo Miranda;8;2;4776.9;349350.02;73.26;-8.044863;-34.933253
Iputinga;Rua Jacauna, 130 - Iputinga;Rua Jacauna;8;2;4841.77;325270.42;67.18;-8.045923;-34.936692
Iputinga;Rua Veneza, 85 - Iputinga;Rua Veneza;8;3;5042.86;284387.09;56.45;-8.036814;-34.942219
Iputinga;Rua Ademar Pires Travasso, 256 - Iputinga;Rua Ademar Pires Travasso;7;4;4237.34;208882.17;49.63;-8.044903;-34.935887
Iputinga;Rua Alcides Codeceira, 268 - Iputinga;Rua Alcides Codeceira;7;2;3457.27;285639.06;82.63;-8.034241;-34.943721
Iputinga;Rua Bom Pastor, 573 - Iputinga;Rua Bom Pastor;7;6;4195.76;287950.53;68.66;-8.045756;-34.939918
Iputinga;Rua Gaspar Perez, 432 - Iputinga;Rua Gaspar Perez;7;0;4929.03;345323.94;70.0;-8.043502;-34.941479
Iputinga;Rua Jose Felipe Santiago, 100 - Iputinga;Rua Jose Felipe Santiago;7;4;3246.27;222596.63;68.57;-8.035454;-34.933309
Iputinga;Rua N S Da Saude, 271 - Iputinga;Rua N S Da Saude;7;2;5733.88;442514.26;77.18;-8.043234;-34.928864
Iputinga;Rua Pereira Coutinho Filho, 677 - Iputinga;Rua Pereira Coutinho Filho;7;0;3746.78;246663.9;72.58;-8.036264;-34.931983
Iputinga;Rua Professor Mussa Hazin, 278 - Iputinga;Rua Professor Mussa Hazin;7;0;4467.71;373410.99;83.58;-8.036949;-34.943894
Iputinga;Rua Professor Teodulo Miranda, 116 - Iputinga;Rua Professor Teodulo Miranda;7;3;4598.66;384570.66;83.74;-8.044391;-34.934128
Iputinga;Praça Salgueiro, 66 - Iputinga;Praça Salgueiro;6;0;3633.52;307175.25;86.44;-8.042688;-34.938606
Iputinga;Rua Capitao Araujo Miranda, 170 - Iputinga;Rua Capitao Araujo Miranda;6;5;7407.33;500408.77;68.02;-8.045461;-34.93355
Iputinga;Rua Gaspar Perez, 454 - Iputinga;Rua Gaspar Perez;6;5;4720.17;177950.54;37.7;-8.042765;-34.941176
Iputinga;Rua Gaspar Perez, 515 - Iputinga;Rua Gaspar Perez;6;0;3861.91;290110.8;75.37;-8.044514;-34.941081
Iputinga;Rua Jose Aciole, 138 - Iputinga;Rua Jose Aciole;6;2;3957.84;259298.49;65.49;-8.034172;-34.932929
Iputinga;Rua Jose Felipe Santiago, 135 - Iputinga;Rua Jose Felipe Santiago;6;0;3770.59;223161.79;59.42;-8.03547;-34.934251
Iputinga;Rua Osvaldo Guimaraes, 240 - Iputinga;Rua Osvaldo Guimaraes;6;0;4993.13;190038.42;38.06;-8.043176;-34.941984
Iputinga;Rua Veneza, 95 - Iputinga;Rua Veneza;6;0;5007.48;280378.16;56.06;-8.036746;-34.94234
Iputinga;Rua Ambrosio Machado, 420 - Iputinga;Rua Ambrosio Machado;5;4;5052.69;398077.34;78.41;-8.045491;-34.93519
Iputinga;Rua Engenheiro Gercino De Pontes, 219 - Iputinga;Rua Engenheiro Gercino De Pontes;5;0;6622.75;280012.02;42.22;-8.033619;-34.944356
Iputinga;Rua Jacauna, 398 - Iputinga;Rua Jacauna;5;3;5000.18;423865.38;84.77;-8.045266;-34.9391
Iputinga;Rua Jose Tavares Da Mota, 90 - Iputinga;Rua Jose Tavares Da Mota;5;2;5139.21;402348.82;78.29;-8.045251;-34.94077
Iputinga;Rua Manoel Azevedo, 365 - Iputinga;Rua Manoel Azevedo;5;0;4321.05;269173.57;62.28;-8.044255;-34.935751
Iputinga;Rua Sao Mateus, 852 - Iputinga;Rua Sao Mateus;5;1;6093.08;309833.26;50.85;-8.033984;-34.933912
Iputinga;Rua Uruguaiana, 224 - Iputinga;Rua Uruguaiana;5;5;12063.15;977847.46;178.4;-8.043061;-34.928921
Iputinga;Rua Alcides Codeceira, 232 - Iputinga;Rua Alcides Codeceira;4;4;4387.75;335312.25;76.42;-8.03452;-34.943216
Iputinga;Rua Alcides Codeceira, 51 - Iputinga;Rua Alcides Codeceira;4;0;3428.58;275122.14;79.77;-8.035622;-34.941957
Iputinga;Rua Antonio Carlos Ribeiro De Andrade, 160 - Iputinga;Rua Antonio Carlos Ribeiro De Andrade;4;0;4942.39;194023.43;39.29;-8.036193;-34.933734
Iputinga;Rua Baltazar Da Silva Lisboa, 52 - Iputinga;Rua Baltazar Da Silva Lisboa;4;0;3518.11;129371.32;36.77;-8.034368;-34.934443
Iputinga;Rua Capitao Araujo Miranda, 121 - Iputinga;Rua Capitao Araujo Miranda;4;4;2240.53;529727.99;236.43;-8.046663;-34.933781
Iputinga;Rua Capitao Aurelio De Araujo, 120 - Iputinga;Rua Capitao Aurelio De Araujo;4;2;3530.82;282465.24;80.0;-8.0424;-34.933349
Iputinga;Rua Frei Orlando, 131 - Iputinga;Rua Frei Orlando;4;3;3789.38;236364.4;62.34;-8.045326;-34.942516
Iputinga;Rua Jacauna, 232 - Iputinga;Rua Jacauna;4;0;4529.65;403158.51;89.16;-8.045539;-34.937628
Iputinga;Rua Veneza, 125 - Iputinga;Rua Veneza;4;0;4546.14;234626.16;51.61;-8.03661;-34.942579
Iputinga;Rua Ademar Pires Travasso, 345 - Iputinga;Rua Ademar Pires Travasso;3;0;4065.01;444224.76;109.28;-8.044985;-34.937311
Iputinga;Rua Alcides Codeceira, 311 - Iputinga;Rua Alcides Codeceira;3;2;2038.74;134760.57;66.1;-8.034356;-34.944256
Iputinga;Rua Alcides Codeceira, 320 - Iputinga;Rua Alcides Codeceira;3;0;4011.48;250196.13;62.37;-8.034056;-34.944056
Iputinga;Rua Celestino Neves, 35 - Iputinga;Rua Celestino Neves;3;2;3906.97;174531.27;44.43;-8.042681;-34.941515
Iputinga;Rua Cosme Bezerra Cavalcanti, 85 - Iputinga;Rua Cosme Bezerra Cavalcanti;3;1;3147.99;201268.87;64.12;-8.041702;-34.939226
Iputinga;Rua Engenheiro Gercino De Pontes, 117 - Iputinga;Rua Engenheiro Gercino De Pontes;3;2;4257.1;231033.23;54.27;-8.034094;-34.943518
Iputinga;Rua General Vargas, 345 - Iputinga;Rua General Vargas;3;3;4671.04;296513.6;63.48;-8.046542;-34.943524
Iputinga;Rua Jacauna, 225 - Iputinga;Rua Jacauna;3;0;3637.44;241307.36;66.75;-8.046075;-34.937669
Iputinga;Rua Lago Verde, 151 - Iputinga;Rua Lago Verde;3;0;7023.13;261480.95;37.23;-8.04514;-34.943069
Iputinga;Rua Nata Augusto Rusky, 870 - Iputinga;Rua Nata Augusto Rusky;3;3;2988.87;6637492.46;2220.74;-8.041301;-34.938172
Iputinga;Rua Odilon Araujo, 626 - Iputinga;Rua Odilon Araujo;3;3;4333.14;149060.2;34.4;-8.036317;-34.932988
Iputinga;Rua Pajeu, 143 - Iputinga;Rua Pajeu;3;2;3156.1;186010.39;58.05;-8.033587;-34.940794
Iputinga;Avenida Professor Joaquim Cavalcanti, 208 - Iputinga;Avenida Professor Joaquim Cavalcanti;2;2;2897.66;3897764.86;1345.14;-8.037185;-34.941145
Iputinga;Estrada Do Barbalho, 196 - Iputinga;Estrada Do Barbalho;2;0;4424.8;286097.55;64.69;-8.037754;-34.94049
Iputinga;Estrada Do Caiara, 207 - Iputinga;Estrada Do Caiara;2;2;3615.98;236484.87;65.4;-8.042694;-34.931271
Iputinga;Estrada Do Caiara, 63 - Iputinga;Estrada Do Caiara;2;0;4290.46;278021.67;64.8;-8.04381;-34.93199
Iputinga;Estrada Do Caiara, 64 - Iputinga;Estrada Do Caiara;2;2;11865.1;711906.33;60.0;-8.043963;-34.931549
Iputinga;Rua Ademar Pires Travasso, 320 - Iputinga;Rua Ademar Pires Travasso;2;0;2828.42;289743.9;102.44;-8.044639;-34.936426
Iputinga;Rua Alcides Codeceira, 227 - Iputinga;Rua Alcides Codeceira;2;0;2946.19;336985.37;114.38;-8.034521;-34.943962
Iputinga;Rua Capitao Aurelio De Araujo, 184 - Iputinga;Rua Capitao Aurelio De Araujo;2;0;2998.74;243137.38;81.08;-8.04193;-34.933111
Iputinga;Rua Celestino Neves, 127 - Iputinga;Rua Celestino Neves;2;0;3437.13;391111.19;113.79;-8.042634;-34.942286
Iputinga;Rua Cordislandia, 1120 - Iputinga;Rua Cordislandia;2;2;2578.32;2610549.68;1012.5;-8.040496;-34.933954
Iputinga;Rua Cordislandia, 218 - Iputinga;Rua Cordislandia;2;0;3693.98;162646.28;44.03;-8.040496;-34.933954
Iputinga;Rua Cordislandia, 441 - Iputinga;Rua Cordislandia;2;2;4229.96;193689.92;45.79;-8.040351;-34.934218
Iputinga;Rua Cordislandia, 451 - Iputinga;Rua Cordislandia;2;0;3782.92;171101.42;45.23;-8.040246;-34.934407
Iputinga;Rua Cristovao Cavalcanti, 37 - Iputinga;Rua Cristovao Cavalcanti;2;2;4477.27;769016.33;171.76;-8.040551;-34.935696
Iputinga;Rua Engenheiro Gercino De Pontes, 129 - Iputinga;Rua Engenheiro Gercino De Pontes;2;0;4068.08;193708.11;47.62;-8.033993;-34.943702
Iputinga;Rua Engenheiro Gercino De Pontes, 25 - Iputinga;Rua Engenheiro Gercino De Pontes;2;2;4954.56;330667.84;66.74;-8.034512;-34.942731
Iputinga;Rua Ester Foigel, 166 - Iputinga;Rua Ester Foigel;2;2;5053.42;965708.1;191.1;-8.044157;-34.933634
Iputinga;Rua Gaspar Perez, 552 - Iputinga;Rua Gaspar Perez;2;0;6277.94;275380.06;44.08;-8.043859;-34.941292
Iputinga;Rua General Vargas, 75 - Iputinga;Rua General Vargas;2;2;2968.09;238396.86;80.32;-8.04447;-34.943018
Iputinga;Rua Jacauna, 426 - Iputinga;Rua Jacauna;2;0;3228.53;262060.16;81.17;-8.045211;-34.939391
Iputinga;Rua Jornalista Otavio Morais, 44 - Iputinga;Rua Jornalista Otavio Morais;2;2;3158.81;669572.65;211.97;-8.031424;-34.930822
Iputinga;Rua Jornalista Saulo Freire, 85 - Iputinga;Rua Jornalista Saulo Freire;2;0;3551.65;299084.28;84.21;-8.041559;-34.941172
Iputinga;Rua Manoel Azevedo, 431 - Iputinga;Rua Manoel Azevedo;2;0;2458.24;251821.96;102.44;-8.044065;-34.936136
Iputinga;Rua N S Da Saude, 171 - Iputinga;Rua N S Da Saude;2;2;3487.66;625546.96;179.36;-8.044177;-34.929379
Iputinga;Rua N S Da Saude, 219 - Iputinga;Rua N S Da Saude;2;2;4181.76;575577.36;137.64;-8.043797;-34.929186
Iputinga;Rua Pereira Coutinho Filho, 602 - Iputinga;Rua Pereira Coutinho Filho;2;2;2731.02;409216.94;149.84;-8.037075;-34.931853
Iputinga;Rua Professor Mussa Hazin, 226 - Iputinga;Rua Professor Mussa Hazin;2;2;2717.38;218422.98;80.38;-8.037171;-34.943413
Iputinga;Rua Professor Mussa Hazin, 325 - Iputinga;Rua Professor Mussa Hazin;2;2;2068.74;157224.58;76.0;-8.036986;-34.944521
Iputinga;Rua Veneza, 158 - Iputinga;Rua Veneza;2;0;3436.62;197949.17;57.6;-8.035383;-34.94412
Iputinga;Rua Veneza, 335 - Iputinga;Rua Veneza;2;2;3144.93;615085.47;195.58;-8.035765;-34.944065
Iputinga;Rua Vereador Wilson De Barros Leal, 112 - Iputinga;Rua Vereador Wilson De Barros Leal;2;2;3493.24;165928.66;47.5;-8.034642;-34.936186
Iputinga;Avenida Mario Alvares Pereira De Lyra, 410 - Iputinga;Avenida Mario Alvares Pereira De Lyra;1;0;2387.17;125469.65;52.56;-8.046605;-34.933965
Iputinga;Avenida Mauricio De Nassau, 130 - Iputinga;Avenida Mauricio De Nassau;1;0;3498.78;221857.8;63.41;-8.037626;-34.932509
Iputinga;Avenida Professor Joaquim Cavalcanti, 192 - Iputinga;Avenida Professor Joaquim Cavalcanti;1;0;2499.97;1150138.42;460.06;-8.038072;-34.941343
Iputinga;Avenida Professor Joaquim Cavalcanti, 580 - Iputinga;Avenida Professor Joaquim Cavalcanti;1;0;14164.89;1062366.52;75.0;-8.033383;-34.941664
Iputinga;Estrada Do Caiara, -1 - Iputinga;Estrada Do Caiara;1;0;12045.92;279465.41;23.2;-8.043535;-34.931659
Iputinga;Estrada Do Caiara, 126 - Iputinga;Estrada Do Caiara;1;0;14361.23;517004.2;36.0;-8.043535;-34.931659
Iputinga;Estrada Do Caiara, 33 - Iputinga;Estrada Do Caiara;1;0;3501.07;226869.61;64.8;-8.04381;-34.93199
Iputinga;Estrada Do Caiara, 88 - Iputinga;Estrada Do Caiara;1;0;3389.64;237274.65;70.0;-8.043535;-34.931659
Iputinga;Praça Do Bom Pastor, 1398 - Iputinga;Praça Do Bom Pastor;1;0;3154.03;150131.87;47.6;-8.04927;-34.940284
Iputinga;Rua Ademar Pires Travasso, 268 - Iputinga;Rua Ademar Pires Travasso;1;0;2925.16;515384.82;176.19;-8.044953;-34.936075
Iputinga;Rua Agostinho Goncalves Torreiro, 100 - Iputinga;Rua Agostinho Goncalves Torreiro;1;0;3469.27;464431.61;133.87;-8.031291;-34.943634
Iputinga;Rua Agripino Lacerda, 104 - Iputinga;Rua Agripino Lacerda;1;0;3731.86;381545.7;102.24;-8.040956;-34.939783
Iputinga;Rua Agua Branca, 38 - Iputinga;Rua Agua Branca;1;0;1915.18;223194.72;116.54;-8.041301;-34.938172
Iputinga;Rua Alcides Codeceira, 191 - Iputinga;Rua Alcides Codeceira;1;0;3372.76;277645.56;82.32;-8.035007;-34.943096
Iputinga;Rua Alcides Codeceira, 231 - Iputinga;Rua Alcides Codeceira;1;0;3750.4;281880.2;75.16;-8.034845;-34.943383
Iputinga;Rua Alcides Codeceira, 94 - Iputinga;Rua Alcides Codeceira;1;0;3199.43;549502.02;171.75;-8.035054;-34.94216
Iputinga;Rua Ambrosio Machado, 401 - Iputinga;Rua Ambrosio Machado;1;1;4835.43;329292.82;68.1;-8.046521;-34.935465
Iputinga;Rua Antonio Carlos Ribeiro De Andrade, 111 - Iputinga;Rua Antonio Carlos Ribeiro De Andrade;1;0;5147.0;689492.1;133.96;-8.035786;-34.933947
Iputinga;Rua Aristonico Oliveira, 315 - Iputinga;Rua Aristonico Oliveira;1;0;6809.65;306434.38;45.0;-8.041301;-34.938172
Iputinga;Rua Aristonico Oliveira, 327 - Iputinga;Rua Aristonico Oliveira;1;0;9021.18;405952.98;45.0;-8.041301;-34.938172
Iputinga;Rua Bom Pastor, 136 - Iputinga;Rua Bom Pastor;1;0;4595.23;966376.52;210.3;-8.041898;-34.939062
Iputinga;Rua Capitao Aurelio De Araujo, 122 - Iputinga;Rua Capitao Aurelio De Araujo;1;0;5227.9;313674.12;60.0;-8.0424;-34.933349
Iputinga;Rua Capitao Aurelio De Araujo, 135 - Iputinga;Rua Capitao Aurelio De Araujo;1;0;4171.71;2412288.45;578.25;-8.042119;-34.93373
Iputinga;Rua Celestino Neves, 26 - Iputinga;Rua Celestino Neves;1;0;3599.39;145775.44;40.5;-8.042772;-34.941347
Iputinga;Rua Conego Luiz Gonzaga Do Monte, 22 - Iputinga;Rua Conego Luiz Gonzaga Do Monte;1;0;2929.17;263449.79;89.94;-8.048685;-34.941018
Iputinga;Rua Cordislandia, 419 - Iputinga;Rua Cordislandia;1;0;2515.76;169587.36;67.41;-8.040405;-34.934122
Iputinga;Rua Cordislandia, 735 - Iputinga;Rua Cordislandia;1;0;10816.76;400220.19;37.0;-8.041251;-34.932562
Iputinga;Rua Cordislandia, 821 - Iputinga;Rua Cordislandia;1;0;2946.48;670912.52;227.7;-8.040621;-34.933746
Iputinga;Rua Cristovao Cavalcanti, 100 - Iputinga;Rua Cristovao Cavalcanti;1;0;3867.89;227432.2;58.8;-8.039947;-34.935393
Iputinga;Rua Cristovao Cavalcanti, 13 - Iputinga;Rua Cristovao Cavalcanti;1;0;3412.52;251707.21;73.76;-8.040551;-34.935696
Iputinga;Rua Cristovao Cavalcanti, 255 - Iputinga;Rua Cristovao Cavalcanti;1;0;5057.67;369918.32;73.14;-8.041154;-34.936
Iputinga;Rua Cristovao Cavalcanti, 51 - Iputinga;Rua Cristovao Cavalcanti;1;0;3499.17;218522.97;62.45;-8.040551;-34.935696
Iputinga;Rua Desembargador Oscar Coutinho, 107 - Iputinga;Rua Desembargador Oscar Coutinho;1;0;1937.97;457592.85;236.12;-8.0298;-34.931782
Iputinga;Rua Desembargador Oscar Coutinho, 149 - Iputinga;Rua Desembargador Oscar Coutinho;1;0;2439.72;667092.78;273.43;-8.0298;-34.931782
Iputinga;Rua Desembargador Oscar Coutinho, 261 - Iputinga;Rua Desembargador Oscar Coutinho;1;0;1226.26;334732.74;272.97;-8.030076;-34.931934
Iputinga;Rua Desembargador Oscar Coutinho, 281 - Iputinga;Rua Desembargador Oscar Coutinho;1;0;4000.77;489213.68;122.28;-8.029839;-34.931886
Iputinga;Rua Desembargador Oscar Coutinho, 326 - Iputinga;Rua Desembargador Oscar Coutinho;1;0;6251.64;566836.57;90.67;-8.029485;-34.931525
Iputinga;Rua Emma Da Costa Gomes, 81 - Iputinga;Rua Emma Da Costa Gomes;1;0;3967.28;213122.46;53.72;-8.0466;-34.937866
Iputinga;Rua Engenheiro Gercino De Pontes, 174 - Iputinga;Rua Engenheiro Gercino De Pontes;1;0;7647.83;879500.88;115.0;-8.033459;-34.943978
Iputinga;Rua Filadelfia, 60 - Iputinga;Rua Filadelfia;1;0;5264.84;298200.41;56.64;-8.036084;-34.940672
Iputinga;Rua Frei Orlando, 27 - Iputinga;Rua Frei Orlando;1;0;2647.76;122855.96;46.4;-8.045326;-34.942516
Iputinga;Rua Gaspar Perez, 1035 - Iputinga;Rua Gaspar Perez;1;0;2640.3;653632.62;247.56;-8.048515;-34.943536
Iputinga;Rua Gaspar Perez, 1085 - Iputinga;Rua Gaspar Perez;1;0;2302.97;293904.5;127.62;-8.048873;-34.943753
Iputinga;Rua Gaspar Perez, 427 - Iputinga;Rua Gaspar Perez;1;0;4645.97;504877.18;108.67;-8.043593;-34.941003
Iputinga;Rua Gaspar Perez, 500 - Iputinga;Rua Gaspar Perez;1;0;3291.32;4446509.26;1350.98;-8.04404;-34.941709
Iputinga;Rua Gaspar Perez, 584 - Iputinga;Rua Gaspar Perez;1;0;3452.74;160206.93;46.4;-8.043859;-34.941292
Iputinga;Rua Gaspar Perez, 674 - Iputinga;Rua Gaspar Perez;1;0;2095.94;646053.07;308.24;-8.045742;-34.942161
Iputinga;Rua Gaspar Perez, 750 - Iputinga;Rua Gaspar Perez;1;0;2778.8;175175.36;63.04;-8.046357;-34.942317
Iputinga;Rua General Candido Borges Castelo Branco, 420 - Iputinga;Rua General Candido Borges Castelo Branco;1;0;3649.85;210523.37;57.68;-8.04503;-34.938754
Iputinga;Rua Henrique Milet, 185 - Iputinga;Rua Henrique Milet;1;0;2519.11;316903.42;125.8;-8.034093;-34.940375
Iputinga;Rua Henrique Milet, 191 - Iputinga;Rua Henrique Milet;1;0;494.76;224204.14;453.16;-8.034021;-34.940289
Iputinga;Rua Jacauna, 167 - Iputinga;Rua Jacauna;1;0;2444.04;301863.44;123.51;-8.046354;-34.934509
Iputinga;Rua Jacauna, 257 - Iputinga;Rua Jacauna;1;0;2719.32;315441.37;116.0;-8.045924;-34.937993
Iputinga;Rua Jacauna, 320 - Iputinga;Rua Jacauna;1;0;29971.76;4377375.88;146.05;-8.045629;-34.937778
Iputinga;Rua Jacauna, 345 - Iputinga;Rua Jacauna;1;0;3728.79;962921.53;258.24;-8.046513;-34.93724
Iputinga;Rua Jacauna, 349 - Iputinga;Rua Jacauna;1;0;2832.79;592733.24;209.24;-8.045704;-34.938791
Iputinga;Rua Jacauna, 362 - Iputinga;Rua Jacauna;1;0;2736.73;540941.32;197.66;-8.045318;-34.938834
Iputinga;Rua Jacauna, 380 - Iputinga;Rua Jacauna;1;0;3227.7;522790.19;161.97;-8.045777;-34.937571
Iputinga;Rua Jackson De Figueiredo, 138 - Iputinga;Rua Jackson De Figueiredo;1;0;3015.02;560039.46;185.75;-8.031199;-34.931417
Iputinga;Rua Jackson De Figueiredo, 54 - Iputinga;Rua Jackson De Figueiredo;1;0;2725.38;336584.79;123.5;-8.031925;-34.930945
Iputinga;Rua Joao Lippo, 15 - Iputinga;Rua Joao Lippo;1;0;1835.47;335469.15;182.77;-8.029594;-34.931861
Iputinga;Rua Joao Rique, 52 - Iputinga;Rua Joao Rique;1;0;1795.64;608022.81;338.61;-8.031825;-34.931948
Iputinga;Rua Joao Rozendo, 158 - Iputinga;Rua Joao Rozendo;1;1;8386.73;335469.15;40.0;-8.043108;-34.927675
Iputinga;Rua Jornalista Otavio Morais, 125 - Iputinga;Rua Jornalista Otavio Morais;1;0;2362.56;412030.31;174.4;-8.030718;-34.931568
Iputinga;Rua Jornalista Otavio Morais, 56 - Iputinga;Rua Jornalista Otavio Morais;1;0;2638.57;357632.3;135.54;-8.03128;-34.930912
Iputinga;Rua Jornalista Otavio Morais, 99 - Iputinga;Rua Jornalista Otavio Morais;1;0;2294.22;590898.73;257.56;-8.031005;-34.931385
Iputinga;Rua Jornalista Saulo Freire, 153 - Iputinga;Rua Jornalista Saulo Freire;1;0;3631.98;147095.39;40.5;-8.042135;-34.941457
Iputinga;Rua Jornalista Saulo Freire, 166 - Iputinga;Rua Jornalista Saulo Freire;1;0;3392.08;229813.71;67.75;-8.042136;-34.941765
Iputinga;Rua Jornalista Saulo Freire, 171 - Iputinga;Rua Jornalista Saulo Freire;1;0;1715.35;69471.5;40.5;-8.042288;-34.941508
Iputinga;Rua Jornalista Saulo Freire, 207 - Iputinga;Rua Jornalista Saulo Freire;1;0;3631.98;147095.39;40.5;-8.042587;-34.941625
Iputinga;Rua Jornalista Saulo Freire, 362 - Iputinga;Rua Jornalista Saulo Freire;1;0;3290.26;408979.27;124.3;-8.041799;-34.941659
Iputinga;Rua Jornalista Saulo Freire, 95 - Iputinga;Rua Jornalista Saulo Freire;1;0;4753.04;297540.35;62.6;-8.041717;-34.941215
Iputinga;Rua Jose Felipe Santiago, 75 - Iputinga;Rua Jose Felipe Santiago;1;0;2542.58;779734.25;306.67;-8.035546;-34.934057
Iputinga;Rua Jose Stival, 15 - Iputinga;Rua Jose Stival;1;0;3388.94;431479.35;127.32;-8.041301;-34.938172
Iputinga;Rua Jose Tavares Da Mota, 50 - Iputinga;Rua Jose Tavares Da Mota;1;0;5033.72;1444677.43;287.0;-8.045302;-34.940604
Iputinga;Rua Jose Tavares Da Mota, 83 - Iputinga;Rua Jose Tavares Da Mota;1;0;1785.23;571274.75;320.0;-8.04586;-34.940986
Iputinga;Rua N S Da Saude, 187 - Iputinga;Rua N S Da Saude;1;0;4273.83;850449.01;198.99;-8.044052;-34.929328
Iputinga;Rua Odilon Araujo, 224 - Iputinga;Rua Odilon Araujo;1;0;11172.92;310048.6;27.75;-8.036238;-34.932918
Iputinga;Rua Odilon Araujo, 416 - Iputinga;Rua Odilon Araujo;1;0;5534.04;522966.72;94.5;-8.036238;-34.932918
Iputinga;Rua Odilon Araujo, 670 - Iputinga;Rua Odilon Araujo;1;0;4352.09;221347.53;50.86;-8.036;-34.932709
Iputinga;Rua Osvaldo Guimaraes, 267 - Iputinga;Rua Osvaldo Guimaraes;1;0;4175.3;826584.09;197.97;-8.043653;-34.942046
Iputinga;Rua Osvaldo Guimaraes, 279 - Iputinga;Rua Osvaldo Guimaraes;1;0;2156.51;547732.83;253.99;-8.043601;-34.942141
Iputinga;Rua Pajeu, 426 - Iputinga;Rua Pajeu;1;0;2028.29;414786.21;204.5;-8.034391;-34.941167
Iputinga;Rua Pajeu, 448 - Iputinga;Rua Pajeu;1;0;1840.64;298938.86;162.41;-8.034258;-34.94102
Iputinga;Rua Pedra Fina, 35 - Iputinga;Rua Pedra Fina;1;0;3931.78;553122.96;140.68;-8.047254;-34.94199
Iputinga;Rua Pedra Fina, 40 - Iputinga;Rua Pedra Fina;1;0;4384.3;428697.32;97.78;-8.047128;-34.942258
Iputinga;Rua Pereira Coutinho Filho, 337 - Iputinga;Rua Pereira Coutinho Filho;1;0;2609.73;1107152.68;424.24;-8.034917;-34.931571
Iputinga;Rua Pereira Coutinho Filho, 542 - Iputinga;Rua Pereira Coutinho Filho;1;0;5149.19;151025.78;29.33;-8.037594;-34.932012
Iputinga;Rua Pereira Coutinho Filho, 586 - Iputinga;Rua Pereira Coutinho Filho;1;0;2273.45;575069.21;252.95;-8.037208;-34.931892
Iputinga;Rua Pereira Coutinho Filho, 626 - Iputinga;Rua Pereira Coutinho Filho;1;0;2515.13;487708.41;193.91;-8.036875;-34.931787
Iputinga;Rua Pereira Coutinho Filho, 647 - Iputinga;Rua Pereira Coutinho Filho;1;0;2546.59;527832.26;207.27;-8.036515;-34.932062
Iputinga;Rua Pereira Coutinho Filho, 776 - Iputinga;Rua Pereira Coutinho Filho;1;0;7976.57;416695.87;52.24;-8.035451;-34.931349
Iputinga;Rua Pereira Coutinho Filho, 851 - Iputinga;Rua Pereira Coutinho Filho;1;0;1774.58;577375.9;325.36;-8.034744;-34.93152
Iputinga;Rua Pereira Coutinho Filho, 999 - Iputinga;Rua Pereira Coutinho Filho;1;0;4308.43;401287.08;93.14;-8.036331;-34.931861
Iputinga;Rua Professor Julio Oliveira, 70 - Iputinga;Rua Professor Julio Oliveira;1;1;4988.68;243397.77;48.79;-8.037171;-34.942029
Iputinga;Rua Professor Julio Oliveira, 75 - Iputinga;Rua Professor Julio Oliveira;1;0;2732.55;523365.16;191.53;-8.03744;-34.942238
Iputinga;Rua Professor Mussa Hazin, 136 - Iputinga;Rua Professor Mussa Hazin;1;0;2301.8;244451.36;106.2;-8.037382;-34.942772
Iputinga;Rua Professor Mussa Hazin, 230 - Iputinga;Rua Professor Mussa Hazin;1;0;3305.28;1952294.95;590.66;-8.037121;-34.943592
Iputinga;Rua Professor Mussa Hazin, 252 - Iputinga;Rua Professor Mussa Hazin;1;0;2925.7;827037.97;282.68;-8.037037;-34.94374
Iputinga;Rua Professor Mussa Hazin, 260 - Iputinga;Rua Professor Mussa Hazin;1;0;4752.56;2242067.71;471.76;-8.037237;-34.943168
Iputinga;Rua Professor Mussa Hazin, 350 - Iputinga;Rua Professor Mussa Hazin;1;0;6292.3;501370.5;79.68;-8.036638;-34.94447
Iputinga;Rua Professor Teodulo Miranda, 120 - Iputinga;Rua Professor Teodulo Miranda;1;0;2511.52;571145.18;227.41;-8.044391;-34.934128
Iputinga;Rua Professor Teodulo Miranda, 80 - Iputinga;Rua Professor Teodulo Miranda;1;0;2893.47;721196.46;249.25;-8.044163;-34.934002
Iputinga;Rua Quipapa, 459 - Iputinga;Rua Quipapa;1;0;3360.55;237893.25;70.79;-8.035338;-34.943742
Iputinga;Rua Sobral, 60 - Iputinga;Rua Sobral;1;0;1506.62;230000.0;152.66;-8.029727;-34.932042
Iputinga;Rua Tres De Marco, 5 - Iputinga;Rua Tres De Marco;1;0;1766.13;472615.73;267.6;-8.041301;-34.938172
Iputinga;Rua Veneza, 103 - Iputinga;Rua Veneza;1;0;4470.91;230296.32;51.51;-8.036676;-34.942461
Iputinga;Rua Veneza, 142 - Iputinga;Rua Veneza;1;0;1807.4;243565.49;134.76;-8.035441;-34.943988
Iputinga;Rua Veneza, 66 - Iputinga;Rua Veneza;1;0;2356.85;559375.86;237.34;-8.036589;-34.941944
Iputinga;Rua Veneza, 76 - Iputinga;Rua Veneza;1;0;15396.97;692863.86;45.0;-8.035699;-34.943555
Iputinga;Rua Vereador Wilson De Barros Leal, 127 - Iputinga;Rua Vereador Wilson De Barros Leal;1;0;4479.12;501661.1;112.0;-8.034547;-34.936512
Iputinga;Rua Vertentes, 39 - Iputinga;Rua Vertentes;1;0;1613.94;268753.75;166.52;-8.037263;-34.940061
Iputinga;Rua Vilalva, 12 - Iputinga;Rua Vilalva;1;0;3863.76;525703.29;136.06;-8.042364;-34.937196
Iputinga;Rua Vilalva, 20 - Iputinga;Rua Vilalva;1;0;4463.69;547204.25;122.59;-8.042406;-34.937108
Iputinga;Rua Vilalva, 98 - Iputinga;Rua Vilalva;1;0;5268.0;661028.07;125.48;-8.042977;-34.937214
Jaqueira;Praça Professor Fleming, 77 - Jaqueira;Praça Professor Fleming;20;18;9093.92;2658209.65;292.27;-8.035483;-34.905344
Jaqueira;Rua Serrita, 55 - Jaqueira;Rua Serrita;11;4;10033.75;2268876.64;236.7;-8.036536;-34.902881
Jaqueira;Rua Simao Mendes, 85 - Jaqueira;Rua Simao Mendes;11;3;8269.36;855070.92;103.37;-8.035201;-34.903008
Jaqueira;Rua Simao Mendes, 195 - Jaqueira;Rua Simao Mendes;10;5;4688.49;829690.75;176.42;-8.035665;-34.903749
Jaqueira;Praça Professor Fleming, 35 - Jaqueira;Praça Professor Fleming;6;0;10089.28;2237801.73;221.8;-8.035257;-34.90502
Jaqueira;Praça Professor Fleming, 50 - Jaqueira;Praça Professor Fleming;5;2;8836.12;1151530.73;130.33;-8.034769;-34.905416
Jaqueira;Praça Professor Fleming, 783 - Jaqueira;Praça Professor Fleming;5;5;7900.82;2530596.91;303.25;-8.035642;-34.906387
Jaqueira;Rua Serrita, 19 - Jaqueira;Rua Serrita;4;0;9310.35;1215559.02;130.56;-8.036837;-34.902772
Jaqueira;Praça Professor Fleming, 30 - Jaqueira;Praça Professor Fleming;3;3;5568.26;2175853.16;390.76;-8.035015;-34.905431
Jaqueira;Rua Hoel Sette, 144 - Jaqueira;Rua Hoel Sette;2;0;6689.57;1248080.46;192.53;-8.035899;-34.903466
Jaqueira;Avenida Rui Barbosa, 1649 - Jaqueira;Avenida Rui Barbosa;1;0;6293.76;3245253.74;515.63;-8.039226;-34.904751
Jaqueira;Praça Professor Fleming, 145 - Jaqueira;Praça Professor Fleming;1;0;8965.65;2117865.49;236.22;-8.035846;-34.906001
Jaqueira;Rua Hoel Sette, 139 - Jaqueira;Rua Hoel Sette;1;0;12963.55;759923.48;58.62;-8.03657;-34.903104
Jaqueira;Rua Hoel Sette, 158 - Jaqueira;Rua Hoel Sette;1;1;10812.81;1936465.65;179.09;-8.035978;-34.903669
Jaqueira;Rua Simao Mendes, 165 - Jaqueira;Rua Simao Mendes;1;0;7365.25;3314361.07;450.0;-8.035529;-34.903528
Jardim Sao Paulo;Rua Pajussara, 110 - Jardim Sao Paulo;Rua Pajussara;74;34;5909.28;341167.19;57.89;-8.082307;-34.94126
Jardim Sao Paulo;Rua Professor Henrique De Lucena, 122 - Jardim Sao Paulo;Rua Professor Henrique De Lucena;69;34;7598.4;382479.92;50.34;-8.082307;-34.94126
Jardim Sao Paulo;Rua Acu, 251 - Jardim Sao Paulo;Rua Acu;19;8;6402.84;360425.56;56.29;-8.082307;-34.94126
Jardim Sao Paulo;Rua Leandro Barreto, 355 - Jardim Sao Paulo;Rua Leandro Barreto;12;5;3323.14;201449.65;60.5;-8.083146;-34.951126
Jardim Sao Paulo;Rua Leandro Barreto, 76 - Jardim Sao Paulo;Rua Leandro Barreto;11;0;5163.57;333582.66;64.86;-8.083108;-34.950979
Jardim Sao Paulo;Avenida Liberdade, 54 - Jardim Sao Paulo;Avenida Liberdade;10;0;6100.45;398166.91;66.52;-8.083165;-34.959465
Jardim Sao Paulo;Avenida Sao Paulo, 485 - Jardim Sao Paulo;Avenida Sao Paulo;7;5;5641.87;147929.85;26.22;-8.082294;-34.939943
Jardim Sao Paulo;Rua Maria Do Carmo Catunda, 187 - Jardim Sao Paulo;Rua Maria Do Carmo Catunda;5;0;2598.3;145504.99;56.0;-8.078749;-34.940358
Jardim Sao Paulo;Rua Professora Zenia Guerra, 165 - Jardim Sao Paulo;Rua Professora Zenia Guerra;5;2;3505.82;201900.04;57.59;-8.081182;-34.941921
Jardim Sao Paulo;Rua Cabrobo, 137 - Jardim Sao Paulo;Rua Cabrobo;4;4;3062.0;108547.9;35.45;-8.084935;-34.935423
Jardim Sao Paulo;Rua Maria Do Carmo Catunda, 167 - Jardim Sao Paulo;Rua Maria Do Carmo Catunda;4;0;2798.98;156743.26;56.0;-8.078641;-34.940153
Jardim Sao Paulo;Rua Maria Do Carmo Catunda, 207 - Jardim Sao Paulo;Rua Maria Do Carmo Catunda;4;3;3162.64;177107.83;56.0;-8.078921;-34.94053
Jardim Sao Paulo;Rod Br Cento E Um, 1139 - Jardim Sao Paulo;Rod Br Cento E Um;3;3;5236.63;12664171.21;2418.38;-8.078332;-34.942573
Jardim Sao Paulo;Rua Cabrobo, 89 - Jardim Sao Paulo;Rua Cabrobo;3;2;3100.22;109902.85;35.45;-8.084935;-34.935423
Jardim Sao Paulo;Rua Doutor Pedro Luiz Osorio, 120 - Jardim Sao Paulo;Rua Doutor Pedro Luiz Osorio;3;3;2055.33;510152.59;248.21;-8.080239;-34.93985
Jardim Sao Paulo;Rua Doutor Pedro Luiz Osorio, 71 - Jardim Sao Paulo;Rua Doutor Pedro Luiz Osorio;3;3;2311.48;330033.05;142.78;-8.080726;-34.93945
Jardim Sao Paulo;Rua Guarulhos, 109 - Jardim Sao Paulo;Rua Guarulhos;3;3;8597.22;343888.7;40.0;-8.082307;-34.94126
Jardim Sao Paulo;Avenida Liberdade, 440 - Jardim Sao Paulo;Avenida Liberdade;2;0;5783.02;329458.87;56.97;-8.083165;-34.959465
Jardim Sao Paulo;Avenida Recife, 6165 - Jardim Sao Paulo;Avenida Recife;2;2;3469.34;3892556.64;1121.99;-8.097922;-34.926819
Jardim Sao Paulo;Avenida Sao Paulo, 361 - Jardim Sao Paulo;Avenida Sao Paulo;2;2;10456.01;1254721.14;120.0;-8.083381;-34.93957
Jardim Sao Paulo;Avenida Sao Paulo, 55 - Jardim Sao Paulo;Avenida Sao Paulo;2;0;4669.51;214610.62;45.96;-8.086023;-34.938481
Jardim Sao Paulo;Estrada Do Curado, 216 - Jardim Sao Paulo;Estrada Do Curado;2;2;6211.99;285751.62;46.0;-8.082307;-34.94126
Jardim Sao Paulo;Rod Br Cento E Um, 668 - Jardim Sao Paulo;Rod Br Cento E Um;2;2;5015.42;1238858.03;247.01;-8.078332;-34.942573
Jardim Sao Paulo;Rua Doutor Gustavo Pinto, 508 - Jardim Sao Paulo;Rua Doutor Gustavo Pinto;2;2;2193.62;471628.64;215.0;-8.079255;-34.935075
Jardim Sao Paulo;Rua Guarulhos, 100 - Jardim Sao Paulo;Rua Guarulhos;2;2;23260.25;1084392.8;46.62;-8.082307;-34.94126
Jardim Sao Paulo;Rua Major Godofredo Luiz Pereira De Lima, 168 - Jardim Sao Paulo;Rua Major Godofredo Luiz Pereira De Lima;2;2;3495.22;576151.13;164.84;-8.079806;-34.936578
Jardim Sao Paulo;Rua Maria Do Carmo Catunda, 102 - Jardim Sao Paulo;Rua Maria Do Carmo Catunda;2;2;4404.98;424376.06;96.34;-8.077998;-34.939744
Jardim Sao Paulo;Rua Maria Do Carmo Catunda, 147 - Jardim Sao Paulo;Rua Maria Do Carmo Catunda;2;1;4179.81;234069.59;56.0;-8.078467;-34.939858
Jardim Sao Paulo;Rua N S De Fatima, 123 - Jardim Sao Paulo;Rua N S De Fatima;2;2;2558.07;452343.69;176.83;-8.082762;-34.935799
Jardim Sao Paulo;Rua Pajussara, 225 - Jardim Sao Paulo;Rua Pajussara;2;2;623.72;331190.8;531.0;-8.082307;-34.94126
Jardim Sao Paulo;Rua Pangare, 290 - Jardim Sao Paulo;Rua Pangare;2;0;6460.42;239035.64;37.0;-8.082307;-34.94126
Jardim Sao Paulo;Rua Professor Henrique De Lucena, 392 - Jardim Sao Paulo;Rua Professor Henrique De Lucena;2;2;857.93;65202.73;76.0;-8.082307;-34.94126
Jardim Sao Paulo;Rua Professor Henrique De Lucena, 398 - Jardim Sao Paulo;Rua Professor Henrique De Lucena;2;2;867.84;39616.85;45.65;-8.082307;-34.94126
Jardim Sao Paulo;Rua Professor Henrique De Lucena, 404 - Jardim Sao Paulo;Rua Professor Henrique De Lucena;2;2;1066.72;48695.71;45.65;-8.082307;-34.94126
Jardim Sao Paulo;Rua Professor Henrique De Lucena, 410 - Jardim Sao Paulo;Rua Professor Henrique De Lucena;2;2;885.92;40442.2;45.65;-8.082307;-34.94126
Jardim Sao Paulo;Rua Professor Silvio Rabelo, 28 - Jardim Sao Paulo;Rua Professor Silvio Rabelo;2;2;781.91;59425.28;76.0;-8.082307;-34.94126
Jardim Sao Paulo;Rua Professor Silvio Rabelo, 29 - Jardim Sao Paulo;Rua Professor Silvio Rabelo;2;2;619.01;56949.22;92.0;-8.082307;-34.94126
Jardim Sao Paulo;Rua Professor Silvio Rabelo, 36 - Jardim Sao Paulo;Rua Professor Silvio Rabelo;2;2;814.49;61901.33;76.0;-8.082307;-34.94126
Jardim Sao Paulo;Rua Professor Silvio Rabelo, 37 - Jardim Sao Paulo;Rua Professor Silvio Rabelo;2;2;771.05;58599.93;76.0;-8.082307;-34.94126
Jardim Sao Paulo;Rua Professor Silvio Rabelo, 45 - Jardim Sao Paulo;Rua Professor Silvio Rabelo;2;2;610.04;56123.87;92.0;-8.082307;-34.94126
Jardim Sao Paulo;Rua Professor Silvio Rabelo, 53 - Jardim Sao Paulo;Rua Professor Silvio Rabelo;2;2;645.93;59425.28;92.0;-8.082307;-34.94126
Jardim Sao Paulo;Rua Professora Cacilda Breckenfeld, 81 - Jardim Sao Paulo;Rua Professora Cacilda Breckenfeld;2;2;3131.74;579935.28;185.18;-8.080739;-34.939833
Jardim Sao Paulo;Rua Vitoriano Ebla, 96 - Jardim Sao Paulo;Rua Vitoriano Ebla;2;2;1557.13;340077.84;218.4;-8.079638;-34.935782
Jardim Sao Paulo;Avenida Sao Paulo, 349 - Jardim Sao Paulo;Avenida Sao Paulo;1;0;10598.47;1271816.99;120.0;-8.083445;-34.939419
Jardim Sao Paulo;Avenida Sao Paulo, 384 - Jardim Sao Paulo;Avenida Sao Paulo;1;0;3751.41;638977.23;170.33;-8.082937;-34.939088
Jardim Sao Paulo;Avenida Sao Paulo, 432 - Jardim Sao Paulo;Avenida Sao Paulo;1;0;2986.26;433634.4;145.21;-8.082599;-34.939237
Jardim Sao Paulo;Avenida Sao Paulo, 453 - Jardim Sao Paulo;Avenida Sao Paulo;1;0;13165.41;834423.85;63.38;-8.082647;-34.939764
Jardim Sao Paulo;Avenida Sao Paulo, 474 - Jardim Sao Paulo;Avenida Sao Paulo;1;0;7072.48;1595481.55;225.59;-8.082213;-34.939404
Jardim Sao Paulo;Avenida Sao Paulo, 486 - Jardim Sao Paulo;Avenida Sao Paulo;1;0;11011.76;1794916.74;163.0;-8.082114;-34.939446
Jardim Sao Paulo;Estrada Do Curado, 582 - Jardim Sao Paulo;Estrada Do Curado;1;0;2073.36;116107.9;56.0;-8.082307;-34.94126
Jardim Sao Paulo;Estrada Do Curado, 90 - Jardim Sao Paulo;Estrada Do Curado;1;0;1679.56;515206.46;306.75;-8.082307;-34.94126
Jardim Sao Paulo;Praça Do Jardim Sao Paulo, 21 - Jardim Sao Paulo;Praça Do Jardim Sao Paulo;1;0;6048.55;423398.47;70.0;-8.082154;-34.937869
Jardim Sao Paulo;Rod Br Cento E Um, -1 - Jardim Sao Paulo;Rod Br Cento E Um;1;0;58962.4;4422180.0;75.0;-8.078332;-34.942573
Jardim Sao Paulo;Rod Br Cento E Um, 1999 - Jardim Sao Paulo;Rod Br Cento E Um;1;0;7636.2;2278641.09;298.4;-8.078332;-34.942573
Jardim Sao Paulo;Rua Aguanil, 19 - Jardim Sao Paulo;Rua Aguanil;1;0;3373.48;431805.6;128.0;-8.077951;-34.938736
Jardim Sao Paulo;Rua Aguanil, 241 - Jardim Sao Paulo;Rua Aguanil;1;0;2920.28;525650.34;180.0;-8.080012;-34.939695
Jardim Sao Paulo;Rua Aguanil, 47 - Jardim Sao Paulo;Rua Aguanil;1;0;1840.9;269508.47;146.4;-8.078263;-34.93888
Jardim Sao Paulo;Rua Ator Elpidio Camara, 119 - Jardim Sao Paulo;Rua Ator Elpidio Camara;1;0;1163.91;284087.83;244.08;-8.085031;-34.9378
Jardim Sao Paulo;Rua Ator Elpidio Camara, 128 - Jardim Sao Paulo;Rua Ator Elpidio Camara;1;0;2610.52;417083.43;159.77;-8.083436;-34.93814
Jardim Sao Paulo;Rua Ator Elpidio Camara, 179 - Jardim Sao Paulo;Rua Ator Elpidio Camara;1;0;4967.17;805774.02;162.22;-8.083093;-34.938713
Jardim Sao Paulo;Rua Ator Elpidio Camara, 217 - Jardim Sao Paulo;Rua Ator Elpidio Camara;1;0;3773.05;292599.71;77.55;-8.082732;-34.938878
Jardim Sao Paulo;Rua Ator Elpidio Camara, 53 - Jardim Sao Paulo;Rua Ator Elpidio Camara;1;0;2615.2;490401.98;187.52;-8.084103;-34.938264
Jardim Sao Paulo;Rua Ator Elpidio Camara, 93 - Jardim Sao Paulo;Rua Ator Elpidio Camara;1;0;2694.07;591402.26;219.52;-8.083807;-34.938396
Jardim Sao Paulo;Rua Cabo, 82 - Jardim Sao Paulo;Rua Cabo;1;0;1849.29;415628.92;224.75;-8.084731;-34.936362
Jardim Sao Paulo;Rua Carlos Alberto Valenca, 333 - Jardim Sao Paulo;Rua Carlos Alberto Valenca;1;1;3581.35;452217.38;126.27;-8.079218;-34.938623
Jardim Sao Paulo;Rua Carlos Alberto Valenca, 385 - Jardim Sao Paulo;Rua Carlos Alberto Valenca;1;0;3419.08;494672.2;144.68;-8.078581;-34.938329
Jardim Sao Paulo;Rua Carlos Alberto Valenca, 405 - Jardim Sao Paulo;Rua Carlos Alberto Valenca;1;0;2027.45;293980.1;145.0;-8.078408;-34.938248
Jardim Sao Paulo;Rua Carlos Alberto Valenca, 71 - Jardim Sao Paulo;Rua Carlos Alberto Valenca;1;0;2756.68;668825.65;242.62;-8.081368;-34.939626
Jardim Sao Paulo;Rua Carlos Alberto Valenca, 91 - Jardim Sao Paulo;Rua Carlos Alberto Valenca;1;0;2667.87;323292.71;121.18;-8.081197;-34.939547
Jardim Sao Paulo;Rua Doutor Pedro Luiz Osorio, 108 - Jardim Sao Paulo;Rua Doutor Pedro Luiz Osorio;1;0;2900.96;472305.59;162.81;-8.080307;-34.939706
Jardim Sao Paulo;Rua Doutor Pedro Luiz Osorio, 67 - Jardim Sao Paulo;Rua Doutor Pedro Luiz Osorio;1;0;2176.88;313470.42;144.0;-8.080747;-34.939409
Jardim Sao Paulo;Rua Doutor Pedro Luiz Osorio, 81 - Jardim Sao Paulo;Rua Doutor Pedro Luiz Osorio;1;1;1784.85;172255.63;96.51;-8.08068;-34.939553
Jardim Sao Paulo;Rua Leandro Barreto, 647 - Jardim Sao Paulo;Rua Leandro Barreto;1;0;8259.34;627709.57;76.0;-8.083108;-34.950979
Jardim Sao Paulo;Rua Major Felicio, 133 - Jardim Sao Paulo;Rua Major Felicio;1;0;1469.11;532272.54;362.31;-8.082799;-34.940723
Jardim Sao Paulo;Rua Major Godofredo Luiz Pereira De Lima, 120 - Jardim Sao Paulo;Rua Major Godofredo Luiz Pereira De Lima;1;0;3647.27;452261.34;124.0;-8.080463;-34.936886
Jardim Sao Paulo;Rua Major Godofredo Luiz Pereira De Lima, 163 - Jardim Sao Paulo;Rua Major Godofredo Luiz Pereira De Lima;1;0;3631.06;634382.01;174.71;-8.079676;-34.936939
Jardim Sao Paulo;Rua Major Godofredo Luiz Pereira De Lima, 173 - Jardim Sao Paulo;Rua Major Godofredo Luiz Pereira De Lima;1;0;3850.68;890547.44;231.27;-8.079578;-34.936894
Jardim Sao Paulo;Rua Major Godofredo Luiz Pereira De Lima, 244 - Jardim Sao Paulo;Rua Major Godofredo Luiz Pereira De Lima;1;0;4947.24;662632.86;133.94;-8.079163;-34.936279
Jardim Sao Paulo;Rua Major Godofredo Luiz Pereira De Lima, 59 - Jardim Sao Paulo;Rua Major Godofredo Luiz Pereira De Lima;1;0;3065.85;710848.2;231.86;-8.080563;-34.937356
Jardim Sao Paulo;Rua Major Godofredo Luiz Pereira De Lima, 81 - Jardim Sao Paulo;Rua Major Godofredo Luiz Pereira De Lima;1;0;1954.24;250631.82;128.25;-8.080489;-34.937319
Jardim Sao Paulo;Rua Mil Novecentos E Onze, 233 - Jardim Sao Paulo;Rua Mil Novecentos E Onze;1;0;4204.58;171547.0;40.8;-8.084081;-34.937282
Jardim Sao Paulo;Rua N S De Fatima, 110 - Jardim Sao Paulo;Rua N S De Fatima;1;0;2880.81;862945.93;299.55;-8.082441;-34.935802
Jardim Sao Paulo;Rua N S De Fatima, 131 - Jardim Sao Paulo;Rua N S De Fatima;1;0;3107.14;415859.96;133.84;-8.082727;-34.935951
Jardim Sao Paulo;Rua N S De Fatima, 27 - Jardim Sao Paulo;Rua N S De Fatima;1;0;3921.32;285471.91;72.8;-8.083105;-34.93501
Jardim Sao Paulo;Rua N S De Fatima, 57 - Jardim Sao Paulo;Rua N S De Fatima;1;0;3988.39;512108.78;128.4;-8.083053;-34.935393
Jardim Sao Paulo;Rua Pangare, 209 - Jardim Sao Paulo;Rua Pangare;1;0;2901.47;138168.16;47.62;-8.082307;-34.94126
Jardim Sao Paulo;Rua Professor Henrique De Lucena, 304 - Jardim Sao Paulo;Rua Professor Henrique De Lucena;1;1;1263.29;123802.66;98.0;-8.082307;-34.94126
Jardim Sao Paulo;Rua Professor Nelson Castro E Silva, 249 - Jardim Sao Paulo;Rua Professor Nelson Castro E Silva;1;0;3732.85;688263.33;184.38;-8.079498;-34.937579
Jardim Sao Paulo;Rua Professor Nelson Castro E Silva, 272 - Jardim Sao Paulo;Rua Professor Nelson Castro E Silva;1;0;4638.33;675015.8;145.53;-8.079462;-34.937141
Jardim Sao Paulo;Rua Professor Nelson Castro E Silva, 297 - Jardim Sao Paulo;Rua Professor Nelson Castro E Silva;1;0;2916.61;834674.73;286.18;-8.079104;-34.937394
Jardim Sao Paulo;Rua Professor Pedro Augusto, 47 - Jardim Sao Paulo;Rua Professor Pedro Augusto;1;0;4273.97;488557.85;114.31;-8.07893;-34.935841
Jardim Sao Paulo;Rua Professor Silvio Rabelo, 44 - Jardim Sao Paulo;Rua Professor Silvio Rabelo;1;1;592.1;54473.17;92.0;-8.082307;-34.94126
Jardim Sao Paulo;Rua Professor Silvio Rabelo, 52 - Jardim Sao Paulo;Rua Professor Silvio Rabelo;1;0;2121.45;195173.04;92.0;-8.082307;-34.94126
Jardim Sao Paulo;Rua Professor Silvio Rabelo, 63 - Jardim Sao Paulo;Rua Professor Silvio Rabelo;1;0;914.66;69513.91;76.0;-8.082307;-34.94126
Jardim Sao Paulo;Rua Professora Cacilda Breckenfeld, 80 - Jardim Sao Paulo;Rua Professora Cacilda Breckenfeld;1;0;2739.76;305647.6;111.56;-8.081075;-34.939689
Jardim Sao Paulo;Rua Professora Zenia Guerra, 150 - Jardim Sao Paulo;Rua Professora Zenia Guerra;1;0;0.01;1.76;232.15;-8.080803;-34.941942
Jardim Sao Paulo;Trv Professor Silvio Rabelo, 116 - Jardim Sao Paulo;Trv Professor Silvio Rabelo;1;1;976.32;44568.96;45.65;-8.082307;-34.94126
Jiquia;Rua Manoel Antonio Ferreira, 279 - Jiquia;Rua Manoel Antonio Ferreira;2;2;2050.05;512513.43;250.0;-8.092576;-34.923711
Jiquia;Rua Andre Vieira De Melo, 60 - Jiquia;Rua Andre Vieira De Melo;1;0;2993.57;276097.02;92.23;-8.084208;-34.928477
Jiquia;Rua Estrela Do Sul, 57 - Jiquia;Rua Estrela Do Sul;1;0;1235.78;247267.36;200.09;-8.082026;-34.924156
Jiquia;Rua Jorge Abrantes, 231 - Jiquia;Rua Jorge Abrantes;1;0;2360.39;622718.69;263.82;-8.089184;-34.924463
Jiquia;Rua Jorge Abrantes, 345 - Jiquia;Rua Jorge Abrantes;1;0;2442.27;4676460.85;1914.8;-8.089871;-34.923557
Jiquia;Rua Jorge Abrantes, 415 - Jiquia;Rua Jorge Abrantes;1;0;5286.65;436148.38;82.5;-8.089659;-34.921787
Jiquia;Rua Jorge Abrantes, 495 - Jiquia;Rua Jorge Abrantes;1;0;1804.84;465558.32;257.95;-8.089698;-34.921593
Jiquia;Rua Manoel Antonio Ferreira, 219 - Jiquia;Rua Manoel Antonio Ferreira;1;0;4182.43;354963.14;84.87;-8.092345;-34.924224
Jiquia;Rua Rodrigo Costa, 110 - Jiquia;Rua Rodrigo Costa;1;0;923.95;270578.91;292.85;-8.088987;-34.92425
Jiquia;Rua Rodrigo Costa, 89 - Jiquia;Rua Rodrigo Costa;1;0;1470.99;882226.34;599.75;-8.09032;-34.924075
Jiquia;Rua Soldado Graciliano, 188 - Jiquia;Rua Soldado Graciliano;1;0;2520.03;477646.77;189.54;-8.086335;-34.927318
Jiquia;Rua Soldado Graciliano, 96 - Jiquia;Rua Soldado Graciliano;1;0;2504.5;653850.17;261.07;-8.086453;-34.92652
Jordao;Rua Bahia, 22 - Jordao;Rua Bahia;4;4;1628.44;314550.34;193.16;-8.13229;-34.936821
Jordao;Rua Tupinancy, 86 - Jordao;Rua Tupinancy;3;3;7388.12;347241.87;47.0;-8.140764;-34.922289
Jordao;Avenida Maria Irene, 501 - Jordao;Avenida Maria Irene;2;2;1585.42;63416.63;40.0;-8.140476;-34.929927
Jordao;Avenida Maria Irene, 57 - Jordao;Avenida Maria Irene;2;2;20996.42;608896.34;29.0;-8.140866;-34.933659
Jordao;Rua Bahia, 40 - Jordao;Rua Bahia;2;2;4002.3;220126.4;55.0;-8.132546;-34.936731
Jordao;Rua Doutor Alvaro Ferraz, 31 - Jordao;Rua Doutor Alvaro Ferraz;2;2;4920.32;182052.0;37.0;-8.132086;-34.937889
Jordao;Rua Doutor Andrade Lyra, 570 - Jordao;Rua Doutor Andrade Lyra;2;2;3260.87;300000.0;92.0;-8.131157;-34.937406
Jordao;Rua Tupinancy, 62 - Jordao;Rua Tupinancy;2;2;3358.76;292212.33;87.0;-8.140548;-34.922274
Jordao;Avenida Maria Irene, 1019 - Jordao;Avenida Maria Irene;1;0;2034.09;187115.76;91.99;-8.140672;-34.930511
Jordao;Avenida Maria Irene, 199 - Jordao;Avenida Maria Irene;1;0;1979.85;1200780.31;606.5;-8.140829;-34.923235
Jordao;Avenida Maria Irene, 253 - Jordao;Avenida Maria Irene;1;0;5080.01;228600.37;45.0;-8.140801;-34.923814
Jordao;Avenida Maria Irene, 345 - Jordao;Avenida Maria Irene;1;0;6634.85;398090.94;60.0;-8.140766;-34.933767
Jordao;Avenida Maria Irene, 406 - Jordao;Avenida Maria Irene;1;0;8239.39;370772.74;45.0;-8.138442;-34.935784
Jordao;Avenida Maria Irene, 561 - Jordao;Avenida Maria Irene;1;0;1851.45;94423.9;51.0;-8.140701;-34.926817
Jordao;Avenida Maria Irene, 666 - Jordao;Avenida Maria Irene;1;0;4294.37;599064.92;139.5;-8.140341;-34.9281
Jordao;Rua Bahia, 31 - Jordao;Rua Bahia;1;0;4662.97;199435.19;42.77;-8.131777;-34.937001
Jordao;Rua Cachoeirinha, 23 - Jordao;Rua Cachoeirinha;1;0;2673.57;98921.94;37.0;-8.136696;-34.942106
Jordao;Rua Doutor Alvaro Ferraz, 406 - Jordao;Rua Doutor Alvaro Ferraz;1;0;3169.73;185429.46;58.5;-8.132931;-34.937286
Jordao;Rua Doutor Alvaro Ferraz, 445 - Jordao;Rua Doutor Alvaro Ferraz;1;0;4855.72;228218.68;47.0;-8.132684;-34.937679
Jordao;Rua Doutor Alvaro Ferraz, 6 - Jordao;Rua Doutor Alvaro Ferraz;1;0;6080.4;316180.88;52.0;-8.131111;-34.93792
Jordao;Rua Doutor Andrade Lyra, -1 - Jordao;Rua Doutor Andrade Lyra;1;0;7938.84;428697.32;54.0;-8.131085;-34.93774
Jordao;Rua Doutor Andrade Lyra, 195 - Jordao;Rua Doutor Andrade Lyra;1;0;8619.98;473236.82;54.9;-8.134598;-34.936509
Jordao;Rua Doutor Andrade Lyra, 38 - Jordao;Rua Doutor Andrade Lyra;1;0;7355.45;308928.98;42.0;-8.132528;-34.937237
Jordao;Rua Doutor Andrade Lyra, 42 - Jordao;Rua Doutor Andrade Lyra;1;0;4956.57;257741.57;52.0;-8.132872;-34.937115
Jordao;Rua Doutor Andrade Lyra, 488 - Jordao;Rua Doutor Andrade Lyra;1;0;1717.93;157637.3;91.76;-8.131837;-34.937171
Jordao;Rua Doutor Andrade Lyra, 5 - Jordao;Rua Doutor Andrade Lyra;1;0;3478.62;264374.93;76.0;-8.130872;-34.93741
Jordao;Rua Garibaldina, -1 - Jordao;Rua Garibaldina;1;0;1191.58;75069.26;63.0;-8.136507;-34.943069
Jordao;Rua Joraci Camargo, 127 - Jordao;Rua Joraci Camargo;1;0;3681.47;639986.61;173.84;-8.135153;-34.940326
Jordao;Rua Mirandiba, 1 - Jordao;Rua Mirandiba;1;0;4819.44;269888.91;56.0;-8.134103;-34.942395
Jordao;Rua Mirandiba, 4 - Jordao;Rua Mirandiba;1;0;1814.84;101630.93;56.0;-8.134327;-34.942361
Jordao;Rua Mirandiba, 8 - Jordao;Rua Mirandiba;1;0;2646.46;148201.53;56.0;-8.134215;-34.942378
Jordao;Rua Miravania, 3 - Jordao;Rua Miravania;1;0;5476.0;306656.1;56.0;-8.134262;-34.942153
Jordao;Rua Petrolandia, 1 - Jordao;Rua Petrolandia;1;0;6775.3;379417.06;56.0;-8.134635;-34.94462
Jordao;Rua Petrolandia, 5 - Jordao;Rua Petrolandia;1;0;2388.42;133751.35;56.0;-8.13488;-34.944461
Jordao;Rua Pianco, 9 - Jordao;Rua Pianco;1;0;1907.46;190746.24;100.0;-8.134824;-34.939187
Jordao;Rua Senador Julio Barbosa, 46 - Jordao;Rua Senador Julio Barbosa;1;0;3212.96;607250.05;189.0;-8.135296;-34.936485
Jordao;Rua Serra Talhada, 1 - Jordao;Rua Serra Talhada;1;0;2000.13;112007.04;56.0;-8.135296;-34.936485
Jordao;Rua Serra Talhada, 135 - Jordao;Rua Serra Talhada;1;0;1471.54;82406.06;56.0;-8.135296;-34.936485
Jordao;Rua Tamareira, 2 - Jordao;Rua Tamareira;1;0;6749.8;290578.93;43.05;-8.134524;-34.940591
Jordao;Rua Toritama, 29 - Jordao;Rua Toritama;1;0;3136.33;197588.86;63.0;-8.134442;-34.944069
Jordao;Rua Tupinancy,  - Jordao;Rua Tupinancy;1;0;2370.65;2352400.73;992.3;-8.140767;-34.922306
Jordao;Rua Tupinancy, 136 - Jordao;Rua Tupinancy;1;0;3387.34;3050262.74;900.49;-8.141214;-34.922419
Jordao;Rua Verdejante, 112 - Jordao;Rua Verdejante;1;0;4387.71;245711.92;56.0;-8.133181;-34.94185
Linha Do Tiro;Rua Guaraja, 55 - Linha Do Tiro;Rua Guaraja;19;5;1063.09;41343.55;38.89;-8.005816;-34.901175
Linha Do Tiro;Rua Rio Corrente, 39 - Linha Do Tiro;Rua Rio Corrente;2;2;3108.1;262571.94;84.48;-8.005816;-34.901175
Linha Do Tiro;Rua Uriel De Holanda, 708 - Linha Do Tiro;Rua Uriel De Holanda;2;0;2429.57;122450.24;50.4;-8.005816;-34.901175
Linha Do Tiro;Rua Corrego Da Jaqueira, 217 - Linha Do Tiro;Rua Corrego Da Jaqueira;1;0;2251.57;135094.5;60.0;-8.005816;-34.901175
Linha Do Tiro;Rua Professor Jose Amarino Dos Reis, 1355 - Linha Do Tiro;Rua Professor Jose Amarino Dos Reis;1;0;2304.9;87632.13;38.02;-8.005816;-34.901175
Linha Do Tiro;Rua Uriel De Holanda, 1274 - Linha Do Tiro;Rua Uriel De Holanda;1;0;15503.62;629447.04;40.6;-8.005816;-34.901175
Linha Do Tiro;Rua Uriel De Holanda, 236 - Linha Do Tiro;Rua Uriel De Holanda;1;0;4031.67;990985.08;245.8;-8.004382;-34.899909
Linha Do Tiro;Rua Uriel De Holanda, 274 - Linha Do Tiro;Rua Uriel De Holanda;1;0;3941.94;661851.75;167.9;-8.004552;-34.900441
Linha Do Tiro;Rua Uriel De Holanda, 593 - Linha Do Tiro;Rua Uriel De Holanda;1;0;968.12;79869.99;82.5;-8.005816;-34.901175
Linha Do Tiro;Rua Uriel De Holanda, 655 - Linha Do Tiro;Rua Uriel De Holanda;1;0;2011.87;461523.08;229.4;-8.007079;-34.902141
Linha Do Tiro;Rua Uriel De Holanda, 679 - Linha Do Tiro;Rua Uriel De Holanda;1;0;20206.37;1729664.9;85.6;-8.007249;-34.90221
Linha Do Tiro;Rua Uriel De Holanda, 733 - Linha Do Tiro;Rua Uriel De Holanda;1;0;4222.52;2194994.51;519.83;-8.005816;-34.901175
Macaxeira;Avenida Ministro Jose Americo De Almeida, 235 - Macaxeira;Avenida Ministro Jose Americo De Almeida;48;28;5370.05;253071.12;47.26;-8.014384;-34.930376
Macaxeira;Avenida Ministro Jose Americo De Almeida, 151 - Macaxeira;Avenida Ministro Jose Americo De Almeida;10;4;5736.36;377039.2;65.73;-8.015105;-34.930446
Macaxeira;Avenida Ministro Jose Americo De Almeida, 303 - Macaxeira;Avenida Ministro Jose Americo De Almeida;8;3;3419.59;195702.99;57.23;-8.013635;-34.930287
Macaxeira;Rua Dolores Salgado, 126 - Macaxeira;Rua Dolores Salgado;4;4;3574.81;1411408.1;394.82;-8.017451;-34.929836
Macaxeira;Avenida Ministro Jose Americo De Almeida, 383 - Macaxeira;Avenida Ministro Jose Americo De Almeida;2;0;3872.96;219132.32;56.58;-8.012811;-34.930301
Macaxeira;Rua Doutor Anauro Dornellas Camara, 300 - Macaxeira;Rua Doutor Anauro Dornellas Camara;2;2;6374.33;4358382.05;683.74;-8.017119;-34.935024
Macaxeira;Avenida Ministro Jose Americo De Almeida, 318 - Macaxeira;Avenida Ministro Jose Americo De Almeida;1;0;5453.56;11012928.65;2019.4;-8.014636;-34.930396
Macaxeira;Avenida Ministro Jose Americo De Almeida, 805 - Macaxeira;Avenida Ministro Jose Americo De Almeida;1;0;1869.78;842503.96;450.59;-8.014636;-34.930396
Macaxeira;Rua Doutor Anauro Dornellas Camara, 470 - Macaxeira;Rua Doutor Anauro Dornellas Camara;1;0;5105.25;2498254.41;489.35;-8.015804;-34.934538
Macaxeira;Rua Maria Do Carmo, 46 - Macaxeira;Rua Maria Do Carmo;1;0;5965.63;214762.74;36.0;-8.014655;-34.930658
Madalena;Rua Arlindo Gouveia, 145 - Madalena;Rua Arlindo Gouveia;129;61;11347.1;1600500.76;141.05;-8.057496;-34.90427
Madalena;Rua Manoel Bernardes, 282 - Madalena;Rua Manoel Bernardes;81;35;8116.52;813868.63;100.28;-8.048941;-34.911117
Madalena;Rua Hermogenes De Morais, 252 - Madalena;Rua Hermogenes De Morais;71;38;8771.36;954991.3;108.89;-8.056136;-34.907891
Madalena;Rua Senador Fabio De Barros, 55 - Madalena;Rua Senador Fabio De Barros;69;39;7091.36;449617.17;63.41;-8.061678;-34.905999
Madalena;Rua Jose Higino, 221 - Madalena;Rua Jose Higino;67;35;8997.68;961449.46;106.86;-8.0516;-34.910152
Madalena;Rua Menezes Drumond, 271 - Madalena;Rua Menezes Drumond;65;32;9157.74;686693.9;74.99;-8.051098;-34.909896
Madalena;Rua Doutor Artur Goncalves, 25 - Madalena;Rua Doutor Artur Goncalves;59;21;6682.57;436517.8;65.33;-8.052541;-34.907328
Madalena;Rua Doutor Joao Coimbra, 222 - Madalena;Rua Doutor Joao Coimbra;58;41;7236.6;500614.83;69.24;-8.051859;-34.910747
Madalena;Rua Monsenhor Silva, 223 - Madalena;Rua Monsenhor Silva;53;37;6760.77;1109102.48;166.21;-8.050749;-34.911671
Madalena;Rua Dom Manoel Da Costa, 305 - Madalena;Rua Dom Manoel Da Costa;49;26;2886.83;219250.97;76.14;-8.047924;-34.911158
Madalena;Rua Manoel Bernardes, 320 - Madalena;Rua Manoel Bernardes;48;48;4494.97;365487.66;81.43;-8.049601;-34.911813
Madalena;Rua Menezes Drumond, 131 - Madalena;Rua Menezes Drumond;47;14;9060.04;901008.35;99.76;-8.051098;-34.909896
Madalena;Rua Pessoa De Melo, 85 - Madalena;Rua Pessoa De Melo;47;31;7799.65;931044.45;119.37;-8.052548;-34.907846
Madalena;Rua Braulio Goncalves, 115 - Madalena;Rua Braulio Goncalves;46;24;9031.82;633010.43;70.1;-8.052624;-34.90869
Madalena;Rua Pessoa De Melo, 65 - Madalena;Rua Pessoa De Melo;46;19;7400.74;744614.95;100.61;-8.052914;-34.907899
Madalena;Rua Arlindo Gouveia, 39 - Madalena;Rua Arlindo Gouveia;44;28;4675.66;210485.74;45.3;-8.057496;-34.90427
Madalena;Rua Bartolomeu De Gusmao, 276 - Madalena;Rua Bartolomeu De Gusmao;40;17;7575.94;368049.92;48.67;-8.054025;-34.90812
Madalena;Rua J A Da Silveira, 70 - Madalena;Rua J A Da Silveira;36;18;9733.7;1176609.29;120.88;-8.050969;-34.906036
Madalena;Rua Doutor Berardo, 179 - Madalena;Rua Doutor Berardo;35;2;6947.82;527630.17;76.05;-8.053028;-34.909634
Madalena;Rua Monsenhor Silva, 290 - Madalena;Rua Monsenhor Silva;35;11;9022.5;976955.83;108.28;-8.050833;-34.911629
Madalena;Rua Doutor Batista De Carvalho, 53 - Madalena;Rua Doutor Batista De Carvalho;33;4;7137.15;540118.62;75.68;-8.061267;-34.9085
Madalena;Rua Engenheiro Leonardo Arcoverde, 185 - Madalena;Rua Engenheiro Leonardo Arcoverde;32;5;6330.88;349384.62;55.19;-8.052966;-34.912548
Madalena;Rua J A Da Silveira, 65 - Madalena;Rua J A Da Silveira;31;24;8130.69;829094.71;101.97;-8.05099;-34.90604
Madalena;Rua Jose Bonifacio, 174 - Madalena;Rua Jose Bonifacio;30;19;7386.91;516808.55;69.95;-8.04958;-34.906719
Madalena;Avenida Visconde De Albuquerque, 259 - Madalena;Avenida Visconde De Albuquerque;29;4;6274.88;341817.82;54.58;-8.055753;-34.907365
Madalena;Rua Pessoa De Melo, 365 - Madalena;Rua Pessoa De Melo;29;14;6358.49;522244.19;82.15;-8.050237;-34.907698
Madalena;Rua Arnaldo Bastos, 76 - Madalena;Rua Arnaldo Bastos;28;14;6126.27;344592.18;56.22;-8.056156;-34.906453
Madalena;Rua Doutor Joao Coimbra, 335 - Madalena;Rua Doutor Joao Coimbra;28;18;4556.96;412176.6;90.58;-8.052177;-34.911967
Madalena;Rua Costa Gomes, 150 - Madalena;Rua Costa Gomes;27;10;7058.84;630545.33;89.33;-8.048223;-34.907527
Madalena;Rua Costa Gomes, 180 - Madalena;Rua Costa Gomes;25;14;5640.64;498442.95;88.43;-8.048172;-34.907266
Madalena;Rua Ricardo Salazar, 45 - Madalena;Rua Ricardo Salazar;24;13;4102.03;336019.27;82.41;-8.057939;-34.910009
Madalena;Rua Senador Fabio De Barros, 44 - Madalena;Rua Senador Fabio De Barros;23;15;4601.52;414137.29;90.0;-8.060612;-34.906021
Madalena;Avenida Beira Rio Governador Eduardo Campos, 701 - Madalena;Avenida Beira Rio Governador Eduardo Campos;20;16;8213.89;999962.6;121.74;-8.052624;-34.90869
Madalena;Avenida Visconde De Albuquerque, 75 - Madalena;Avenida Visconde De Albuquerque;20;10;5723.41;195506.84;34.09;-8.057491;-34.907356
Madalena;Rua Bartolomeu De Gusmao, 186 - Madalena;Rua Bartolomeu De Gusmao;19;9;7614.14;463071.59;60.95;-8.053873;-34.90714
Madalena;Rua Pessoa De Melo, 227 - Madalena;Rua Pessoa De Melo;19;6;6402.15;578497.85;90.36;-8.051313;-34.907662
Madalena;Rua Jose Bonifacio, 205 - Madalena;Rua Jose Bonifacio;18;9;6885.54;198943.18;28.78;-8.049162;-34.906675
Madalena;Rua Pessoa De Melo, 333 - Madalena;Rua Pessoa De Melo;17;4;7689.8;984909.05;128.08;-8.050494;-34.907598
Madalena;Rua Arnaldo Bastos, 56 - Madalena;Rua Arnaldo Bastos;16;13;6192.99;431110.53;70.07;-8.056179;-34.906291
Madalena;Avenida Beira Rio Governador Eduardo Campos, 501 - Madalena;Avenida Beira Rio Governador Eduardo Campos;15;0;11343.42;497002.05;45.66;-8.052624;-34.90869
Madalena;Rua Real Da Torre, 955 - Madalena;Rua Real Da Torre;15;4;6259.03;1254685.47;200.46;-8.047541;-34.909524
Madalena;Avenida Beira Rio Governador Eduardo Campos, 1091 - Madalena;Avenida Beira Rio Governador Eduardo Campos;14;5;5810.04;834496.51;143.63;-8.052624;-34.90869
Madalena;Avenida Beira Rio Governador Eduardo Campos, 1041 - Madalena;Avenida Beira Rio Governador Eduardo Campos;13;7;10222.54;2013546.4;196.97;-8.052624;-34.90869
Madalena;Avenida Beira Rio Governador Eduardo Campos, 1175 - Madalena;Avenida Beira Rio Governador Eduardo Campos;13;0;9838.88;402559.46;40.96;-8.052624;-34.90869
Madalena;Avenida Visconde De Albuquerque, 53 - Madalena;Avenida Visconde De Albuquerque;13;7;3909.58;388755.75;100.18;-8.057666;-34.907353
Madalena;Rua Comendador Bento Aguiar, 166 - Madalena;Rua Comendador Bento Aguiar;13;7;3819.56;286587.65;75.89;-8.060221;-34.906764
Madalena;Rua Democrito De Souza Filho, 156 - Madalena;Rua Democrito De Souza Filho;13;9;10026.33;874211.96;87.22;-8.055108;-34.905953
Madalena;Rua Professora Anunciada Da Rocha Melo, 70 - Madalena;Rua Professora Anunciada Da Rocha Melo;13;6;7237.66;959285.64;132.54;-8.048515;-34.907072
Madalena;Rua Manoel Bernardes, 134 - Madalena;Rua Manoel Bernardes;12;2;5442.41;603792.89;110.97;-8.049194;-34.910245
Madalena;Rua Professora Anunciada Da Rocha Melo, 30 - Madalena;Rua Professora Anunciada Da Rocha Melo;12;3;8721.99;1029282.25;118.01;-8.048487;-34.906669
Madalena;Rua Ricardo Salazar, 336 - Madalena;Rua Ricardo Salazar;12;7;4089.6;310779.41;75.7;-8.05657;-34.911845
Madalena;Rua Padre Anchieta, 195 - Madalena;Rua Padre Anchieta;11;4;6616.65;604563.22;91.37;-8.047164;-34.905033
Madalena;Rua Padre Anchieta, 225 - Madalena;Rua Padre Anchieta;11;5;5054.99;561105.98;116.45;-8.047205;-34.905368
Madalena;Rua Padre Landim, 302 - Madalena;Rua Padre Landim;11;2;5125.8;674083.62;131.45;-8.048755;-34.912745
Madalena;Rua Professora Anunciada Da Rocha Melo, 116 - Madalena;Rua Professora Anunciada Da Rocha Melo;11;2;6906.9;524647.79;75.96;-8.048539;-34.907469
Madalena;Rua Democrito De Souza Filho, 335 - Madalena;Rua Democrito De Souza Filho;9;5;7292.3;336583.08;46.18;-8.055069;-34.905948
Madalena;Rua Dom Manoel Da Costa, 125 - Madalena;Rua Dom Manoel Da Costa;9;5;7233.9;559542.22;77.35;-8.047904;-34.910244
Madalena;Rua Jaguaribe, 41 - Madalena;Rua Jaguaribe;9;6;3676.26;276747.42;75.21;-8.048426;-34.913294
Madalena;Rua Real Da Torre, 505 - Madalena;Rua Real Da Torre;9;0;10303.8;338615.39;32.86;-8.052494;-34.90929
Madalena;Avenida Visconde De Albuquerque, 258 - Madalena;Avenida Visconde De Albuquerque;8;0;3910.35;303795.15;77.69;-8.055906;-34.906643
Madalena;Rua Costa Gomes, 202 - Madalena;Rua Costa Gomes;8;5;5178.84;553100.36;106.8;-8.048126;-34.907053
Madalena;Rua Doutor Joao Coimbra, 235 - Madalena;Rua Doutor Joao Coimbra;8;4;3950.73;380369.94;96.28;-8.052298;-34.910943
Madalena;Rua Professor Jose Torres Pires, 26 - Madalena;Rua Professor Jose Torres Pires;8;0;8254.94;921788.27;111.75;-8.052624;-34.90869
Madalena;Rua Real Da Torre, 292 - Madalena;Rua Real Da Torre;8;4;5057.71;569043.15;112.51;-8.054576;-34.908518
Madalena;Avenida Beira Rio Governador Eduardo Campos, 1065 - Madalena;Avenida Beira Rio Governador Eduardo Campos;7;5;4496.64;1000006.93;222.39;-8.052624;-34.90869
Madalena;Rua Costa Gomes, 157 - Madalena;Rua Costa Gomes;7;7;5001.54;387919.08;77.56;-8.047785;-34.907594
Madalena;Rua Dom Manoel Da Costa, 405 - Madalena;Rua Dom Manoel Da Costa;7;7;3481.56;383493.58;110.15;-8.04821;-34.91301
Madalena;Rua Professora Anunciada Da Rocha Melo, 214 - Madalena;Rua Professora Anunciada Da Rocha Melo;7;4;5364.52;233562.95;43.52;-8.048592;-34.908376
Madalena;Avenida Beira Rio Governador Eduardo Campos, 1059 - Madalena;Avenida Beira Rio Governador Eduardo Campos;6;4;7280.24;1018505.16;144.65;-8.052624;-34.90869
Madalena;Avenida Beira Rio Governador Eduardo Campos, 651 - Madalena;Avenida Beira Rio Governador Eduardo Campos;6;4;6168.51;848974.08;137.83;-8.052624;-34.90869
Madalena;Rua Altinho, 62 - Madalena;Rua Altinho;6;1;5896.0;467037.24;79.18;-8.052624;-34.90869
Madalena;Rua Arlindo Gouveia, 130 - Madalena;Rua Arlindo Gouveia;6;2;6921.87;1023102.49;147.66;-8.057496;-34.90427
Madalena;Rua Comendador Bento Aguiar, 167 - Madalena;Rua Comendador Bento Aguiar;6;0;2534.18;126269.13;50.13;-8.060231;-34.906323
Madalena;Avenida Beira Rio Governador Eduardo Campos, 825 - Madalena;Avenida Beira Rio Governador Eduardo Campos;5;2;7778.29;609195.34;78.32;-8.052624;-34.90869
Madalena;Rua Benfica, 341 - Madalena;Rua Benfica;5;0;4321.73;292009.69;69.57;-8.059597;-34.902889
Madalena;Rua Dom Manoel Da Costa, 321 - Madalena;Rua Dom Manoel Da Costa;5;4;4842.0;599051.7;123.72;-8.04807;-34.912085
Madalena;Rua Doutor Joao Coimbra, 289 - Madalena;Rua Doutor Joao Coimbra;5;2;4103.76;374837.35;91.34;-8.052125;-34.911614
Madalena;Rua Ernani Braga, 109 - Madalena;Rua Ernani Braga;5;2;7548.24;752484.66;99.69;-8.052795;-34.910784
Madalena;Avenida Beira Rio Governador Eduardo Campos, 666 - Madalena;Avenida Beira Rio Governador Eduardo Campos;4;2;4251.5;1178857.75;277.28;-8.052624;-34.90869
Madalena;Avenida Visconde De Albuquerque, 186 - Madalena;Avenida Visconde De Albuquerque;4;4;3932.82;398709.83;101.38;-8.056463;-34.906825
Madalena;Avenida Visconde De Albuquerque, 620 - Madalena;Avenida Visconde De Albuquerque;4;0;2829.49;399071.79;141.04;-8.056029;-34.9072
Madalena;Rua Belarmino Carneiro, 252 - Madalena;Rua Belarmino Carneiro;4;3;5350.68;426395.64;79.69;-8.049807;-34.909446
Madalena;Rua Benfica, 251 - Madalena;Rua Benfica;4;4;2122.65;8213606.86;3869.5;-8.060033;-34.902457
Madalena;Rua Benfica, 604 - Madalena;Rua Benfica;4;0;4184.03;240355.31;57.6;-8.057753;-34.904532
Madalena;Rua Benfica, 715 - Madalena;Rua Benfica;4;4;8494.3;134037741.26;15779.72;-8.05931;-34.905334
Madalena;Rua Benfica, 748 - Madalena;Rua Benfica;4;2;4973.45;442089.76;88.89;-8.05892;-34.904199
Madalena;Rua Jaguaribe, 75 - Madalena;Rua Jaguaribe;4;2;5032.7;355015.64;70.5;-8.048778;-34.913451
Madalena;Rua Januario Barbosa, 155 - Madalena;Rua Januario Barbosa;4;4;7944.64;1917438.9;241.35;-8.050836;-34.906229
Madalena;Rua Jose Bonifacio, 232 - Madalena;Rua Jose Bonifacio;4;0;4445.7;383137.4;85.8;-8.049183;-34.906223
Madalena;Rua Menezes Drumond, 109 - Madalena;Rua Menezes Drumond;4;4;3935.27;991804.38;252.03;-8.051398;-34.90943
Madalena;Rua Menezes Drumond, 122 - Madalena;Rua Menezes Drumond;4;2;5443.26;665086.4;128.56;-8.050883;-34.909327
Madalena;Rua Padre Anchieta, 413 - Madalena;Rua Padre Anchieta;4;4;8596.27;1815101.49;211.15;-8.047402;-34.907062
Madalena;Rua Pessoa De Melo, 187 - Madalena;Rua Pessoa De Melo;4;4;3529.98;1108731.98;314.09;-8.051668;-34.907667
Madalena;Avenida Beira Rio Governador Eduardo Campos, 55 - Madalena;Avenida Beira Rio Governador Eduardo Campos;3;0;5245.19;806062.85;201.6;-8.052624;-34.90869
Madalena;Avenida Beira Rio Governador Eduardo Campos, 660 - Madalena;Avenida Beira Rio Governador Eduardo Campos;3;0;4864.2;1144303.94;235.25;-8.052624;-34.90869
Madalena;Avenida Jose Goncalves De Medeiros, 118 - Madalena;Avenida Jose Goncalves De Medeiros;3;2;4571.21;352492.69;77.17;-8.060222;-34.905461
Madalena;Avenida Visconde De Albuquerque, 236 - Madalena;Avenida Visconde De Albuquerque;3;2;4402.26;204265.07;46.4;-8.056012;-34.906785
Madalena;Rua Arlindo Gouveia, 121 - Madalena;Rua Arlindo Gouveia;3;2;5172.11;411446.91;79.65;-8.057496;-34.90427
Madalena;Rua Belarmino Carneiro, 215 - Madalena;Rua Belarmino Carneiro;3;3;5691.65;411506.13;72.3;-8.049323;-34.909187
Madalena;Rua Comendador Bento Aguiar, 84 - Madalena;Rua Comendador Bento Aguiar;3;0;4574.3;673163.11;147.11;-8.058817;-34.906437
Madalena;Rua Doutor Berardo, 120 - Madalena;Rua Doutor Berardo;3;0;3640.32;428747.84;117.04;-8.052954;-34.909663
Madalena;Rua Doutor Berardo, 129 - Madalena;Rua Doutor Berardo;3;3;3788.1;682994.92;180.3;-8.053283;-34.909781
Madalena;Rua Doutor Joao Coimbra, 106 - Madalena;Rua Doutor Joao Coimbra;3;3;3231.83;309545.27;95.78;-8.051883;-34.909758
Madalena;Rua Engenheiro Leonardo Arcoverde, 155 - Madalena;Rua Engenheiro Leonardo Arcoverde;3;3;6979.19;511365.48;73.27;-8.053403;-34.912531
Madalena;Rua Heitor Maia Filho, 52 - Madalena;Rua Heitor Maia Filho;3;2;6350.61;910317.37;143.34;-8.057788;-34.902559
Madalena;Rua Jose Higino, 23 - Madalena;Rua Jose Higino;3;3;7182.7;703904.98;98.0;-8.053474;-34.910124
Madalena;Rua Jose Higino, 33 - Madalena;Rua Jose Higino;3;3;2222.0;598319.23;269.27;-8.053383;-34.910123
Madalena;Rua Jose Higino, 43 - Madalena;Rua Jose Higino;3;3;4040.57;1543376.84;381.97;-8.053267;-34.910128
Madalena;Rua Menezes Drumond, 123 - Madalena;Rua Menezes Drumond;3;3;1754.14;1124873.06;641.27;-8.05134;-34.90955
Madalena;Rua Monsenhor Silva, 209 - Madalena;Rua Monsenhor Silva;3;0;7728.95;890786.35;115.3;-8.051131;-34.911678
Madalena;Rua Padre Anchieta, 165 - Madalena;Rua Padre Anchieta;3;2;5113.96;385490.67;75.38;-8.047143;-34.904868
Madalena;Rua Pessoa De Melo, 149 - Madalena;Rua Pessoa De Melo;3;3;2678.09;851658.51;318.01;-8.05201;-34.907712
Madalena;Rua Pessoa De Melo, 165 - Madalena;Rua Pessoa De Melo;3;3;5069.14;980878.36;193.5;-8.051893;-34.907697
Madalena;Rua Pessoa De Melo, 177 - Madalena;Rua Pessoa De Melo;3;3;5654.56;738655.79;130.63;-8.051779;-34.907682
Madalena;Rua Professora Anunciada Da Rocha Melo, 160 - Madalena;Rua Professora Anunciada Da Rocha Melo;3;0;4129.59;763231.11;184.82;-8.048559;-34.90785
Madalena;Rua Professora Anunciada Da Rocha Melo, 57 - Madalena;Rua Professora Anunciada Da Rocha Melo;3;0;6538.71;1020039.35;156.0;-8.048942;-34.90694
Madalena;Rua Uriel Paes Barreto, 55 - Madalena;Rua Uriel Paes Barreto;3;2;5021.8;967851.36;192.73;-8.049296;-34.908015
Madalena;Avenida Caxanga, 521 - Madalena;Avenida Caxanga;2;0;5199.61;476522.28;91.1;-8.048915;-34.924408
Madalena;Avenida Jose Goncalves De Medeiros, 116 - Madalena;Avenida Jose Goncalves De Medeiros;2;2;23075.16;2642105.0;114.5;-8.059563;-34.906173
Madalena;Avenida Visconde De Albuquerque, 482 - Madalena;Avenida Visconde De Albuquerque;2;2;6356.32;921666.5;145.0;-8.053771;-34.906626
Madalena;Avenida Visconde De Albuquerque, 607 - Madalena;Avenida Visconde De Albuquerque;2;2;7945.43;909433.68;114.46;-8.052787;-34.906965
Madalena;Avenida Visconde De Albuquerque, 623 - Madalena;Avenida Visconde De Albuquerque;2;2;5023.41;1824551.33;363.21;-8.052627;-34.906961
Madalena;Rua Belarmino Carneiro, 102 - Madalena;Rua Belarmino Carneiro;2;2;2638.32;259188.66;98.24;-8.048492;-34.909781
Madalena;Rua Belarmino Carneiro, 145 - Madalena;Rua Belarmino Carneiro;2;2;31536.97;5487432.89;174.0;-8.048703;-34.909349
Madalena;Rua Belarmino Carneiro, 177 - Madalena;Rua Belarmino Carneiro;2;2;14447.13;1484442.33;102.75;-8.049058;-34.909314
Madalena;Rua Benfica, 197 - Madalena;Rua Benfica;2;2;6347.2;19061610.82;3003.15;-8.060493;-34.902299
Madalena;Rua Benfica, 285 - Madalena;Rua Benfica;2;2;8473.65;5287557.23;624.0;-8.059603;-34.902412
Madalena;Rua Benfica, 931 - Madalena;Rua Benfica;2;2;3832.42;1024826.92;267.41;-8.058388;-34.907396
Madalena;Rua Comendador Bento Aguiar, 165 - Madalena;Rua Comendador Bento Aguiar;2;0;2721.32;126269.13;46.4;-8.060231;-34.906323
Madalena;Rua Dezenove De Novembro, 240 - Madalena;Rua Dezenove De Novembro;2;0;3618.71;204601.88;56.54;-8.055447;-34.910961
Madalena;Rua Doutor Berardo, 113 - Madalena;Rua Doutor Berardo;2;2;8685.08;573215.88;66.0;-8.053295;-34.909632
Madalena;Rua Doutor Berardo, 119 - Madalena;Rua Doutor Berardo;2;2;5926.68;388197.52;65.5;-8.053294;-34.909685
Madalena;Rua Doutor Joao Coimbra, 242 - Madalena;Rua Doutor Joao Coimbra;2;2;4583.44;811865.23;177.13;-8.051718;-34.910976
Madalena;Rua Hermogenes De Morais, 316 - Madalena;Rua Hermogenes De Morais;2;0;4265.46;276401.78;64.8;-8.055093;-34.907778
Madalena;Rua Jose Bonifacio, 414 - Madalena;Rua Jose Bonifacio;2;2;4196.57;3965167.69;944.86;-8.047321;-34.9064
Madalena;Rua Manuel Bezerra, 151 - Madalena;Rua Manuel Bezerra;2;2;2400.96;431189.39;179.59;-8.055221;-34.91034
Madalena;Rua Menezes Drumond, 137 - Madalena;Rua Menezes Drumond;2;2;1487.59;909634.06;611.48;-8.051296;-34.909688
Madalena;Rua Menezes Drumond, 155 - Madalena;Rua Menezes Drumond;2;2;3576.68;786726.39;219.96;-8.051187;-34.909781
Madalena;Rua Monsenhor Silva, 308 - Madalena;Rua Monsenhor Silva;2;2;3001.23;1158477.17;386.0;-8.050296;-34.911147
Madalena;Rua Monsenhor Silva, 321 - Madalena;Rua Monsenhor Silva;2;0;4318.38;396816.36;91.89;-8.05026;-34.911681
Madalena;Rua Padre Anchieta, 449 - Madalena;Rua Padre Anchieta;2;2;4940.37;3460926.53;700.54;-8.047434;-34.907284
Madalena;Rua Uriel Paes Barreto, 40 - Madalena;Rua Uriel Paes Barreto;2;0;5125.69;376584.3;73.47;-8.049199;-34.907582
Madalena;Avenida Visconde De Albuquerque, 217 - Madalena;Avenida Visconde De Albuquerque;1;0;7169.41;1720658.33;240.0;-8.056135;-34.907384
Madalena;Avenida Visconde De Albuquerque, 474 - Madalena;Avenida Visconde De Albuquerque;1;0;9682.27;1229647.8;127.0;-8.053862;-34.906629
Madalena;Avenida Visconde De Albuquerque, 488 - Madalena;Avenida Visconde De Albuquerque;1;0;5372.32;628561.07;117.0;-8.053693;-34.906621
Madalena;Avenida Visconde De Albuquerque, 500 - Madalena;Avenida Visconde De Albuquerque;1;0;3688.72;321656.08;87.2;-8.053539;-34.906659
Madalena;Avenida Visconde De Albuquerque, 642 - Madalena;Avenida Visconde De Albuquerque;1;0;7553.64;888837.21;117.67;-8.056029;-34.9072
Madalena;Avenida Visconde De Albuquerque, 684 - Madalena;Avenida Visconde De Albuquerque;1;0;209549.94;942974.72;4.5;-8.056029;-34.9072
Madalena;Avenida Visconde De Albuquerque, 695 - Madalena;Avenida Visconde De Albuquerque;1;0;3109.81;1836903.1;590.68;-8.052018;-34.906909
Madalena;Avenida Visconde De Albuquerque, 696 - Madalena;Avenida Visconde De Albuquerque;1;0;4425.39;1265130.34;285.88;-8.056029;-34.9072
Madalena;Avenida Visconde De Albuquerque, 708 - Madalena;Avenida Visconde De Albuquerque;1;0;7318.79;1790981.92;244.71;-8.056029;-34.9072
Madalena;Rua Bartolomeu De Gusmao, 180 - Madalena;Rua Bartolomeu De Gusmao;1;0;8195.35;688409.39;84.0;-8.054018;-34.907168
Madalena;Rua Belarmino Carneiro, 110 - Madalena;Rua Belarmino Carneiro;1;0;3635.45;647546.79;178.12;-8.048586;-34.909826
Madalena;Rua Benfica, 1092 - Madalena;Rua Benfica;1;0;4864.29;3590869.83;738.21;-8.057475;-34.908416
Madalena;Rua Benfica, 1121 - Madalena;Rua Benfica;1;0;4063.78;6632981.66;1632.22;-8.057582;-34.909056
Madalena;Rua Benfica, 1126 - Madalena;Rua Benfica;1;0;3436.55;206193.26;60.0;-8.057204;-34.908661
Madalena;Rua Benfica, 1134 - Madalena;Rua Benfica;1;0;3495.12;528986.91;151.35;-8.057167;-34.908693
Madalena;Rua Benfica, 133 - Madalena;Rua Benfica;1;0;4938.48;4172376.79;844.87;-8.060838;-34.901659
Madalena;Rua Benfica, 780 - Madalena;Rua Benfica;1;0;6014.19;4259548.99;708.25;-8.05892;-34.904199
Madalena;Rua Benfica, 870 - Madalena;Rua Benfica;1;0;4819.84;22892882.62;4749.72;-8.057599;-34.906697
Madalena;Rua Benfica, 949 - Madalena;Rua Benfica;1;0;6790.63;953064.98;140.35;-8.058362;-34.907559
Madalena;Rua Braulio Goncalves, 77 - Madalena;Rua Braulio Goncalves;1;0;4012.58;418351.28;104.26;-8.052624;-34.90869
Madalena;Rua Clovis Bevilaqua, 115 - Madalena;Rua Clovis Bevilaqua;1;1;6224.34;600151.25;96.42;-8.048024;-34.905504
Madalena;Rua Comendador Bento Aguiar, 291 - Madalena;Rua Comendador Bento Aguiar;1;0;2735.13;967579.06;353.76;-8.060883;-34.906398
Madalena;Rua Comendador Bento Aguiar, 91 - Madalena;Rua Comendador Bento Aguiar;1;0;5444.33;1331137.58;244.5;-8.058954;-34.906096
Madalena;Rua Costa Gomes, 115 - Madalena;Rua Costa Gomes;1;0;5163.48;285024.25;55.2;-8.048008;-34.907977
Madalena;Rua Costa Gomes, 141 - Madalena;Rua Costa Gomes;1;0;3104.87;901219.36;290.26;-8.047819;-34.907711
Madalena;Rua Costa Gomes, 163 - Madalena;Rua Costa Gomes;1;0;1651.47;527876.52;319.64;-8.047753;-34.907479
Madalena;Rua Dezenove De Novembro, 89 - Madalena;Rua Dezenove De Novembro;1;0;3257.94;301880.55;92.66;-8.05594;-34.909668
Madalena;Rua Dom Manoel Da Costa, 191 - Madalena;Rua Dom Manoel Da Costa;1;0;3896.69;226319.71;58.08;-8.04795;-34.910911
Madalena;Rua Doutor Artur Goncalves, 132 - Madalena;Rua Doutor Artur Goncalves;1;0;1904.17;740854.25;389.07;-8.052031;-34.907899
Madalena;Rua Doutor Batista De Carvalho, 91 - Madalena;Rua Doutor Batista De Carvalho;1;0;6625.48;1650275.5;249.08;-8.061267;-34.9085
Madalena;Rua Doutor Berardo, 107 - Madalena;Rua Doutor Berardo;1;0;5887.32;350295.42;59.5;-8.053293;-34.90958
Madalena;Rua Doutor Berardo, 130 - Madalena;Rua Doutor Berardo;1;0;3255.4;420044.72;129.03;-8.052952;-34.909757
Madalena;Rua Doutor Joao Coimbra, 165 - Madalena;Rua Doutor Joao Coimbra;1;0;6736.07;436497.3;64.8;-8.052143;-34.910354
Madalena;Rua Doutor Joao Coimbra, 221 - Madalena;Rua Doutor Joao Coimbra;1;0;5812.03;671056.75;115.46;-8.05217;-34.91083
Madalena;Rua Doutor Joao Coimbra, 309 - Madalena;Rua Doutor Joao Coimbra;1;0;1584.03;467842.45;295.35;-8.052158;-34.911794
Madalena;Rua Doutor Joao Coimbra, 330 - Madalena;Rua Doutor Joao Coimbra;1;0;3371.25;250821.34;74.4;-8.051849;-34.911843
Madalena;Rua Doutor Joao Coimbra, 78 - Madalena;Rua Doutor Joao Coimbra;1;0;4028.57;307782.69;76.4;-8.051815;-34.909506
Madalena;Rua Galvao Raposo, 332 - Madalena;Rua Galvao Raposo;1;0;7261.92;899533.88;123.87;-8.049786;-34.911117
Madalena;Rua Heitor Maia Filho, 100 - Madalena;Rua Heitor Maia Filho;1;0;2257.52;438072.22;194.05;-8.057788;-34.902559
Madalena;Rua Hercilio Cunha, 37 - Madalena;Rua Hercilio Cunha;1;0;5887.35;381500.03;64.8;-8.05887;-34.908634
Madalena;Rua Hermogenes De Morais, 126 - Madalena;Rua Hermogenes De Morais;1;0;6546.02;576704.64;88.1;-8.056136;-34.907891
Madalena;Rua Hermogenes De Morais, 162 - Madalena;Rua Hermogenes De Morais;1;0;5942.08;665869.78;112.06;-8.056576;-34.907885
Madalena;Rua Hermogenes De Morais, 178 - Madalena;Rua Hermogenes De Morais;1;0;3609.2;1217202.45;337.25;-8.05643;-34.90787
Madalena;Rua Hermogenes De Morais, 317 - Madalena;Rua Hermogenes De Morais;1;0;4760.47;1188689.97;249.7;-8.055092;-34.908071
Madalena;Rua Itapui, 51 - Madalena;Rua Itapui;1;0;5499.51;425937.39;77.45;-8.0518;-34.913117
Madalena;Rua Itapui, 55 - Madalena;Rua Itapui;1;0;5499.51;425937.39;77.45;-8.05172;-34.913105
Madalena;Rua J A Da Silveira, 125 - Madalena;Rua J A Da Silveira;1;0;4258.3;275937.73;64.8;-8.050559;-34.905948
Madalena;Rua J A Da Silveira, 188 - Madalena;Rua J A Da Silveira;1;0;3187.36;261841.4;82.15;-8.050969;-34.906036
Madalena;Rua Januario Barbosa, 232 - Madalena;Rua Januario Barbosa;1;0;7643.44;771299.99;100.91;-8.050596;-34.906205
Madalena;Rua Joao Crescencio, 55 - Madalena;Rua Joao Crescencio;1;0;19896.6;497812.85;25.02;-8.056126;-34.91197
Madalena;Rua Joao Crescencio, 67 - Madalena;Rua Joao Crescencio;1;0;3924.12;980048.61;249.75;-8.05622;-34.912031
Madalena;Rua Jose Higino, 247 - Madalena;Rua Jose Higino;1;0;3540.15;1535823.83;433.83;-8.051332;-34.910085
Madalena;Rua Manoel Bernardes, 115 - Madalena;Rua Manoel Bernardes;1;0;4153.03;1446001.38;348.18;-8.049696;-34.909814
Madalena;Rua Manuel Bezerra, 160 - Madalena;Rua Manuel Bezerra;1;0;3679.34;396080.88;107.65;-8.054838;-34.910357
Madalena;Rua Manuel Bezerra, 168 - Madalena;Rua Manuel Bezerra;1;0;3679.34;396080.88;107.65;-8.054821;-34.910404
Madalena;Rua Manuel Bezerra, 197 - Madalena;Rua Manuel Bezerra;1;0;3525.17;870682.23;246.99;-8.055119;-34.910778
Madalena;Rua Manuel Bezerra, 72 - Madalena;Rua Manuel Bezerra;1;0;4296.63;541289.91;125.98;-8.055026;-34.909568
Madalena;Rua Menezes Drumond, 170 - Madalena;Rua Menezes Drumond;1;1;5056.49;2154065.06;426.0;-8.050753;-34.909724
Madalena;Rua Menezes Drumond, 233 - Madalena;Rua Menezes Drumond;1;1;3385.06;791528.54;233.83;-8.051098;-34.910378
Madalena;Rua Menezes Drumond, 293 - Madalena;Rua Menezes Drumond;1;0;8002.66;429182.55;53.63;-8.051099;-34.910965
Madalena;Rua Menezes Drumond, 310 - Madalena;Rua Menezes Drumond;1;0;4345.24;1116727.02;257.0;-8.050632;-34.911049
Madalena;Rua Menezes Drumond, 320 - Madalena;Rua Menezes Drumond;1;0;4428.3;1051765.06;237.51;-8.050632;-34.911165
Madalena;Rua Menezes Drumond, 338 - Madalena;Rua Menezes Drumond;1;0;4283.21;1057951.91;247.0;-8.050623;-34.911278
Madalena;Rua Menezes Drumond, 73 - Madalena;Rua Menezes Drumond;1;0;3411.73;1465817.71;429.64;-8.051543;-34.909142
Madalena;Rua Pessoa De Melo, 378 - Madalena;Rua Pessoa De Melo;1;0;4090.17;1332698.68;325.83;-8.049923;-34.907344
Madalena;Rua Pessoa De Melo, 76 - Madalena;Rua Pessoa De Melo;1;0;1820.26;466533.85;256.3;-8.052781;-34.907429
Madalena;Rua Professor Jose Torres Pires, 46 - Madalena;Rua Professor Jose Torres Pires;1;0;3551.12;2300308.37;647.77;-8.052624;-34.90869
Madalena;Rua Professor Jose Torres Pires, 47 - Madalena;Rua Professor Jose Torres Pires;1;0;4690.64;444813.6;94.83;-8.052624;-34.90869
Madalena;Rua Professora Anunciada Da Rocha Melo, 105 - Madalena;Rua Professora Anunciada Da Rocha Melo;1;1;4919.87;376468.73;76.52;-8.048972;-34.907661
Madalena;Rua Professora Anunciada Da Rocha Melo, 199 - Madalena;Rua Professora Anunciada Da Rocha Melo;1;0;2882.31;1072018.37;371.93;-8.048985;-34.908231
Madalena;Rua Professora Anunciada Da Rocha Melo, 97 - Madalena;Rua Professora Anunciada Da Rocha Melo;1;0;6102.41;1420886.01;232.84;-8.048976;-34.907307
Madalena;Rua Real Da Torre, 255 - Madalena;Rua Real Da Torre;1;0;3780.49;192729.42;50.98;-8.05476;-34.909428
Madalena;Rua Real Da Torre, 660 - Madalena;Rua Real Da Torre;1;0;1738.8;84662.19;48.69;-8.047541;-34.909524
Madalena;Rua Real Da Torre, 667 - Madalena;Rua Real Da Torre;1;0;3304.04;1398434.28;423.25;-8.051049;-34.90856
Madalena;Rua Real Da Torre, 704 - Madalena;Rua Real Da Torre;1;0;4437.53;753625.02;169.83;-8.050885;-34.907983
Madalena;Rua Real Da Torre, 825 - Madalena;Rua Real Da Torre;1;1;0.02;1.54;63.78;-8.049843;-34.908686
Madalena;Rua Ricardo Salazar, 55 - Madalena;Rua Ricardo Salazar;1;0;2342.15;509886.93;217.7;-8.058172;-34.910129
Madalena;Rua Uriel Paes Barreto, 25 - Madalena;Rua Uriel Paes Barreto;1;0;5636.01;816151.23;144.81;-8.049575;-34.907857
Mangabeira;Avenida Professor Jose Dos Anjos, 1561 - Mangabeira;Avenida Professor Jose Dos Anjos;44;25;4407.13;199686.94;45.31;-8.026922;-34.90857
Mangabeira;Rua Do Cinema, 12 - Mangabeira;Rua Do Cinema;1;0;6124.04;255433.91;41.71;-8.0578;-34.8829
Mangabeira;Rua Do Cinema, 20 - Mangabeira;Rua Do Cinema;1;0;2396.64;127716.96;53.29;-8.0578;-34.8829
Mangabeira;Rua Maria Goncalves, 302 - Mangabeira;Rua Maria Goncalves;1;0;2023.72;120209.18;59.4;-8.0578;-34.8829
Mangueira;Rua Alexandre Rodrigues Ferreira, 540 - Mangueira;Rua Alexandre Rodrigues Ferreira;1;0;6404.05;433234.02;67.65;-8.076246;-34.922665
Mangueira;Rua Doutor Joao Elisio, 136 - Mangueira;Rua Doutor Joao Elisio;1;0;1468.43;103964.99;70.8;-8.076312;-34.918655
Mangueira;Rua Luiz Figueiroa, 137 - Mangueira;Rua Luiz Figueiroa;1;0;2208.23;285965.76;129.5;-8.077362;-34.9177
Mangueira;Rua Mandari, 162 - Mangueira;Rua Mandari;1;0;1036.28;104612.36;100.95;-8.077123;-34.920325
Monteiro;Rua De Apipucos, 685 - Monteiro;Rua De Apipucos;226;135;5658.94;1171412.53;206.74;-8.026225;-34.930101
Monteiro;Rua De Apipucos, 50 - Monteiro;Rua De Apipucos;59;35;8312.27;1514245.7;182.17;-8.02722;-34.929208
Monteiro;Avenida Dezessete De Agosto, 2720 - Monteiro;Avenida Dezessete De Agosto;57;39;7185.58;1577845.34;219.58;-8.031924;-34.923198
Monteiro;Rua Jorge De Albuquerque, 142 - Monteiro;Rua Jorge De Albuquerque;39;27;8298.98;1060074.34;127.84;-8.030426;-34.926898
Monteiro;Avenida Dezessete De Agosto, 2666 - Monteiro;Avenida Dezessete De Agosto;29;17;6129.7;619494.88;101.11;-8.027371;-34.928062
Monteiro;Avenida Dezessete De Agosto, 2483 - Monteiro;Avenida Dezessete De Agosto;26;18;7216.76;1886676.91;261.43;-8.029338;-34.927236
Monteiro;Rua De Apipucos, 261 - Monteiro;Rua De Apipucos;22;6;9738.83;1433653.07;147.21;-8.025797;-34.930768
Monteiro;Rua De Apipucos, 235 - Monteiro;Rua De Apipucos;20;6;6029.74;1236371.0;207.86;-8.02641;-34.930854
Monteiro;Rua De Apipucos, 315 - Monteiro;Rua De Apipucos;17;13;7426.66;3114441.59;419.36;-8.025539;-34.930888
Monteiro;Avenida Dezessete De Agosto, 2665 - Monteiro;Avenida Dezessete De Agosto;15;9;8341.81;3592300.06;456.14;-8.028401;-34.927837
Monteiro;Rua Jorge De Albuquerque, 122 - Monteiro;Rua Jorge De Albuquerque;10;2;5013.72;795728.13;158.71;-8.030254;-34.92677
Monteiro;Rua Jorge De Albuquerque, 178 - Monteiro;Rua Jorge De Albuquerque;9;5;8775.92;615832.32;70.14;-8.030612;-34.92704
Monteiro;Rua De Apipucos, 487 - Monteiro;Rua De Apipucos;8;4;7139.84;1478138.13;207.83;-8.023917;-34.930815
Monteiro;Rua De Apipucos, 239 - Monteiro;Rua De Apipucos;6;0;11615.13;1671068.5;143.87;-8.025973;-34.930465
Monteiro;Rua Guerra De Holanda, 161 - Monteiro;Rua Guerra De Holanda;5;4;8401.37;943053.72;112.25;-8.029125;-34.924421
Monteiro;Rua De Apipucos, 568 - Monteiro;Rua De Apipucos;4;4;3536.15;4258589.33;1204.3;-8.022961;-34.930134
Monteiro;Rua Desembargador Celio De Castro Montenegro, 32 - Monteiro;Rua Desembargador Celio De Castro Montenegro;4;0;5738.96;1200662.12;209.21;-8.027908;-34.924845
Monteiro;Rua Guerra De Holanda, 243 - Monteiro;Rua Guerra De Holanda;4;2;4500.73;476896.98;105.96;-8.028195;-34.923986
Monteiro;Avenida Dezessete De Agosto, 2594 - Monteiro;Avenida Dezessete De Agosto;3;0;9635.57;1776221.33;184.34;-8.027344;-34.927412
Monteiro;Rua De Apipucos, 355 - Monteiro;Rua De Apipucos;3;2;6454.8;1747378.45;270.71;-8.025304;-34.931001
Monteiro;Avenida Dezessete De Agosto, 2702 - Monteiro;Avenida Dezessete De Agosto;2;2;3735.19;1390798.84;372.35;-8.027301;-34.928502
Monteiro;Rua De Apipucos, 455 - Monteiro;Rua De Apipucos;2;2;7404.26;2113544.9;285.45;-8.02417;-34.93073
Monteiro;Rua De Apipucos, 646 - Monteiro;Rua De Apipucos;2;2;3242.61;659156.85;203.28;-8.022288;-34.931076
Monteiro;Avenida Dezessete De Agosto, 2413 - Monteiro;Avenida Dezessete De Agosto;1;1;6260.28;1017733.51;162.57;-8.028958;-34.926564
Monteiro;Avenida Dezessete De Agosto, 2475 - Monteiro;Avenida Dezessete De Agosto;1;0;7069.43;1774850.11;251.06;-8.028697;-34.928181
Monteiro;Avenida Dezessete De Agosto, 2613 - Monteiro;Avenida Dezessete De Agosto;1;0;4152.04;5241364.19;1262.36;-8.027992;-34.927529
Monteiro;Avenida Dezessete De Agosto, 2678 - Monteiro;Avenida Dezessete De Agosto;1;0;2398.89;1675433.22;698.42;-8.027345;-34.92828
Monteiro;Rua De Apipucos, 237 - Monteiro;Rua De Apipucos;1;0;77307.97;6107330.0;79.0;-8.025973;-34.930465
Monteiro;Rua De Apipucos, 425 - Monteiro;Rua De Apipucos;1;0;6032.79;1516824.4;251.43;-8.024428;-34.930643
Monteiro;Rua De Apipucos, 521 - Monteiro;Rua De Apipucos;1;0;5870.29;1940130.17;330.5;-8.023664;-34.930913
Monteiro;Rua Desembargador Celio De Castro Montenegro, 4669 - Monteiro;Rua Desembargador Celio De Castro Montenegro;1;0;22731.35;2696847.56;118.64;-8.027908;-34.924845
Monteiro;Rua Jorge De Albuquerque, 102 - Monteiro;Rua Jorge De Albuquerque;1;0;4246.27;475582.14;112.0;-8.030141;-34.926663
Monteiro;Rua Jorge De Albuquerque, 176 - Monteiro;Rua Jorge De Albuquerque;1;1;5713.83;3380356.97;591.61;-8.030612;-34.92704
Monteiro;Rua Piaui, 162 - Monteiro;Rua Piaui;1;0;4763.12;2328878.4;488.94;-8.029089;-34.924606
Morro Da Conceicao;Rua Bege, 39 - Morro Da Conceicao;Rua Bege;1;0;2114.1;105705.07;50.0;-8.01926;-34.91306
Morro Da Conceicao;Rua Do Dende, 602 - Morro Da Conceicao;Rua Do Dende;1;0;2585.91;83395.64;32.25;-8.01926;-34.91306
Morro Da Conceicao;Rua Dois De Fevereiro, 248 - Morro Da Conceicao;Rua Dois De Fevereiro;1;0;6476.67;304403.52;47.0;-8.01926;-34.91306
Morro Da Conceicao;Rua Dois De Fevereiro, 336 - Morro Da Conceicao;Rua Dois De Fevereiro;1;0;3402.79;183750.39;54.0;-8.01926;-34.91306
Morro Da Conceicao;Rua Mocidade, 241 - Morro Da Conceicao;Rua Mocidade;1;1;3236.51;142406.55;44.0;-8.01926;-34.91306
Mustardinha;Rua Adolfo Bezerra, 296 - Mustardinha;Rua Adolfo Bezerra;2;0;2111.96;97880.96;48.44;-8.072707;-34.919953
Mustardinha;Rua Joaquina Da Conceicao Azevedo, 111 - Mustardinha;Rua Joaquina Da Conceicao Azevedo;2;2;610.68;871316.2;1426.79;-8.071986;-34.919552
Mustardinha;Rua Venancio Leonardo Evangelista, 196 - Mustardinha;Rua Venancio Leonardo Evangelista;2;2;2155.58;516069.57;239.41;-8.073825;-34.921338
Mustardinha;Rua Coracao De Jesus, 32 - Mustardinha;Rua Coracao De Jesus;1;0;2132.92;206978.95;97.04;-8.074844;-34.918954
Mustardinha;Rua Coracao De Jesus, 38 - Mustardinha;Rua Coracao De Jesus;1;0;2061.01;200000.0;97.04;-8.074844;-34.918954
Mustardinha;Rua Doutor Armando Tavares, 166 - Mustardinha;Rua Doutor Armando Tavares;1;0;2418.03;322129.84;133.22;-8.069167;-34.92233
Mustardinha;Rua Joaquina Da Conceicao Azevedo, 197 - Mustardinha;Rua Joaquina Da Conceicao Azevedo;1;0;1113.87;272819.01;244.93;-8.071558;-34.920452
Mustardinha;Rua Joaquina Da Conceicao Azevedo, 262 - Mustardinha;Rua Joaquina Da Conceicao Azevedo;1;0;2595.3;564606.45;217.55;-8.071028;-34.920861
Mustardinha;Rua Venancio Leonardo Evangelista, 136 - Mustardinha;Rua Venancio Leonardo Evangelista;1;0;1865.0;312144.68;167.37;-8.073992;-34.920815
Mustardinha;Rua Venancio Leonardo Evangelista, 231 - Mustardinha;Rua Venancio Leonardo Evangelista;1;0;3766.64;546953.76;145.21;-8.074053;-34.921719
Mustardinha;Rua Venancio Leonardo Evangelista, 241 - Mustardinha;Rua Venancio Leonardo Evangelista;1;0;1762.17;489741.27;277.92;-8.074024;-34.921805
Nova Descoberta;Rua Alto Jardim Progresso, 318 - Nova Descoberta;Rua Alto Jardim Progresso;1;0;1028.25;199480.1;194.0;-8.019609;-34.925355
Nova Descoberta;Rua Alto Jardim Progresso, 500 - Nova Descoberta;Rua Alto Jardim Progresso;1;0;1825.76;131454.67;72.0;-8.019609;-34.925355
Nova Descoberta;Rua Corrego Da Areia, 565 - Nova Descoberta;Rua Corrego Da Areia;1;0;9462.62;189252.46;20.0;-8.019609;-34.925355
Nova Descoberta;Rua Corrego Da Areia, 783 - Nova Descoberta;Rua Corrego Da Areia;1;0;21400.16;428003.23;20.0;-8.019609;-34.925355
Nova Descoberta;Rua Itarapina, 20 - Nova Descoberta;Rua Itarapina;1;0;5304.65;286451.15;54.0;-8.019609;-34.925355
Nova Descoberta;Rua Mangericao, 21 - Nova Descoberta;Rua Mangericao;1;0;1468.13;88087.56;60.0;-8.019609;-34.925355
Nova Descoberta;Rua Pedra Branca, 156 - Nova Descoberta;Rua Pedra Branca;1;0;983.18;96921.86;98.58;-8.019609;-34.925355
Nova Descoberta;Rua Taquara, 39 - Nova Descoberta;Rua Taquara;1;0;2580.99;103239.5;40.0;-8.019609;-34.925355
Nova Descoberta;Rua Teolandia, 43 - Nova Descoberta;Rua Teolandia;1;0;2619.91;165054.38;63.0;-8.019609;-34.925355
Nova Descoberta;Rua Vila Rica, 156 - Nova Descoberta;Rua Vila Rica;1;0;1405.79;64666.27;46.0;-8.019609;-34.925355
Nova Descoberta;Rua Vila Rica, 39 - Nova Descoberta;Rua Vila Rica;1;0;3006.81;117265.42;39.0;-8.019609;-34.925355
Paissandu;Rua Estacio Coimbra, 171 - Paissandu;Rua Estacio Coimbra;22;8;7847.26;416542.53;53.12;-8.061129;-34.899326
Paissandu;Rua Paissandu, 678 - Paissandu;Rua Paissandu;13;6;3715.08;399903.48;108.36;-8.061782;-34.899056
Paissandu;Rua General Joaquim Inacio, 830 - Paissandu;Rua General Joaquim Inacio;12;4;7355.03;364312.0;49.53;-8.062209;-34.896115
Paissandu;Rua Paissandu, 281 - Paissandu;Rua Paissandu;10;10;3993.14;346085.85;86.67;-8.061221;-34.895917
Paissandu;Rua Paissandu, 381 - Paissandu;Rua Paissandu;6;2;4605.21;382113.45;85.39;-8.061758;-34.896487
Paissandu;Rua Paulino De Andrade, 53 - Paissandu;Rua Paulino De Andrade;5;2;4835.71;271380.33;56.12;-8.062054;-34.895597
Paissandu;Avenida Governador Agamenon Magalhaes, 141 - Paissandu;Avenida Governador Agamenon Magalhaes;2;2;9532.37;8452352.5;886.7;-8.060987;-34.898206
Paissandu;Rua Viscondessa Do Livramento, 141 - Paissandu;Rua Viscondessa Do Livramento;2;2;2711.54;573490.64;211.5;-8.060633;-34.8989
Paissandu;Rua Viscondessa Do Livramento, 261 - Paissandu;Rua Viscondessa Do Livramento;2;0;3290.95;256694.0;78.0;-8.061474;-34.899585
Paissandu;Rua Dona Benvinda, 252 - Paissandu;Rua Dona Benvinda;1;0;2860.3;568456.82;198.74;-8.061095;-34.895429
Paissandu;Rua Dona Benvinda, 266 - Paissandu;Rua Dona Benvinda;1;0;3732.95;595778.22;159.6;-8.0612;-34.895502
Paissandu;Rua Dona Benvinda, 419 - Paissandu;Rua Dona Benvinda;1;0;6989.45;1514823.17;216.73;-8.062243;-34.896627
Paissandu;Rua Doutor Joao Asfora, 170 - Paissandu;Rua Doutor Joao Asfora;1;0;22882.96;4208862.83;183.93;-8.063514;-34.896403
Paissandu;Rua Doutor Joao Asfora, 70 - Paissandu;Rua Doutor Joao Asfora;1;0;5411.52;1554838.45;287.32;-8.063365;-34.895606
Paissandu;Rua Doutor Joao Asfora, 82 - Paissandu;Rua Doutor Joao Asfora;1;0;4531.11;1778912.95;392.6;-8.063356;-34.895727
Paissandu;Rua Paissandu, 257 - Paissandu;Rua Paissandu;1;0;10100.17;4421651.96;437.78;-8.061146;-34.895674
Paissandu;Rua Pintor Manoel Bandeira, 26 - Paissandu;Rua Pintor Manoel Bandeira;1;0;4338.65;828291.07;190.91;-8.061214;-34.899196
Paissandu;Rua Viscondessa Do Livramento, 155 - Paissandu;Rua Viscondessa Do Livramento;1;0;6200.22;1275571.48;205.73;-8.060717;-34.899026
Paissandu;Rua Viscondessa Do Livramento, 273 - Paissandu;Rua Viscondessa Do Livramento;1;0;3213.94;225618.28;70.2;-8.061537;-34.89967
Parnamirim;Rua Tito Rosas, 92 - Parnamirim;Rua Tito Rosas;36;11;12174.43;2367577.13;193.87;-8.033928;-34.907609
Parnamirim;Rua Muniz Tavares, 115 - Parnamirim;Rua Muniz Tavares;33;28;13602.85;4114999.19;302.51;-8.034819;-34.90637
Parnamirim;Rua Muniz Tavares, 55 - Parnamirim;Rua Muniz Tavares;26;10;7761.46;1096876.46;141.13;-8.035119;-34.906778
Parnamirim;Rua Engenheiro Clovis Castro, 210 - Parnamirim;Rua Engenheiro Clovis Castro;20;10;8191.89;501462.54;61.22;-8.030583;-34.910584
Parnamirim;Rua Tito Rosas, 152 - Parnamirim;Rua Tito Rosas;20;11;6104.47;1098134.07;178.24;-8.034416;-34.907879
Parnamirim;Rua Engenheiro Clovis Castro, 153 - Parnamirim;Rua Engenheiro Clovis Castro;17;4;9930.9;414856.38;41.91;-8.030777;-34.910425
Parnamirim;Rua Ferreira Lopes, 313 - Parnamirim;Rua Ferreira Lopes;14;7;6917.34;828351.14;119.75;-8.031102;-34.911713
Parnamirim;Rua Ferreira Lopes, 401 - Parnamirim;Rua Ferreira Lopes;13;4;6765.44;1424118.45;220.81;-8.031746;-34.912127
Parnamirim;Rua Muniz Tavares, 25 - Parnamirim;Rua Muniz Tavares;12;4;8387.61;1005003.44;119.82;-8.035476;-34.906812
Parnamirim;Rua Tito Rosas, 113 - Parnamirim;Rua Tito Rosas;12;2;6229.51;1361397.13;218.54;-8.034621;-34.907272
Parnamirim;Avenida Parnamirim, 375 - Parnamirim;Avenida Parnamirim;11;8;6299.73;292275.37;47.13;-8.034216;-34.90983
Parnamirim;Rua Tito Rosas, 60 - Parnamirim;Rua Tito Rosas;11;7;5029.79;552762.19;109.89;-8.034709;-34.907532
Parnamirim;Avenida Flor De Santana, 357 - Parnamirim;Avenida Flor De Santana;10;10;8537.28;435858.14;51.51;-8.034307;-34.913421
Parnamirim;Avenida Flor De Santana, 276 - Parnamirim;Avenida Flor De Santana;9;0;10341.71;1143508.37;110.58;-8.034307;-34.913421
Parnamirim;Avenida Flor De Santana, 317 - Parnamirim;Avenida Flor De Santana;9;3;6418.57;620996.29;96.75;-8.034307;-34.913421
Parnamirim;Rua Muniz Tavares, 81 - Parnamirim;Rua Muniz Tavares;9;4;7091.81;1364238.63;192.6;-8.035001;-34.906538
Parnamirim;Rua Condado, 50 - Parnamirim;Rua Condado;8;2;10675.02;539494.45;52.02;-8.033723;-34.908552
Parnamirim;Avenida Parnamirim, 222 - Parnamirim;Avenida Parnamirim;7;6;4466.65;289438.88;64.8;-8.034481;-34.908271
Parnamirim;Rua Da Estrela, 203 - Parnamirim;Rua Da Estrela;7;3;8223.8;900486.2;109.35;-8.030353;-34.910415
Parnamirim;Rua Mizael Montenegro, 72 - Parnamirim;Rua Mizael Montenegro;7;4;5000.43;471640.63;94.32;-8.032457;-34.908513
Parnamirim;Rua Muniz Tavares, 147 - Parnamirim;Rua Muniz Tavares;7;2;6419.39;1003200.5;165.99;-8.034688;-34.906131
Parnamirim;Rua Virginia Loreto, 126 - Parnamirim;Rua Virginia Loreto;7;3;5397.92;595013.05;110.23;-8.035461;-34.910669
Parnamirim;Rua Virginia Loreto, 203 - Parnamirim;Rua Virginia Loreto;6;5;5214.28;956193.58;183.38;-8.035604;-34.909855
Parnamirim;Rua Abraham Lincoln, 141 - Parnamirim;Rua Abraham Lincoln;5;0;4758.9;607759.17;127.71;-8.031031;-34.91113
Parnamirim;Rua Da Estrela, 105 - Parnamirim;Rua Da Estrela;5;3;6614.08;1909286.0;288.67;-8.030889;-34.909692
Parnamirim;Rua Da Estrela, 25 - Parnamirim;Rua Da Estrela;5;1;5804.5;2169642.69;367.92;-8.031196;-34.909136
Parnamirim;Rua Engenheiro Clovis Castro, 250 - Parnamirim;Rua Engenheiro Clovis Castro;5;5;5838.62;1363084.92;233.46;-8.030295;-34.91087
Parnamirim;Rua Leonardo Bezerra Cavalcanti, 240 - Parnamirim;Rua Leonardo Bezerra Cavalcanti;5;4;8593.16;3313868.32;385.47;-8.036244;-34.90908
Parnamirim;Avenida Parnamirim, 327 - Parnamirim;Avenida Parnamirim;4;1;5733.37;862999.22;150.54;-8.034464;-34.9095
Parnamirim;Rua Condado, 65 - Parnamirim;Rua Condado;4;4;3731.25;1601714.14;429.27;-8.033794;-34.908748
Parnamirim;Rua Doutor Virgilio Mota, 73 - Parnamirim;Rua Doutor Virgilio Mota;4;2;6630.26;351205.05;52.97;-8.03232;-34.914393
Parnamirim;Rua Ferreira Lopes, 223 - Parnamirim;Rua Ferreira Lopes;4;2;5867.06;1264878.94;215.59;-8.030536;-34.91116
Parnamirim;Rua Muniz Tavares, 49 - Parnamirim;Rua Muniz Tavares;4;4;23554.32;5406422.65;229.53;-8.035008;-34.906551
Parnamirim;Rua Muniz Tavares, 71 - Parnamirim;Rua Muniz Tavares;4;4;28706.41;4634076.56;161.43;-8.035008;-34.906551
Parnamirim;Avenida Parnamirim, 134 - Parnamirim;Avenida Parnamirim;3;3;3379.58;6715214.58;1987.0;-8.034925;-34.907672
Parnamirim;Rua Condado, 66 - Parnamirim;Rua Condado;3;3;5833.67;1120940.28;192.15;-8.033501;-34.908507
Parnamirim;Rua Do Marques, 177 - Parnamirim;Rua Do Marques;3;0;3995.37;632335.77;153.48;-8.033744;-34.913751
Parnamirim;Rua Mizael Montenegro, 55 - Parnamirim;Rua Mizael Montenegro;3;0;6026.96;815738.35;134.9;-8.032304;-34.909066
Parnamirim;Avenida Flor De Santana, 342 - Parnamirim;Avenida Flor De Santana;2;0;4820.77;854770.84;177.31;-8.034307;-34.913421
Parnamirim;Rua Do Marques, 75 - Parnamirim;Rua Do Marques;2;2;3892.31;715795.58;183.9;-8.032924;-34.9132
Parnamirim;Avenida Parnamirim, 278 - Parnamirim;Avenida Parnamirim;1;0;4589.1;363456.98;79.2;-8.034113;-34.908765
Parnamirim;Rua Albino Meira, 81 - Parnamirim;Rua Albino Meira;1;1;7630.87;1039171.26;136.18;-8.032079;-34.90835
Parnamirim;Rua Condado, 77 - Parnamirim;Rua Condado;1;1;4324.84;2168172.01;501.33;-8.033723;-34.908841
Parnamirim;Rua Da Estrela, 77 - Parnamirim;Rua Da Estrela;1;1;6252.65;990044.03;158.34;-8.03103;-34.909486
Parnamirim;Rua Desembargador Gois Cavalcante, 303 - Parnamirim;Rua Desembargador Gois Cavalcante;1;0;5848.54;378985.18;64.8;-8.032003;-34.909157
Parnamirim;Rua Do Marques, 133 - Parnamirim;Rua Do Marques;1;0;3937.26;1991545.77;505.82;-8.033327;-34.913447
Parnamirim;Rua Do Marques, 43 - Parnamirim;Rua Do Marques;1;0;5055.69;828122.68;163.8;-8.03272;-34.913033
Parnamirim;Rua Do Marques, 50 - Parnamirim;Rua Do Marques;1;0;4723.26;2103031.94;445.25;-8.033242;-34.913407
Parnamirim;Rua Ferreira Lopes, 249 - Parnamirim;Rua Ferreira Lopes;1;1;7860.11;1975246.66;251.3;-8.030719;-34.911406
Parnamirim;Rua Joao Da Silva Teles, 95 - Parnamirim;Rua Joao Da Silva Teles;1;0;5652.35;659233.16;116.63;-8.033451;-34.911727
Parnamirim;Rua Major Joaquim Cavalcanti, 15 - Parnamirim;Rua Major Joaquim Cavalcanti;1;0;3603.46;2254831.88;625.74;-8.033642;-34.909667
Parnamirim;Rua Mizael Montenegro, 71 - Parnamirim;Rua Mizael Montenegro;1;0;4410.42;807812.29;183.16;-8.032304;-34.909066
Parnamirim;Rua Professor Andrade Bezerra, 120 - Parnamirim;Rua Professor Andrade Bezerra;1;0;5712.24;919670.66;161.0;-8.033467;-34.912613
Parnamirim;Rua Professor Andrade Bezerra, 148 - Parnamirim;Rua Professor Andrade Bezerra;1;0;2389.2;1135445.35;475.24;-8.03368;-34.912764
Parnamirim;Rua Professor Andrade Bezerra, 157 - Parnamirim;Rua Professor Andrade Bezerra;1;0;7734.48;1981574.86;256.2;-8.033361;-34.912535
Parnamirim;Rua Professor Andrade Bezerra, 179 - Parnamirim;Rua Professor Andrade Bezerra;1;0;10848.99;1345274.21;124.0;-8.033361;-34.912535
Parnamirim;Rua Professor Andrade Bezerra, 191 - Parnamirim;Rua Professor Andrade Bezerra;1;0;4045.83;1029461.3;254.45;-8.033361;-34.912535
Parnamirim;Rua Professor Andrade Bezerra, 52 - Parnamirim;Rua Professor Andrade Bezerra;1;0;4258.46;1123808.13;263.9;-8.032935;-34.912228
Parnamirim;Rua Tito Rosas, 83 - Parnamirim;Rua Tito Rosas;1;0;6690.61;1403221.57;209.73;-8.034302;-34.907166
Parnamirim;Rua Tito Rosas, 90 - Parnamirim;Rua Tito Rosas;1;0;2539.54;2285459.27;899.95;-8.033928;-34.907609
Parnamirim;Rua Virginia Loreto, 173 - Parnamirim;Rua Virginia Loreto;1;0;8815.67;1081506.36;122.68;-8.035373;-34.910226
Parnamirim;Rua Virginia Loreto, 187 - Parnamirim;Rua Virginia Loreto;1;0;4020.32;689323.96;171.46;-8.035458;-34.910101
Passarinho;4Tr Pereira Barreto, 80 - Passarinho;4Tr Pereira Barreto;3;0;4493.47;216913.84;48.27;-8.0578;-34.8829
Passarinho;Rua Corrego Da Bica, 450 - Passarinho;Rua Corrego Da Bica;1;0;3450.72;241550.58;70.0;-8.0578;-34.8829
Passarinho;Rua Pereira Barreto, 2016 - Passarinho;Rua Pereira Barreto;1;0;1684.88;1197579.9;710.78;-8.0578;-34.8829
Passarinho;Rua Pereira Barreto, 310 - Passarinho;Rua Pereira Barreto;1;0;2073.53;132187.47;63.75;-8.0578;-34.8829
Pina;Avenida Republica Do Libano, 251 - Pina;Avenida Republica Do Libano;591;316;7208.46;536894.25;82.21;-8.085739;-34.894199
Pina;Avenida Boa Viagem, 420 - Pina;Avenida Boa Viagem;310;220;11507.18;644494.2;56.02;-8.095212;-34.883499
Pina;Avenida Republica Do Libano, 540 - Pina;Avenida Republica Do Libano;104;84;7168.73;329355.79;46.52;-8.085741;-34.894196
Pina;Rua Marques De Alegrete, 99 - Pina;Rua Marques De Alegrete;63;35;9088.62;672600.59;74.0;-8.086588;-34.889982
Pina;Rua Tome Gibson, 146 - Pina;Rua Tome Gibson;62;34;11646.92;648186.14;55.65;-8.098975;-34.885543
Pina;Avenida Boa Viagem, 826 - Pina;Avenida Boa Viagem;61;37;18551.27;3464178.58;187.78;-8.098775;-34.884458
Pina;Rua Pereira Da Costa, 81 - Pina;Rua Pereira Da Costa;47;18;13848.42;1936540.0;139.83;-8.0959;-34.883842
Pina;Rua Alcides Carneiro Leal, 71 - Pina;Rua Alcides Carneiro Leal;46;24;7053.26;274886.19;43.77;-8.096356;-34.884022
Pina;Rua Atlantico, 69 - Pina;Rua Atlantico;43;21;9335.77;422535.99;46.18;-8.098242;-34.884436
Pina;Rua Capitao Rebelinho, 592 - Pina;Rua Capitao Rebelinho;43;27;11973.82;1518935.72;126.91;-8.096074;-34.884463
Pina;Avenida Boa Viagem, 848 - Pina;Avenida Boa Viagem;33;23;11766.69;524585.6;44.6;-8.099026;-34.884415
Pina;Rua Capitao Rebelinho, 720 - Pina;Rua Capitao Rebelinho;32;21;10281.87;342902.97;33.35;-8.097144;-34.88478
Pina;Avenida Engenheiro Domingos Ferreira, 890 - Pina;Avenida Engenheiro Domingos Ferreira;31;26;7246.43;273602.25;37.51;-8.097489;-34.886563
Pina;Rua Arquiteto Augusto Reinaldo, 98 - Pina;Rua Arquiteto Augusto Reinaldo;30;30;3789.33;317811.5;83.87;-8.084945;-34.888256
Pina;Rua Capitao Rebelinho, 600 - Pina;Rua Capitao Rebelinho;30;18;11946.24;1458399.94;122.08;-8.091784;-34.883122
Pina;Rua Atlantico, 86 - Pina;Rua Atlantico;29;11;8890.71;858820.36;96.63;-8.097661;-34.884369
Pina;Rua Capitao Rebelinho, 679 - Pina;Rua Capitao Rebelinho;26;17;10766.17;1274715.04;118.4;-8.097139;-34.884237
Pina;Rua Jose Rodrigues, 85 - Pina;Rua Jose Rodrigues;23;0;2552.95;90650.75;35.51;-8.094189;-34.890588
Pina;Avenida Boa Viagem, 634 - Pina;Avenida Boa Viagem;21;20;17250.83;4606661.78;267.04;-8.097288;-34.883797
Pina;Avenida Boa Viagem, 158 - Pina;Avenida Boa Viagem;14;11;7097.3;147481.87;20.78;-8.092958;-34.882858
Pina;Avenida Boa Viagem, 462 - Pina;Avenida Boa Viagem;14;9;15312.0;2883138.42;188.34;-8.095676;-34.883334
Pina;Rua Vicencia, 94 - Pina;Rua Vicencia;14;10;9105.57;428454.0;47.14;-8.096566;-34.884148
Pina;Rua Marques De Alegrete, 59 - Pina;Rua Marques De Alegrete;13;3;7918.37;596172.83;75.29;-8.086343;-34.890244
Pina;Rua Nogueira De Souza, 326 - Pina;Rua Nogueira De Souza;13;4;8149.81;785232.85;96.35;-8.086893;-34.889399
Pina;Avenida Antonio De Goes, 275 - Pina;Avenida Antonio De Goes;12;9;5363.28;192564.59;79.85;-8.088702;-34.884067
Pina;Rua Arquiteto Augusto Reinaldo, 193 - Pina;Rua Arquiteto Augusto Reinaldo;11;7;4395.07;371253.46;84.48;-8.085944;-34.888765
Pina;Rua Nogueira De Souza, 305 - Pina;Rua Nogueira De Souza;11;4;4437.82;277904.35;59.57;-8.086645;-34.889087
Pina;Avenida Boa Viagem, 344 - Pina;Avenida Boa Viagem;10;6;10689.4;557147.94;52.49;-8.094584;-34.883414
Pina;Avenida Consul Joseph Noujaim, 165 - Pina;Avenida Consul Joseph Noujaim;9;4;5238.21;205276.89;39.18;-8.086398;-34.889041
Pina;Rua Pereira Da Costa, 41 - Pina;Rua Pereira Da Costa;9;3;7792.21;318423.96;42.8;-8.09595;-34.883412
Pina;Avenida Boa Viagem, 306 - Pina;Avenida Boa Viagem;8;2;10915.43;1634927.03;148.84;-8.094307;-34.88301
Pina;Avenida Boa Viagem, 440 - Pina;Avenida Boa Viagem;8;2;7680.06;500433.01;65.16;-8.095504;-34.883353
Pina;Rua Arquiteto Augusto Reinaldo, 58 - Pina;Rua Arquiteto Augusto Reinaldo;8;2;4311.86;195599.08;44.8;-8.084741;-34.888038
Pina;Rua Estudante Jeremias Bastos, 284 - Pina;Rua Estudante Jeremias Bastos;8;3;6670.31;467175.19;70.02;-8.091657;-34.884215
Pina;Avenida Boa Viagem, 882 - Pina;Avenida Boa Viagem;7;5;22556.15;5280158.25;231.17;-8.114029;-34.891954
Pina;Avenida Conselheiro Aguiar, 65 - Pina;Avenida Conselheiro Aguiar;7;4;7126.99;287624.84;40.76;-8.091069;-34.883406
Pina;Rua Cacilda Iolanda Porciuncula, 235 - Pina;Rua Cacilda Iolanda Porciuncula;7;5;10354.61;2704210.96;261.16;-8.084357;-34.886042
Pina;Avenida Boa Viagem, 110 - Pina;Avenida Boa Viagem;5;3;15535.64;3454505.57;222.36;-8.092536;-34.882699
Pina;Avenida Boa Viagem, 178 - Pina;Avenida Boa Viagem;5;4;15705.84;3014422.1;191.93;-8.093118;-34.882952
Pina;Rua Nogueira De Souza, 234 - Pina;Rua Nogueira De Souza;5;4;5382.19;447047.22;82.9;-8.08625;-34.888901
Pina;Avenida Boa Viagem, 130 - Pina;Avenida Boa Viagem;4;2;13224.65;834008.27;63.12;-8.092778;-34.883026
Pina;Avenida Engenheiro Domingos Ferreira, 636 - Pina;Avenida Engenheiro Domingos Ferreira;4;1;4437.06;226805.44;51.77;-8.095644;-34.886215
Pina;Rua Barao De Santo Angelo, 55 - Pina;Rua Barao De Santo Angelo;4;1;5753.29;473495.68;82.3;-8.087045;-34.890551
Pina;Rua Manoel De Brito, 462 - Pina;Rua Manoel De Brito;4;4;5633.18;2073912.79;368.16;-8.087728;-34.889312
Pina;Rua Tome Gibson, 315 - Pina;Rua Tome Gibson;4;2;5656.88;193950.65;34.8;-8.098757;-34.88703
Pina;Rua Vicencia, 120 - Pina;Rua Vicencia;4;0;11074.63;1120410.5;101.17;-8.096566;-34.884148
Pina;Avenida Consul Joseph Noujaim, 356 - Pina;Avenida Consul Joseph Noujaim;3;1;3699.73;178955.34;48.44;-8.088056;-34.888197
Pina;Rua Arquiteto Augusto Reinaldo, 115 - Pina;Rua Arquiteto Augusto Reinaldo;3;2;4609.53;184381.28;40.0;-8.085325;-34.888109
Pina;Rua Jose Rodrigues, 115 - Pina;Rua Jose Rodrigues;3;0;2542.8;90650.75;35.65;-8.094189;-34.890588
Pina;Rua Marques De Alegrete, 137 - Pina;Rua Marques De Alegrete;3;2;8875.86;550782.8;62.1;-8.086869;-34.889768
Pina;Avenida Antonio De Goes, 62 - Pina;Avenida Antonio De Goes;2;0;6160.98;10067844.94;1526.8;-8.084603;-34.888382
Pina;Avenida Republica Do Libano, 511 - Pina;Avenida Republica Do Libano;2;0;14119.72;2585021.0;223.38;-8.087347;-34.890983
Pina;Rua Alexandrino Martins Rodrigues, 218 - Pina;Rua Alexandrino Martins Rodrigues;2;2;6516.8;3734648.2;573.08;-8.099708;-34.889079
Pina;Rua Arquiteto Augusto Reinaldo, 80 - Pina;Rua Arquiteto Augusto Reinaldo;2;2;2028.36;129814.8;64.0;-8.084842;-34.888147
Pina;Rua Capitao Rebelinho, 300 - Pina;Rua Capitao Rebelinho;2;0;11338.49;467985.66;44.17;-8.093543;-34.883701
Pina;Rua Capitao Rebelinho, 677 - Pina;Rua Capitao Rebelinho;2;2;6347.03;614709.6;96.85;-8.096944;-34.88427
Pina;Rua Estudante Jeremias Bastos, 182 - Pina;Rua Estudante Jeremias Bastos;2;2;10157.82;3011285.22;296.45;-8.091657;-34.884215
Pina;Rua Pereira Da Costa, 307 - Pina;Rua Pereira Da Costa;2;2;6488.22;239804.65;36.96;-8.09595;-34.883412
Pina;Rua Tome Gibson, 308 - Pina;Rua Tome Gibson;2;2;8439.48;1452942.19;172.16;-8.098395;-34.886902
Pina;Rua Tome Gibson, 483 - Pina;Rua Tome Gibson;2;2;3938.0;282551.74;71.75;-8.097967;-34.888774
Pina;Avenida Antonio De Goes, 222 - Pina;Avenida Antonio De Goes;1;1;4570.72;1679737.97;367.5;-8.088394;-34.883483
Pina;Avenida Antonio De Goes, 570 - Pina;Avenida Antonio De Goes;1;0;3972.13;323331.33;81.4;-8.086633;-34.885135
Pina;Avenida Antonio De Goes, 604 - Pina;Avenida Antonio De Goes;1;0;13689.63;7782281.33;568.48;-8.086311;-34.885486
Pina;Avenida Antonio De Goes, 617 - Pina;Avenida Antonio De Goes;1;0;4701.19;2565063.99;545.62;-8.086748;-34.885827
Pina;Avenida Conselheiro Aguiar, 196 - Pina;Avenida Conselheiro Aguiar;1;0;43619.44;7809189.17;179.03;-8.092159;-34.884044
Pina;Avenida Consul Joseph Noujaim, 146 - Pina;Avenida Consul Joseph Noujaim;1;0;11381.95;895304.46;78.66;-8.086586;-34.889618
Pina;Avenida Engenheiro Domingos Ferreira, 266 - Pina;Avenida Engenheiro Domingos Ferreira;1;0;13780.16;2583779.49;187.5;-8.09258;-34.88542
Pina;Avenida Herculano Bandeira, 55 - Pina;Avenida Herculano Bandeira;1;1;12197.92;2426532.14;198.93;-8.091731;-34.882803
Pina;Rua Adonis De Souza, 14 - Pina;Rua Adonis De Souza;1;0;2445.51;381500.03;156.0;-8.088162;-34.894305
Pina;Rua Adonis De Souza, 18 - Pina;Rua Adonis De Souza;1;0;3857.85;689089.77;178.62;-8.088278;-34.893412
Pina;Rua Adonis De Souza, 28 - Pina;Rua Adonis De Souza;1;0;3053.23;565306.25;185.15;-8.088354;-34.892755
Pina;Rua Adonis De Souza, 31 - Pina;Rua Adonis De Souza;1;0;3769.38;401627.05;106.55;-8.088388;-34.894074
Pina;Rua Adonis De Souza, 45 - Pina;Rua Adonis De Souza;1;0;4141.96;580371.0;140.12;-8.088552;-34.892659
Pina;Rua Adonis De Souza, 46 - Pina;Rua Adonis De Souza;1;0;3385.45;298529.23;88.18;-8.088545;-34.892722
Pina;Rua Alcides Zloccowick, 150 - Pina;Rua Alcides Zloccowick;1;0;3889.82;279988.95;71.98;-8.088188;-34.895903
Pina;Rua Alexandrino Martins Rodrigues, 160 - Pina;Rua Alexandrino Martins Rodrigues;1;0;4547.31;2069662.25;455.14;-8.100763;-34.88856
Pina;Rua Alexandrino Martins Rodrigues, 186 - Pina;Rua Alexandrino Martins Rodrigues;1;0;5157.86;832633.15;161.43;-8.100245;-34.888607
Pina;Rua Antonio Pedro De Figueiredo, 175 - Pina;Rua Antonio Pedro De Figueiredo;1;0;12826.05;1906720.63;148.66;-8.099332;-34.888918
Pina;Rua Capitao Rebelinho, 440 - Pina;Rua Capitao Rebelinho;1;1;8816.24;1630121.94;184.9;-8.094861;-34.884066
Pina;Rua Capitao Rebelinho, 534 - Pina;Rua Capitao Rebelinho;1;1;8044.0;1061968.55;132.02;-8.095735;-34.884391
Pina;Rua Capitao Rebelinho, 68 - Pina;Rua Capitao Rebelinho;1;0;6617.04;1352389.92;204.38;-8.091557;-34.883482
Pina;Rua Capitao Rebelinho, 750 - Pina;Rua Capitao Rebelinho;1;0;18060.05;1625404.1;90.0;-8.094478;-34.883856
Pina;Rua Capitao Rebelinho, 96 - Pina;Rua Capitao Rebelinho;1;0;8183.5;523416.83;63.96;-8.091763;-34.883405
Pina;Rua Carneiro Pessoa, 126 - Pina;Rua Carneiro Pessoa;1;0;7221.33;1445998.9;200.24;-8.090506;-34.888494
Pina;Rua Estudante Jeremias Bastos, 119 - Pina;Rua Estudante Jeremias Bastos;1;0;10513.76;1563395.86;148.7;-8.091167;-34.884145
Pina;Rua Estudante Jeremias Bastos, 194 - Pina;Rua Estudante Jeremias Bastos;1;0;43386.65;1874303.27;43.2;-8.091657;-34.884215
Pina;Rua Joaquim Carneiro Da Silva, 155 - Pina;Rua Joaquim Carneiro Da Silva;1;0;5635.7;2665349.06;472.94;-8.098886;-34.888323
Pina;Rua Manoel Coriolano, 410 - Pina;Rua Manoel Coriolano;1;0;4738.46;227446.05;48.0;-8.090506;-34.888494
Pina;Rua Manoel Coriolano, 412 - Pina;Rua Manoel Coriolano;1;0;6476.27;1098246.48;169.58;-8.090506;-34.888494
Pina;Rua Manoel De Brito, 203 - Pina;Rua Manoel De Brito;1;0;0.0;1.68;1589.12;-8.087098;-34.88772
Pina;Rua Manoel De Brito, 311 - Pina;Rua Manoel De Brito;1;0;0.0;1.68;776.01;-8.087127;-34.887976
Pina;Rua Ondina, 141 - Pina;Rua Ondina;1;0;9937.85;1976637.46;198.9;-8.094015;-34.883948
Pina;Rua Ondina, 213 - Pina;Rua Ondina;1;0;6351.83;1030966.28;162.31;-8.093867;-34.884586
Pina;Rua Ondina, 75 - Pina;Rua Ondina;1;1;10577.53;312883.29;29.58;-8.094192;-34.883354
Pina;Rua Padre Oliveira Rolim, 26 - Pina;Rua Padre Oliveira Rolim;1;0;4355.33;235318.39;54.03;-8.087759;-34.894713
Pina;Rua Pereira Da Costa, 230 - Pina;Rua Pereira Da Costa;1;0;1931.15;316939.71;164.12;-8.095248;-34.885068
Pina;Rua Souto Filho, 35 - Pina;Rua Souto Filho;1;0;5687.29;528861.38;92.99;-8.093426;-34.882906
Pina;Rua Tome Gibson, 230 - Pina;Rua Tome Gibson;1;0;2410.43;220506.25;91.48;-8.098711;-34.886268
Pina;Rua Tome Gibson, 296 - Pina;Rua Tome Gibson;1;0;4637.81;1601714.45;345.36;-8.098473;-34.886746
Pina;Rua Tome Gibson, 368 - Pina;Rua Tome Gibson;1;0;3289.93;857124.92;260.53;-8.098186;-34.887348
Pina;Rua Tome Gibson, 379 - Pina;Rua Tome Gibson;1;0;5110.3;1149818.07;225.0;-8.098385;-34.887847
Pina;Rua Tome Gibson, 455 - Pina;Rua Tome Gibson;1;0;5230.54;1432487.14;273.87;-8.098135;-34.888403
Pina;Rua Tome Gibson, 456 - Pina;Rua Tome Gibson;1;0;0.01;1.55;275.82;-8.097783;-34.88828
Poco;Rua Do Chacon, 274 - Poco;Rua Do Chacon;91;24;3227.23;162588.01;50.38;-8.039999;-34.919765
Poco;Rua Piaui, 20 - Poco;Rua Piaui;43;14;8349.61;1090208.34;130.57;-8.029583;-34.924143
Poco;Rua Piaui, 183 - Poco;Rua Piaui;30;16;8226.04;731653.69;88.96;-8.029583;-34.924143
Poco;Rua Tito Livio Soares, 315 - Poco;Rua Tito Livio Soares;21;9;9309.7;916557.13;98.49;-8.038339;-34.922347
Poco;Rua Guilherme Salazar, 150 - Poco;Rua Guilherme Salazar;14;13;8905.74;1314309.02;147.58;-8.038735;-34.921421
Poco;Rua Marechal Rondon, 323 - Poco;Rua Marechal Rondon;14;10;6970.53;503410.88;72.23;-8.030043;-34.921954
Poco;Rua Alfredo Coutinho, 74 - Poco;Rua Alfredo Coutinho;12;12;6664.22;277623.61;42.58;-8.0303;-34.922247
Poco;Rua Marechal Rondon, 305 - Poco;Rua Marechal Rondon;9;2;6846.26;525510.54;76.78;-8.030276;-34.922057
Poco;Rua Luiz Guimaraes, 411 - Poco;Rua Luiz Guimaraes;8;2;8096.21;876981.46;108.32;-8.032439;-34.926031
Poco;Rua Tapacura, 75 - Poco;Rua Tapacura;7;3;8979.1;1357549.94;151.19;-8.032206;-34.926576
Poco;Rua Piaui, 67 - Poco;Rua Piaui;6;0;7885.09;1737822.77;220.48;-8.029845;-34.923634
Poco;Avenida Dezessete De Agosto, 1077 - Poco;Avenida Dezessete De Agosto;5;0;4441.03;1093737.16;246.28;-8.038293;-34.918847
Poco;Rua Piaui, 53 - Poco;Rua Piaui;5;5;7917.5;2868353.21;362.28;-8.029477;-34.924852
Poco;Avenida Dezessete De Agosto, 1117 - Poco;Avenida Dezessete De Agosto;4;4;3383.28;935712.38;276.57;-8.038182;-34.919072
Poco;Rua Coronel Romeu Sobreira, 117 - Poco;Rua Coronel Romeu Sobreira;4;0;4683.36;758315.08;164.19;-8.035163;-34.922558
Poco;Rua Marques De Tamandare, 138 - Poco;Rua Marques De Tamandare;4;0;2921.69;707253.34;242.07;-8.032209;-34.924413
Poco;Rua Guerra De Holanda, 158 - Poco;Rua Guerra De Holanda;3;1;8007.97;2132203.13;266.26;-8.029156;-34.923938
Poco;Rua Guilherme Salazar, 151 - Poco;Rua Guilherme Salazar;3;2;5517.61;817158.49;148.1;-8.038595;-34.921814
Poco;Rua Professor Edgar Altino, 145 - Poco;Rua Professor Edgar Altino;3;3;3821.5;1543620.11;403.93;-8.037169;-34.921331
Poco;Avenida Dezessete De Agosto, 1133 - Poco;Avenida Dezessete De Agosto;2;2;2476.45;684092.63;276.24;-8.037898;-34.919081
Poco;Praça Professor Doutor Antonio Figueira, 300 - Poco;Praça Professor Doutor Antonio Figueira;2;2;6868.64;1279627.36;186.3;-8.035298;-34.923034
Poco;Rua Do Chacon, 278 - Poco;Rua Do Chacon;2;2;83.13;113898.45;1370.07;-8.039999;-34.919765
Poco;Rua Do Chacon, 297 - Poco;Rua Do Chacon;2;2;17702.11;4574402.86;258.41;-8.0401;-34.919686
Poco;Rua Do Chacon, 335 - Poco;Rua Do Chacon;2;2;3816.85;1895716.41;496.67;-8.040388;-34.919919
Poco;Rua Joao Cauas, 51 - Poco;Rua Joao Cauas;2;2;8791.4;309193.41;35.17;-8.033848;-34.923526
Poco;Rua Joao Teobaldo De Azevedo, 117 - Poco;Rua Joao Teobaldo De Azevedo;2;1;6199.07;799918.55;129.83;-8.035247;-34.92198
Poco;Rua Joaquim Xavier De Andrade, 85 - Poco;Rua Joaquim Xavier De Andrade;2;2;4969.24;1426171.26;287.0;-8.039191;-34.921591
Poco;Rua Piaui, 151 - Poco;Rua Piaui;2;2;5730.22;2039957.31;356.0;-8.029488;-34.924653
Poco;Rua Piaui, 50 - Poco;Rua Piaui;2;2;5865.7;2544014.06;433.71;-8.029428;-34.923572
Poco;Rua Silveira Lobo, 131 - Poco;Rua Silveira Lobo;2;0;3766.3;303638.79;80.62;-8.030449;-34.923375
Poco;Avenida Dezessete De Agosto, 1209 - Poco;Avenida Dezessete De Agosto;1;0;6354.7;2573653.25;405.0;-8.03745;-34.919683
Poco;Avenida Dezessete De Agosto, 1255 - Poco;Avenida Dezessete De Agosto;1;1;4026.98;1136212.31;282.15;-8.037168;-34.919827
Poco;Rua Alfredo Coutinho, 285 - Poco;Rua Alfredo Coutinho;1;0;4401.45;2093460.64;475.63;-8.030349;-34.922276
Poco;Rua Alfredo Coutinho, 37 - Poco;Rua Alfredo Coutinho;1;0;3013.99;1150138.42;381.6;-8.03069;-34.92242
Poco;Rua Alfredo Coutinho, 55 - Poco;Rua Alfredo Coutinho;1;0;4574.92;996462.85;217.81;-8.030597;-34.922482
Poco;Rua Bianor De Medeiros, 65 - Poco;Rua Bianor De Medeiros;1;0;8678.0;1426228.71;164.35;-8.030921;-34.923142
Poco;Rua Capitao Reginaldo Carneiro Da Cunha, 38 - Poco;Rua Capitao Reginaldo Carneiro Da Cunha;1;0;5944.38;1028021.94;172.94;-8.037343;-34.920436
Poco;Rua Do Chacon, 183 - Poco;Rua Do Chacon;1;0;4484.17;2016618.79;449.72;-8.03902;-34.919615
Poco;Rua Do Chacon, 184 - Poco;Rua Do Chacon;1;0;9867.84;9909779.19;1004.25;-8.039999;-34.919765
Poco;Rua Dona Olegarinha, 288 - Poco;Rua Dona Olegarinha;1;0;5849.31;3498237.73;598.06;-8.040337;-34.919727
Poco;Rua Joaquim Xavier De Andrade, 136 - Poco;Rua Joaquim Xavier De Andrade;1;0;27869.77;11576268.31;415.37;-8.039114;-34.922163
Poco;Rua Joaquim Xavier De Andrade, 151 - Poco;Rua Joaquim Xavier De Andrade;1;0;7729.59;1545917.91;200.0;-8.039191;-34.921591
Poco;Rua Joaquim Xavier De Andrade, 32 - Poco;Rua Joaquim Xavier De Andrade;1;0;6089.66;1552254.4;254.9;-8.039268;-34.92102
Poco;Rua Luiz Guimaraes, 183 - Poco;Rua Luiz Guimaraes;1;0;8727.49;2656474.67;304.38;-8.034706;-34.925526
Poco;Rua Marechal Rondon, 65 - Poco;Rua Marechal Rondon;1;0;4625.07;1618866.88;350.02;-8.031649;-34.923341
Poco;Rua Piaui, 36 - Poco;Rua Piaui;1;0;5752.23;2537881.9;441.2;-8.02954;-34.923316
Poco;Rua Silveira Lobo, 123 - Poco;Rua Silveira Lobo;1;0;4978.9;1120401.27;225.03;-8.030517;-34.923481
Poco;Rua Silveira Lobo, 141 - Poco;Rua Silveira Lobo;1;0;5333.78;950000.0;178.11;-8.03037;-34.923263
Poco;Rua Silveira Lobo, 201 - Poco;Rua Silveira Lobo;1;0;4939.19;1800334.54;364.5;-8.030089;-34.922859
Poco;Rua Silveira Lobo, 21 - Poco;Rua Silveira Lobo;1;1;9520.1;1101475.87;115.7;-8.03098;-34.924153
Poco;Rua Soares De Azevedo, 135 - Poco;Rua Soares De Azevedo;1;0;4858.56;1228244.74;252.8;-8.034907;-34.922888
Poco;Rua Soares De Azevedo, 149 - Poco;Rua Soares De Azevedo;1;0;3364.89;944693.02;280.75;-8.035005;-34.922942
Poco;Rua Soares De Azevedo, 188 - Poco;Rua Soares De Azevedo;1;0;5222.9;1260808.04;241.4;-8.035179;-34.923425
Poco;Rua Soares De Azevedo, 83 - Poco;Rua Soares De Azevedo;1;0;6080.3;655274.4;107.77;-8.034291;-34.922407
Poco;Rua Tapacura, 68 - Poco;Rua Tapacura;1;0;5160.53;963006.0;186.61;-8.031625;-34.926264
Poco;Rua Tito Livio Soares, 345 - Poco;Rua Tito Livio Soares;1;0;8090.34;1830601.83;226.27;-8.038256;-34.922399
Ponto De Parada;Rua Monte Azul, 38 - Ponto De Parada;Rua Monte Azul;23;4;6612.25;476615.45;72.09;-8.028908;-34.893536
Ponto De Parada;Rua Jose Alexandre Cacador, 138 - Ponto De Parada;Rua Jose Alexandre Cacador;20;7;7380.77;492413.6;66.7;-8.030998;-34.89467
Ponto De Parada;Avenida Beberibe Santa Cruz Futebol Clube, 1021 - Ponto De Parada;Avenida Beberibe Santa Cruz Futebol Clube;2;1;0.02;1.82;205.35;-8.012544;-34.890034
Ponto De Parada;Rua Mem De Sa, 107 - Ponto De Parada;Rua Mem De Sa;1;0;1950.99;565493.02;289.85;-8.029772;-34.891546
Porto Da Madeira;Avenida Beberibe Santa Cruz Futebol Clube, 3785 - Porto Da Madeira;Avenida Beberibe Santa Cruz Futebol Clube;19;3;996.2;39030.99;39.18;-8.012544;-34.890034
Porto Da Madeira;Rua Dona Virtuosa De Lucena, 126 - Porto Da Madeira;Rua Dona Virtuosa De Lucena;2;1;2153.2;118856.46;55.2;-8.004739;-34.892024
Porto Da Madeira;Avenida Beberibe Santa Cruz Futebol Clube, 3530 - Porto Da Madeira;Avenida Beberibe Santa Cruz Futebol Clube;1;0;2998.65;208886.05;69.66;-8.006921;-34.888587
Porto Da Madeira;Avenida Beberibe Santa Cruz Futebol Clube, 3790 - Porto Da Madeira;Avenida Beberibe Santa Cruz Futebol Clube;1;0;6282.84;887765.71;141.3;-8.012544;-34.890034
Porto Da Madeira;Rua Conselheiro Barros Barreto, 76 - Porto Da Madeira;Rua Conselheiro Barros Barreto;1;0;6642.24;352038.81;53.0;-8.007867;-34.890705
Prado;Rua Japecanga, 125 - Prado;Rua Japecanga;30;8;6354.2;747953.55;117.71;-8.059172;-34.910409
Prado;Rua Pandia Calogeras, 115 - Prado;Rua Pandia Calogeras;18;11;6959.37;498433.87;71.62;-8.060575;-34.911214
Prado;Rua Felix Cavalcante Albuquerque, 107 - Prado;Rua Felix Cavalcante Albuquerque;15;8;6006.41;415627.9;69.54;-8.057427;-34.913436
Prado;Rua Japecanga, 54 - Prado;Rua Japecanga;15;3;7061.59;683703.61;96.82;-8.058898;-34.911189
Prado;Rua Manoel De Arruda Camara, 120 - Prado;Rua Manoel De Arruda Camara;12;7;3956.72;381235.13;96.38;-8.059925;-34.911461
Prado;Rua Pandia Calogeras, 250 - Prado;Rua Pandia Calogeras;10;2;4495.81;564359.32;125.53;-8.0612;-34.910332
Prado;Rua Pandia Calogeras, 91 - Prado;Rua Pandia Calogeras;10;0;5953.55;408999.14;68.7;-8.060211;-34.911601
Prado;Rua Mariz Vilela, 25 - Prado;Rua Mariz Vilela;9;6;7534.95;495511.66;65.73;-8.058619;-34.911838
Prado;Rua Pinto Junior, 160 - Prado;Rua Pinto Junior;8;4;5036.42;223514.37;44.46;-8.063416;-34.911378
Prado;Rua Felix Cavalcante Albuquerque, 74 - Prado;Rua Felix Cavalcante Albuquerque;7;4;3367.64;249475.11;74.08;-8.057819;-34.913124
Prado;Rua Rodrigues De Mendonca, 31 - Prado;Rua Rodrigues De Mendonca;6;2;4060.32;457822.38;112.59;-8.06043;-34.910825
Prado;Rua Felix Cavalcante Albuquerque, 146 - Prado;Rua Felix Cavalcante Albuquerque;4;4;2575.36;191606.24;74.4;-8.057129;-34.912989
Prado;Rua Olivedos, 20 - Prado;Rua Olivedos;3;2;4118.3;200931.91;48.79;-8.057494;-34.918958
Prado;Rua Rodrigues De Mendonca, 93 - Prado;Rua Rodrigues De Mendonca;3;3;4089.9;584446.17;142.9;-8.061408;-34.911137
Prado;Rua Desembargador Adolfo Ciriaco, 120 - Prado;Rua Desembargador Adolfo Ciriaco;2;0;3152.73;366512.69;116.14;-8.057328;-34.912387
Prado;Rua Desembargador Adolfo Ciriaco, 169 - Prado;Rua Desembargador Adolfo Ciriaco;2;0;4528.56;394793.38;86.87;-8.057124;-34.912702
Prado;Rua Diniz Barreto, 100 - Prado;Rua Diniz Barreto;2;0;4473.06;289854.14;64.8;-8.062306;-34.912216
Prado;Rua Felix Cavalcante Albuquerque, 98 - Prado;Rua Felix Cavalcante Albuquerque;2;2;3961.91;268498.92;67.77;-8.057556;-34.913074
Prado;Rua Leopolis, 160 - Prado;Rua Leopolis;2;2;3134.38;683608.63;218.1;-8.060184;-34.921051
Prado;Rua Pandia Calogeras, 201 - Prado;Rua Pandia Calogeras;2;2;2877.77;637771.48;221.62;-8.060571;-34.910652
Prado;Rua Pinto Junior, 313 - Prado;Rua Pinto Junior;2;0;3648.62;306848.29;84.1;-8.063266;-34.910401
Prado;Rua Pinto Junior, 77 - Prado;Rua Pinto Junior;2;2;5862.58;3165789.6;540.0;-8.063155;-34.909999
Prado;Rua Poa, 60 - Prado;Rua Poa;2;2;2588.15;962923.87;372.05;-8.063224;-34.914577
Prado;Rua Potyra, 269 - Prado;Rua Potyra;2;2;3606.69;314503.02;87.2;-8.063712;-34.916255
Prado;Rua Potyra, 310 - Prado;Rua Potyra;2;2;1151.43;467020.0;405.6;-8.063852;-34.916938
Prado;Rua Aurilancia, 66 - Prado;Rua Aurilancia;1;1;3269.11;994135.4;304.1;-8.06345;-34.917258
Prado;Rua Desembargador Adolfo Ciriaco, 140 - Prado;Rua Desembargador Adolfo Ciriaco;1;0;3218.46;433236.86;134.61;-8.057169;-34.912357
Prado;Rua Desembargador Adolfo Ciriaco, 46 - Prado;Rua Desembargador Adolfo Ciriaco;1;0;2309.26;829025.95;359.0;-8.058222;-34.912544
Prado;Rua Desembargador Adolfo Ciriaco, 63 - Prado;Rua Desembargador Adolfo Ciriaco;1;0;2405.32;675436.69;280.81;-8.057965;-34.912876
Prado;Rua Diniz Barreto, 130 - Prado;Rua Diniz Barreto;1;0;3634.63;200631.34;55.2;-8.062324;-34.912097
Prado;Rua Felix Cavalcante Albuquerque, 134 - Prado;Rua Felix Cavalcante Albuquerque;1;0;3619.83;269315.24;74.4;-8.057238;-34.913009
Prado;Rua Felix Cavalcante Albuquerque, 52 - Prado;Rua Felix Cavalcante Albuquerque;1;0;199.51;83902.4;420.55;-8.058097;-34.913177
Prado;Rua Hercules Florence, 46 - Prado;Rua Hercules Florence;1;0;4083.45;812607.08;199.0;-8.062958;-34.913741
Prado;Rua Itapecerica, 85 - Prado;Rua Itapecerica;1;0;2188.26;521351.95;238.25;-8.057868;-34.911821
Prado;Rua Japecanga, 159 - Prado;Rua Japecanga;1;0;3395.06;1423105.68;419.17;-8.059429;-34.910187
Prado;Rua Japecanga, 182 - Prado;Rua Japecanga;1;0;7108.95;2163680.56;304.36;-8.059745;-34.910377
Prado;Rua Japecanga, 185 - Prado;Rua Japecanga;1;0;3389.17;677834.42;200.0;-8.059664;-34.910027
Prado;Rua Leopolis, 140 - Prado;Rua Leopolis;1;0;2888.99;154445.24;53.46;-8.060247;-34.920853
Prado;Rua Leopolis, 31 - Prado;Rua Leopolis;1;0;1104.48;343426.89;310.94;-8.060719;-34.920355
Prado;Rua Leopolis, 47 - Prado;Rua Leopolis;1;0;2555.07;343426.89;134.41;-8.060688;-34.920457
Prado;Rua Leopolis, 80 - Prado;Rua Leopolis;1;0;5019.18;552109.62;110.0;-8.060404;-34.920753
Prado;Rua Manicore, 196 - Prado;Rua Manicore;1;0;542.97;127054.03;234.0;-8.055947;-34.916151
Prado;Rua Manoel De Arruda Camara, 202 - Prado;Rua Manoel De Arruda Camara;1;1;2245.17;209429.15;93.28;-8.06029;-34.910669
Prado;Rua Manoel De Arruda Camara, 77 - Prado;Rua Manoel De Arruda Camara;1;0;5170.95;1214500.1;234.87;-8.059391;-34.911285
Prado;Rua Manoel Pessoa De Luna Filho, 83 - Prado;Rua Manoel Pessoa De Luna Filho;1;0;3698.87;905334.33;244.76;-8.057475;-34.923682
Prado;Rua Pinto Junior, 115 - Prado;Rua Pinto Junior;1;0;3385.84;390962.64;115.47;-8.062929;-34.912009
Prado;Rua Pinto Junior, 190 - Prado;Rua Pinto Junior;1;0;4550.38;558786.36;122.8;-8.063497;-34.911054
Prado;Rua Pinto Junior, 203 - Prado;Rua Pinto Junior;1;0;5606.51;547195.15;97.6;-8.063457;-34.911219
Prado;Rua Pinto Junior, 223 - Prado;Rua Pinto Junior;1;0;4618.09;1526832.5;330.62;-8.063038;-34.911157
Prado;Rua Poa, 53 - Prado;Rua Poa;1;0;2015.14;499755.93;248.0;-8.063468;-34.914743
Prado;Rua Potyra, 284 - Prado;Rua Potyra;1;0;1989.15;173453.76;87.2;-8.063676;-34.916768
Prado;Rua Potyra, 333 - Prado;Rua Potyra;1;0;2791.2;520364.0;186.43;-8.064251;-34.916798
Prado;Rua Potyra, 343 - Prado;Rua Potyra;1;0;2670.12;704671.91;263.91;-8.064319;-34.916894
Prado;Rua Ricardo Salazar, 54 - Prado;Rua Ricardo Salazar;1;0;7296.56;1578975.83;216.4;-8.058514;-34.910634
Prado;Rua Ricardo Salazar, 72 - Prado;Rua Ricardo Salazar;1;0;4103.13;1122124.71;273.48;-8.058608;-34.910556
Prado;Rua Ricardo Salazar, 83 - Prado;Rua Ricardo Salazar;1;0;9037.05;5532484.63;612.2;-8.057516;-34.910969
Prado;Rua Rodrigues De Mendonca, 45 - Prado;Rua Rodrigues De Mendonca;1;0;5491.65;397320.55;72.35;-8.060902;-34.910987
Prado;Rua Ulisses Pernambucano, 156 - Prado;Rua Ulisses Pernambucano;1;1;2045.55;331071.56;161.85;-8.056843;-34.913605
Prado;Rua Ulisses Pernambucano, 51 - Prado;Rua Ulisses Pernambucano;1;1;3220.25;647109.41;200.95;-8.057744;-34.914162
Prado;Rua Ulisses Pernambucano, 91 - Prado;Rua Ulisses Pernambucano;1;0;1241.99;383042.97;308.41;-8.057355;-34.914082
Prado;Rua Virginio Campello, 13 - Prado;Rua Virginio Campello;1;0;696.23;90864.72;130.51;-8.057416;-34.915637
Prado;Rua Xavier Sobrinho, 330 - Prado;Rua Xavier Sobrinho;1;0;5242.94;563300.97;107.44;-8.059495;-34.921372
Recife;Rua De Sao Jorge, 215 - Recife;Rua De Sao Jorge;13;5;5678.3;230419.99;38.87;-8.058834;-34.870642
Recife;Avenida Marques De Olinda, 58 - Recife;Avenida Marques De Olinda;10;10;4439.61;385100.35;89.7;-8.063153;-34.871979
Recife;Rua Vigario Tenorio, 105 - Recife;Rua Vigario Tenorio;6;2;1752.94;44951.83;25.02;-8.06402;-34.872445
Recife;Rua Da Guia, 81 - Recife;Rua Da Guia;3;3;11452.85;3167858.4;276.6;-8.062008;-34.872398
Recife;Rua De Sao Jorge, 240 - Recife;Rua De Sao Jorge;3;2;5714.63;330135.98;57.34;-8.059012;-34.870156
Recife;Rua Do Brum, 703 - Recife;Rua Do Brum;2;2;2366.05;6996146.46;2956.89;-8.054056;-34.871445
Recife;Rua Do Brum, 77 - Recife;Rua Do Brum;2;2;1516.58;1816667.62;1197.87;-8.059751;-34.872212
Recife;Rua Vigario Tenorio, 155 - Recife;Rua Vigario Tenorio;2;2;5212.72;1657644.46;318.0;-8.0641;-34.872838
Recife;Rua Vigario Tenorio, 205 - Recife;Rua Vigario Tenorio;2;2;3993.08;830560.51;208.0;-8.064129;-34.873353
Recife;Rua Vigario Tenorio, 43 - Recife;Rua Vigario Tenorio;2;2;27976.86;2406010.21;86.0;-8.063871;-34.87185
Recife;Avenida Marques De Olinda, 85 - Recife;Avenida Marques De Olinda;1;0;13988.22;4177720.98;298.66;-8.063584;-34.87221
Recife;Avenida Rio Branco, 50 - Recife;Avenida Rio Branco;1;0;1771.09;2954662.87;1668.27;-8.062678;-34.871864
Recife;Rua Da Guia, 117 - Recife;Rua Da Guia;1;0;3875.87;814281.0;210.09;-8.061749;-34.872127
Recife;Rua Da Guia, 121 - Recife;Rua Da Guia;1;0;3305.87;1002173.97;303.15;-8.061716;-34.872108
Recife;Rua Da Guia, 127 - Recife;Rua Da Guia;1;0;2445.48;726308.94;297.0;-8.06167;-34.872094
Recife;Rua Da Guia, 211 - Recife;Rua Da Guia;1;0;0.01;1.51;254.32;-8.06101;-34.871702
Recife;Rua Da Guia, 217 - Recife;Rua Da Guia;1;0;10504.41;1431751.59;136.3;-8.060938;-34.871754
Recife;Rua Da Guia, 223 - Recife;Rua Da Guia;1;0;6903.83;531318.78;76.96;-8.060932;-34.871673
Recife;Rua Da Guia, 227 - Recife;Rua Da Guia;1;0;6885.66;515597.98;74.88;-8.060896;-34.871658
Recife;Rua Da Guia, 231 - Recife;Rua Da Guia;1;0;6543.71;408982.07;62.5;-8.060859;-34.87164
Recife;Rua Do Brum, 186 - Recife;Rua Do Brum;1;0;3944.43;1318150.33;334.18;-8.05891;-34.871462
Recife;Rua Do Brum, 196 - Recife;Rua Do Brum;1;0;4098.04;2293096.83;559.56;-8.058828;-34.871483
Recife;Rua Do Brum, 69 - Recife;Rua Do Brum;1;0;1397.97;1416146.31;1013.0;-8.059825;-34.872214
Recife;Rua Tomazina, 113 - Recife;Rua Tomazina;1;0;0.01;1.79;199.5;-8.06437;-34.873183
Recife;Rua Tomazina, 121 - Recife;Rua Tomazina;1;0;5072.69;936418.5;184.6;-8.064366;-34.87326
Recife;Rua Vigario Tenorio, 149 - Recife;Rua Vigario Tenorio;1;0;3523.8;468665.84;133.0;-8.064094;-34.872782
Recife;Rua Vigario Tenorio, 55 - Recife;Rua Vigario Tenorio;1;0;2178.41;2104344.03;966.0;-8.063891;-34.871956
Rosarinho;Rua Engenheiro Sampaio, 59 - Rosarinho;Rua Engenheiro Sampaio;82;35;10964.2;1254503.13;114.47;-8.0341;-34.897511
Rosarinho;Rua Engenheiro Sampaio, 110 - Rosarinho;Rua Engenheiro Sampaio;43;28;6009.25;735532.73;122.4;-8.033835;-34.897546
Rosarinho;Rua Engenheiro Sampaio, 218 - Rosarinho;Rua Engenheiro Sampaio;34;18;7997.44;960559.98;120.09;-8.033582;-34.898096
Rosarinho;Rua Hipolito Braga, 163 - Rosarinho;Rua Hipolito Braga;33;20;7529.25;763616.98;101.42;-8.031617;-34.896281
Rosarinho;Avenida Santos Dumont, 1470 - Rosarinho;Avenida Santos Dumont;32;12;7304.43;501054.6;68.34;-8.02928;-34.894801
Rosarinho;Rua Engenheiro Sampaio, 68 - Rosarinho;Rua Engenheiro Sampaio;30;14;10130.93;479635.7;47.35;-8.033695;-34.897214
Rosarinho;Rua Salvador De Sa, 400 - Rosarinho;Rua Salvador De Sa;30;6;7056.83;496227.99;70.35;-8.031276;-34.896565
Rosarinho;Rua Andre Reboucas, 95 - Rosarinho;Rua Andre Reboucas;21;0;7019.56;589885.35;84.13;-8.033295;-34.8971
Rosarinho;Rua Caio Pereira, 225 - Rosarinho;Rua Caio Pereira;18;9;8591.95;991948.6;115.5;-8.034439;-34.897576
Rosarinho;Rua Engenheiro Sampaio, 255 - Rosarinho;Rua Engenheiro Sampaio;16;2;6692.62;471498.09;70.66;-8.033781;-34.899086
Rosarinho;Rua Salvador De Sa, 470 - Rosarinho;Rua Salvador De Sa;14;7;8384.81;492488.93;58.69;-8.031014;-34.896519
Rosarinho;Rua Caio Pereira, 175 - Rosarinho;Rua Caio Pereira;12;4;7400.42;955246.28;129.08;-8.034401;-34.898153
Rosarinho;Rua Andre Reboucas, 45 - Rosarinho;Rua Andre Reboucas;11;10;8167.95;1151190.63;140.94;-8.033397;-34.896962
Rosarinho;Rua Hipolito Braga, 181 - Rosarinho;Rua Hipolito Braga;11;6;8764.4;1200740.78;137.0;-8.031781;-34.895947
Rosarinho;Rua Teles Junior, 350 - Rosarinho;Rua Teles Junior;11;8;7379.86;940711.22;127.47;-8.036472;-34.898531
Rosarinho;Avenida Santos Dumont, 725 - Rosarinho;Avenida Santos Dumont;10;7;9365.67;1276634.25;136.31;-8.034973;-34.897451
Rosarinho;Avenida Santos Dumont, 815 - Rosarinho;Avenida Santos Dumont;9;4;7554.93;761687.82;100.82;-8.034253;-34.897062
Rosarinho;Rua Doutor Jose Maria, 900 - Rosarinho;Rua Doutor Jose Maria;8;2;8695.64;1011997.93;116.38;-8.034982;-34.899327
Rosarinho;Rua Couto Magalhaes, 559 - Rosarinho;Rua Couto Magalhaes;7;5;7007.26;470257.42;67.11;-8.030617;-34.89732
Rosarinho;Rua Hipolito Braga, 100 - Rosarinho;Rua Hipolito Braga;7;5;8447.45;1442366.58;170.74;-8.032167;-34.896885
Rosarinho;Rua Salvador De Sa, 467 - Rosarinho;Rua Salvador De Sa;7;7;3044.03;971043.95;319.0;-8.03147;-34.897069
Rosarinho;Avenida Santos Dumont, 1491 - Rosarinho;Avenida Santos Dumont;6;4;5631.92;590562.79;104.86;-8.034269;-34.896993
Rosarinho;Rua Salvador De Sa, 509 - Rosarinho;Rua Salvador De Sa;6;0;7298.11;268868.91;36.82;-8.03147;-34.897358
Rosarinho;Rua Engenheiro Nestor Moreira Reis, 185 - Rosarinho;Rua Engenheiro Nestor Moreira Reis;4;3;8235.38;817642.46;99.28;-8.030701;-34.895884
Rosarinho;Rua Hipolito Braga, 145 - Rosarinho;Rua Hipolito Braga;3;0;7714.22;854350.64;110.75;-8.03176;-34.896551
Rosarinho;Rua Regueira Costa, 265 - Rosarinho;Rua Regueira Costa;3;1;6200.45;332170.35;53.55;-8.032985;-34.898666
Rosarinho;Avenida Santos Dumont, 565 - Rosarinho;Avenida Santos Dumont;2;2;3415.53;701345.02;205.34;-8.036165;-34.897999
Rosarinho;Rua Engenheiro Sampaio, 120 - Rosarinho;Rua Engenheiro Sampaio;2;2;7001.96;1473212.31;210.4;-8.033615;-34.897747
Rosarinho;Rua Salvador De Sa, 420 - Rosarinho;Rua Salvador De Sa;2;2;3655.13;1182179.53;323.43;-8.031047;-34.896008
Rosarinho;Rua Salvador De Sa, 466 - Rosarinho;Rua Salvador De Sa;2;2;2621.44;1800688.8;686.91;-8.031016;-34.896353
Rosarinho;Rua Salvador De Sa, 515 - Rosarinho;Rua Salvador De Sa;2;0;4114.49;378533.42;92.0;-8.03143;-34.897557
Rosarinho;Rua Salvador De Sa, 520 - Rosarinho;Rua Salvador De Sa;2;2;5837.1;478409.28;81.96;-8.031014;-34.896847
Rosarinho;Avenida Santos Dumont, 545 - Rosarinho;Avenida Santos Dumont;1;0;4037.85;1000700.0;247.83;-8.036226;-34.898046
Rosarinho;Rua Doutor Jose Maria, 980 - Rosarinho;Rua Doutor Jose Maria;1;0;7026.38;983481.82;139.97;-8.034897;-34.899869
Rosarinho;Rua Engenheiro Sampaio, 102 - Rosarinho;Rua Engenheiro Sampaio;1;1;10403.15;1620811.15;155.8;-8.033635;-34.897586
Rosarinho;Rua Hipolito Braga, 174 - Rosarinho;Rua Hipolito Braga;1;0;6985.24;397320.55;56.88;-8.03221;-34.89639
Rosarinho;Rua Salvador De Sa, 427 - Rosarinho;Rua Salvador De Sa;1;0;4032.55;1237668.89;306.92;-8.031459;-34.896075
Rosarinho;Rua Teles Junior, 324 - Rosarinho;Rua Teles Junior;1;0;3422.03;987667.39;288.62;-8.036678;-34.898329
San Martin;Rua Doutor Jose Ramos De Vasconcelos, 48 - San Martin;Rua Doutor Jose Ramos De Vasconcelos;71;4;8029.47;231769.62;28.87;-8.068032;-34.92669
San Martin;Rua Ourem, 175 - San Martin;Rua Ourem;14;7;5991.9;383841.24;64.06;-8.067788;-34.925345
San Martin;Rua Maues, 66 - San Martin;Rua Maues;11;6;4531.22;156995.58;34.65;-8.066777;-34.926546
San Martin;Rua Itapemirim, 346 - San Martin;Rua Itapemirim;7;6;3650.95;214858.17;58.85;-8.066048;-34.924143
San Martin;Rua Arsenio Calaca, 451 - San Martin;Rua Arsenio Calaca;3;3;3300.73;240953.4;73.0;-8.068095;-34.930313
San Martin;Rua Itaquari, 102 - San Martin;Rua Itaquari;3;0;4442.13;304019.39;68.44;-8.068032;-34.92669
San Martin;Avenida General San Martin, 2001 - San Martin;Avenida General San Martin;2;2;1989.21;447571.97;225.0;-8.068987;-34.928088
San Martin;Rua Arsenio Calaca, 2067 - San Martin;Rua Arsenio Calaca;2;2;3667.39;371873.39;101.4;-8.071609;-34.931279
San Martin;Rua Comendador Franco Ferreira, 1739 - San Martin;Rua Comendador Franco Ferreira;2;2;3834.58;520544.54;135.75;-8.067519;-34.927277
San Martin;Rua Coronel Mizael De Mendonca, 151 - San Martin;Rua Coronel Mizael De Mendonca;2;2;2407.68;544111.19;225.99;-8.069497;-34.935448
San Martin;Rua Coronel Mizael De Mendonca, 46 - San Martin;Rua Coronel Mizael De Mendonca;2;2;2896.79;490513.3;169.33;-8.069497;-34.935448
San Martin;Rua Isaac Markman, 557 - San Martin;Rua Isaac Markman;2;0;6920.5;322356.92;46.58;-8.06393;-34.923089
San Martin;Rua Itapemirim, 22 - San Martin;Rua Itapemirim;2;2;4038.16;274594.69;68.0;-8.06397;-34.922977
San Martin;Rua Mineirolandia, 262 - San Martin;Rua Mineirolandia;2;2;4792.38;396569.02;82.75;-8.074604;-34.928835
San Martin;Rua Mineirolandia, 491 - San Martin;Rua Mineirolandia;2;0;3006.11;218273.86;72.61;-8.074604;-34.928835
San Martin;Rua Vereador Sergio Xavier, 103 - San Martin;Rua Vereador Sergio Xavier;2;2;3123.52;246602.42;78.95;-8.068032;-34.92669
San Martin;Rua Visconde Parnaiba, 392 - San Martin;Rua Visconde Parnaiba;2;2;6858.12;469644.33;68.48;-8.068135;-34.930174
San Martin;Avenida Engenheiro Abdias De Carvalho, 1867 - San Martin;Avenida Engenheiro Abdias De Carvalho;1;1;27000.91;1012534.02;37.5;-8.06215;-34.915394
San Martin;Avenida General San Martin, 2019 - San Martin;Avenida General San Martin;1;1;3120.77;702172.59;225.0;-8.069048;-34.928104
San Martin;Rua Arsenio Calaca, 205 - San Martin;Rua Arsenio Calaca;1;0;2417.57;254884.32;105.43;-8.065969;-34.92971
San Martin;Rua Arsenio Calaca, 2072 - San Martin;Rua Arsenio Calaca;1;0;3880.46;372524.24;96.0;-8.072053;-34.93159
San Martin;Rua Arsenio Calaca, 2174 - San Martin;Rua Arsenio Calaca;1;0;6479.13;220290.41;34.0;-8.074149;-34.931913
San Martin;Rua Arsenio Calaca, 235 - San Martin;Rua Arsenio Calaca;1;0;7654.89;534311.48;69.8;-8.06624;-34.929787
San Martin;Rua Arsenio Calaca, 255 - San Martin;Rua Arsenio Calaca;1;0;3481.43;365550.59;105.0;-8.066415;-34.929836
San Martin;Rua Arsenio Calaca, 65 - San Martin;Rua Arsenio Calaca;1;0;1530.12;228691.08;149.46;-8.064934;-34.92942
San Martin;Rua Arsenio Calaca, 795 - San Martin;Rua Arsenio Calaca;1;0;3734.26;284251.84;76.12;-8.071421;-34.931244
San Martin;Rua Bonifacio De Andrade, 157 - San Martin;Rua Bonifacio De Andrade;1;0;4105.82;292744.96;71.3;-8.068032;-34.92669
San Martin;Rua Comendador Franco Ferreira, 15 - San Martin;Rua Comendador Franco Ferreira;1;0;4677.9;356736.78;76.26;-8.065685;-34.926802
San Martin;Rua Dom Expedito Moura, 133 - San Martin;Rua Dom Expedito Moura;1;0;2876.31;305176.56;106.1;-8.070439;-34.932165
San Martin;Rua Estudante Antonio Farias Filho, 104 - San Martin;Rua Estudante Antonio Farias Filho;1;0;2563.36;358869.82;140.0;-8.068032;-34.92669
San Martin;Rua Estudante Antonio Farias Filho, 144 - San Martin;Rua Estudante Antonio Farias Filho;1;0;4267.15;454323.58;106.47;-8.068032;-34.92669
San Martin;Rua Estudante Antonio Farias Filho, 181 - San Martin;Rua Estudante Antonio Farias Filho;1;0;3429.21;317819.06;92.68;-8.068032;-34.92669
San Martin;Rua Estudante Antonio Farias Filho, 32 - San Martin;Rua Estudante Antonio Farias Filho;1;0;3353.57;373923.02;111.5;-8.068032;-34.92669
San Martin;Rua Estudante Antonio Farias Filho, 51 - San Martin;Rua Estudante Antonio Farias Filho;1;0;5161.44;640172.88;124.03;-8.068032;-34.92669
San Martin;Rua Estudante Antonio Farias Filho, 81 - San Martin;Rua Estudante Antonio Farias Filho;1;0;2319.47;322638.13;139.1;-8.068032;-34.92669
San Martin;Rua Flora Rica, 134 - San Martin;Rua Flora Rica;1;0;7649.72;290689.31;38.0;-8.074071;-34.930016
San Martin;Rua Flora Rica, 327 - San Martin;Rua Flora Rica;1;0;2210.84;344271.61;155.72;-8.07375;-34.931653
San Martin;Rua Isaac Markman, 567 - San Martin;Rua Isaac Markman;1;0;3917.57;187729.97;47.92;-8.06389;-34.923195
San Martin;Rua Itaporanga, 324 - San Martin;Rua Itaporanga;1;1;4450.35;267021.05;60.0;-8.068134;-34.928979
San Martin;Rua Itaporanga, 330 - San Martin;Rua Itaporanga;1;0;2909.51;262030.7;90.06;-8.068186;-34.92899
San Martin;Rua Itaporanga, 337 - San Martin;Rua Itaporanga;1;0;1492.08;279391.86;187.25;-8.068376;-34.928794
San Martin;Rua Itaporanga, 364 - San Martin;Rua Itaporanga;1;0;2685.79;207423.6;77.23;-8.068549;-34.92909
San Martin;Rua Itaporanga, 379 - San Martin;Rua Itaporanga;1;0;2858.07;292665.93;102.4;-8.068744;-34.928898
San Martin;Rua Itaporanga, 385 - San Martin;Rua Itaporanga;1;0;3474.69;358691.89;103.23;-8.068799;-34.928909
San Martin;Rua Itaporanga, 476 - San Martin;Rua Itaporanga;1;0;3214.27;295712.6;92.0;-8.069553;-34.929379
San Martin;Rua Itapua, 52 - San Martin;Rua Itapua;1;0;3712.72;343426.89;92.5;-8.068032;-34.92669
San Martin;Rua Itaquari, 100 - San Martin;Rua Itaquari;1;0;2255.68;239192.13;106.04;-8.068032;-34.92669
San Martin;Rua Itaquari, 139 - San Martin;Rua Itaquari;1;0;4675.28;425964.89;91.11;-8.068032;-34.92669
San Martin;Rua Itaqui, 94 - San Martin;Rua Itaqui;1;0;6771.22;533030.6;78.72;-8.068032;-34.92669
San Martin;Rua Jose Veloso, 96 - San Martin;Rua Jose Veloso;1;0;3661.25;336542.16;91.92;-8.065938;-34.926539
San Martin;Rua Manoel Vieira, 250 - San Martin;Rua Manoel Vieira;1;0;2337.57;633152.96;270.86;-8.068032;-34.92669
San Martin;Rua Mineirolandia, 483 - San Martin;Rua Mineirolandia;1;0;2991.56;217217.38;72.61;-8.074604;-34.928835
San Martin;Rua Mineirolandia, 501 - San Martin;Rua Mineirolandia;1;0;2991.56;217217.38;72.61;-8.074604;-34.928835
San Martin;Rua Mineirolandia, 509 - San Martin;Rua Mineirolandia;1;0;3120.66;226591.4;72.61;-8.074604;-34.928835
San Martin;Rua Mossoro, 160 - San Martin;Rua Mossoro;1;1;4370.2;357176.32;81.73;-8.068908;-34.928892
San Martin;Rua Mossoro, 40 - San Martin;Rua Mossoro;1;0;2543.72;650455.0;255.71;-8.069315;-34.927809
San Martin;Rua Pinguim, 25 - San Martin;Rua Pinguim;1;0;2025.34;177339.09;87.56;-8.07455;-34.929339
San Martin;Rua Pinguim, 72 - San Martin;Rua Pinguim;1;0;3144.73;481143.72;153.0;-8.074962;-34.929536
San Martin;Rua Vereador Sergio Xavier, 246 - San Martin;Rua Vereador Sergio Xavier;1;0;3131.67;220000.0;70.25;-8.068032;-34.92669
San Martin;Rua Vereador Sergio Xavier, 315 - San Martin;Rua Vereador Sergio Xavier;1;0;2692.58;495219.34;183.92;-8.068032;-34.92669
San Martin;Rua Vereador Sergio Xavier, 93 - San Martin;Rua Vereador Sergio Xavier;1;0;1447.73;273737.12;189.08;-8.068032;-34.92669
San Martin;Rua Visconde Parnaiba, 240 - San Martin;Rua Visconde Parnaiba;1;0;4133.69;523572.88;126.66;-8.066915;-34.929827
San Martin;Rua Visconde Parnaiba, 313 - San Martin;Rua Visconde Parnaiba;1;0;3345.4;317812.88;95.0;-8.06753;-34.929757
San Martin;Rua Visconde Parnaiba, 379 - San Martin;Rua Visconde Parnaiba;1;0;3067.92;278199.35;90.68;-8.06802;-34.929896
San Martin;Rua Visconde Parnaiba, 409 - San Martin;Rua Visconde Parnaiba;1;0;2189.93;194027.95;88.6;-8.068227;-34.929957
San Martin;Rua Visconde Parnaiba, 429 - San Martin;Rua Visconde Parnaiba;1;0;1941.87;450805.17;232.15;-8.068364;-34.929996
San Martin;Rua Visconde Parnaiba, 519 - San Martin;Rua Visconde Parnaiba;1;0;2520.56;313759.36;124.48;-8.069095;-34.930202
Sancho;Rua Tarde Em Itapoa, 184 - Sancho;Rua Tarde Em Itapoa;1;0;5229.27;313756.02;60.0;-8.085328;-34.958904
Sancho;Rua Tarde Em Itapoa, 64 - Sancho;Rua Tarde Em Itapoa;1;0;3685.97;371545.29;100.8;-8.085328;-34.958904
Santana;Rua Sant Anna, 74 - Santana;Rua Sant Anna;33;7;4899.87;350095.82;71.45;-8.039239;-34.917958
Santana;Rua Agrestina, 44 - Santana;Rua Agrestina;25;14;6714.58;1102415.62;172.23;-8.037907;-34.914981
Santana;Rua Afonso De Albuquerque Melo, 420 - Santana;Rua Afonso De Albuquerque Melo;17;4;9525.0;1091088.44;114.55;-8.039657;-34.913905
Santana;Rua Nestor Silva, 351 - Santana;Rua Nestor Silva;8;2;11455.86;3979193.97;347.35;-8.039976;-34.912864
Santana;Rua Nestor Silva, 40 - Santana;Rua Nestor Silva;6;2;4825.44;431346.1;89.39;-8.037522;-34.914178
Santana;Rua Afonso De Albuquerque Melo, 60 - Santana;Rua Afonso De Albuquerque Melo;5;0;7624.75;1510309.56;198.08;-8.03963;-34.912349
Santana;Rua Agrestina, 90 - Santana;Rua Agrestina;5;2;3239.4;436153.54;134.64;-8.03826;-34.914961
Santana;Rua Nestor Silva, 70 - Santana;Rua Nestor Silva;4;2;6725.0;372297.59;55.36;-8.038032;-34.914107
Santana;Praça Jornalista Francisco Pessoa De Queiroz, 23 - Santana;Praça Jornalista Francisco Pessoa De Queiroz;2;2;7927.26;325700.33;41.32;-8.038491;-34.912829
Santana;Rua Sant Anna, 511 - Santana;Rua Sant Anna;2;2;4848.96;15051573.58;3104.08;-8.041289;-34.914381
Santana;Rua Sant Anna, 54 - Santana;Rua Sant Anna;2;2;7008.09;2174261.3;310.25;-8.038902;-34.917922
Santana;Rua Sant Anna, 587 - Santana;Rua Sant Anna;2;2;4737.31;1315124.26;277.61;-8.041962;-34.91415
Santana;Rua Agrestina, 223 - Santana;Rua Agrestina;1;1;4205.93;1145401.27;272.33;-8.039458;-34.914027
Santana;Rua Amaraji, 130 - Santana;Rua Amaraji;1;1;7355.86;1954231.39;265.67;-8.03907;-34.914704
Santana;Rua Dona Olegarinha, 145 - Santana;Rua Dona Olegarinha;1;0;1704.31;612291.31;359.26;-8.039569;-34.918611
Santana;Rua Dona Olegarinha, 283 - Santana;Rua Dona Olegarinha;1;0;5070.65;652085.95;128.6;-8.040601;-34.91924
Santana;Rua Dona Olegarinha, 87 - Santana;Rua Dona Olegarinha;1;0;3199.06;1106394.3;345.85;-8.039165;-34.918242
Santana;Rua Leopoldino Silva, 36 - Santana;Rua Leopoldino Silva;1;0;3610.67;288853.57;80.0;-8.041053;-34.914651
Santana;Rua Leopoldino Silva, 56 - Santana;Rua Leopoldino Silva;1;0;3346.02;270191.11;80.75;-8.041103;-34.914696
Santana;Rua Leopoldino Silva, 68 - Santana;Rua Leopoldino Silva;1;0;3302.73;188255.62;57.0;-8.041003;-34.914607
Santana;Rua Nestor Silva, 52 - Santana;Rua Nestor Silva;1;0;10573.48;1274421.59;120.53;-8.037795;-34.91408
Santana;Rua Sant Anna, 171 - Santana;Rua Sant Anna;1;1;6008.79;651713.1;108.46;-8.039234;-34.91668
Santana;Rua Sant Anna, 267 - Santana;Rua Sant Anna;1;0;2272.06;100152.59;44.08;-8.039846;-34.916051
Santana;Rua Sant Anna, 55 - Santana;Rua Sant Anna;1;0;4185.48;2875510.81;687.02;-8.038485;-34.917517
Santo Amaro;Avenida Governador Agamenon Magalhaes, 153 - Santo Amaro;Avenida Governador Agamenon Magalhaes;624;623;10095.86;4455935.24;701.1;-8.038057;-34.871782
Santo Amaro;Rua Dois De Julho, 251 - Santo Amaro;Rua Dois De Julho;272;104;8585.49;607879.48;70.3;-8.04464;-34.87695
Santo Amaro;Rua Da Aurora, 1541 - Santo Amaro;Rua Da Aurora;95;67;5536.19;1218756.51;219.2;-8.057413;-34.879206
Santo Amaro;Rua Dom Pedro Henrique, 248 - Santo Amaro;Rua Dom Pedro Henrique;77;57;7367.34;414170.9;56.92;-8.052028;-34.888657
Santo Amaro;Rua Da Aurora, 1301 - Santo Amaro;Rua Da Aurora;45;20;9559.07;1312676.38;137.32;-8.052874;-34.876856
Santo Amaro;Rua Do Principe, 144 - Santo Amaro;Rua Do Principe;42;0;8057.15;345834.82;42.93;-8.056654;-34.886154
Santo Amaro;Rua Pedro Afonso, 85 - Santo Amaro;Rua Pedro Afonso;42;3;7259.78;461480.65;63.6;-8.048749;-34.882276
Santo Amaro;Rua Aluisio De Azevedo, 200 - Santo Amaro;Rua Aluisio De Azevedo;23;4;4287.1;183987.75;42.92;-8.04593;-34.888965
Santo Amaro;Avenida Visconde De Suassuna, 338 - Santo Amaro;Avenida Visconde De Suassuna;18;5;3799.1;248909.94;65.89;-8.053066;-34.884714
Santo Amaro;Rua Arnobio Marques, 253 - Santo Amaro;Rua Arnobio Marques;17;14;5245.57;367343.59;70.01;-8.046157;-34.888268
Santo Amaro;Avenida Visconde De Suassuna, 775 - Santo Amaro;Avenida Visconde De Suassuna;15;8;5481.1;90032.54;16.51;-8.0513;-34.888508
Santo Amaro;Avenida Visconde De Suassuna, 923 - Santo Amaro;Avenida Visconde De Suassuna;15;8;4359.3;125193.34;29.11;-8.050469;-34.889759
Santo Amaro;Rua Da Aurora, 1071 - Santo Amaro;Rua Da Aurora;15;5;6229.26;352189.57;58.32;-8.054966;-34.877417
Santo Amaro;Avenida Governador Agamenon Magalhaes, -1 - Santo Amaro;Avenida Governador Agamenon Magalhaes;12;12;9591.0;1578621.04;177.51;-8.038057;-34.871782
Santo Amaro;Rua Da Aurora, 573 - Santo Amaro;Rua Da Aurora;8;4;4120.99;327604.92;84.53;-8.058864;-34.880008
Santo Amaro;Rua Doutor Carlos Chagas, 93 - Santo Amaro;Rua Doutor Carlos Chagas;8;4;7138.08;157097.68;22.38;-8.04802;-34.888714
Santo Amaro;Rua Mamede Simoes, 115 - Santo Amaro;Rua Mamede Simoes;8;0;4092.6;207728.22;53.19;-8.057894;-34.88022
Santo Amaro;Rua Dos Palmares, 165 - Santo Amaro;Rua Dos Palmares;7;4;5651.91;413883.9;73.13;-8.053413;-34.882885
Santo Amaro;Rua Dos Palmares, 79 - Santo Amaro;Rua Dos Palmares;7;6;3340.5;224782.1;67.29;-8.053804;-34.882409
Santo Amaro;Rua Conde D Eu, 25 - Santo Amaro;Rua Conde D Eu;6;3;7343.43;507651.44;69.13;-8.052154;-34.889777
Santo Amaro;Rua Da Aurora, 1295 - Santo Amaro;Rua Da Aurora;6;6;8196.77;1790010.91;218.38;-8.053193;-34.876535
Santo Amaro;Avenida Visconde De Suassuna, 540 - Santo Amaro;Avenida Visconde De Suassuna;5;0;4575.96;288865.83;62.88;-8.052206;-34.886348
Santo Amaro;Rua Arquimedes De Oliveira, 67 - Santo Amaro;Rua Arquimedes De Oliveira;5;5;3557.08;1108885.15;311.74;-8.051219;-34.886852
Santo Amaro;Rua Conde D Eu, 93 - Santo Amaro;Rua Conde D Eu;5;4;2922.01;270227.51;92.48;-8.052035;-34.889209
Santo Amaro;Avenida Governador Agamenon Magalhaes, 2778 - Santo Amaro;Avenida Governador Agamenon Magalhaes;4;4;4348.0;209399.56;48.16;-8.045617;-34.889794
Santo Amaro;Rua Do Sossego, 280 - Santo Amaro;Rua Do Sossego;4;0;3933.5;217459.06;54.3;-8.055884;-34.884744
Santo Amaro;Rua Dos Palmares, 150 - Santo Amaro;Rua Dos Palmares;4;0;3049.71;132930.96;45.32;-8.053719;-34.882514
Santo Amaro;Avenida Visconde De Suassuna, 865 - Santo Amaro;Avenida Visconde De Suassuna;3;0;3174.5;119391.43;37.69;-8.050923;-34.889144
Santo Amaro;Rua Adolfo Celso, 44 - Santo Amaro;Rua Adolfo Celso;3;3;3633.93;305068.72;83.95;-8.045911;-34.879582
Santo Amaro;Rua Aluisio De Azevedo, 111 - Santo Amaro;Rua Aluisio De Azevedo;3;3;2781.95;559534.38;201.13;-8.046776;-34.889307
Santo Amaro;Rua Da Uniao, 543 - Santo Amaro;Rua Da Uniao;3;2;4191.1;452638.43;108.0;-8.057365;-34.879892
Santo Amaro;Rua Joao Lira, 143 - Santo Amaro;Rua Joao Lira;3;2;3917.69;285240.32;73.22;-8.056834;-34.87979
Santo Amaro;Rua Tupinambas, 209 - Santo Amaro;Rua Tupinambas;3;3;3657.48;219449.06;60.0;-8.047879;-34.879935
Santo Amaro;Avenida Visconde De Suassuna, 747 - Santo Amaro;Avenida Visconde De Suassuna;2;2;2179.68;1336798.67;613.3;-8.051462;-34.88831
Santo Amaro;Rua Almirante Custodio De Melo, 120 - Santo Amaro;Rua Almirante Custodio De Melo;2;2;1418.66;297378.55;209.62;-8.046667;-34.884086
Santo Amaro;Rua Almirante Custodio De Melo, 122 - Santo Amaro;Rua Almirante Custodio De Melo;2;2;5087.82;288886.09;56.78;-8.046548;-34.884
Santo Amaro;Rua Almirante Custodio De Melo, 129 - Santo Amaro;Rua Almirante Custodio De Melo;2;2;4354.84;515743.86;118.43;-8.046653;-34.884356
Santo Amaro;Rua Arquimedes De Oliveira, 187 - Santo Amaro;Rua Arquimedes De Oliveira;2;2;3496.12;1125680.08;321.98;-8.050611;-34.887837
Santo Amaro;Rua Arquimedes De Oliveira, 196 - Santo Amaro;Rua Arquimedes De Oliveira;2;2;3521.91;461581.7;131.06;-8.050349;-34.887581
Santo Amaro;Rua Arquimedes De Oliveira, 204 - Santo Amaro;Rua Arquimedes De Oliveira;2;0;2729.68;208110.66;76.24;-8.050287;-34.88765
Santo Amaro;Rua Bernardo Guimaraes, 415 - Santo Amaro;Rua Bernardo Guimaraes;2;2;4493.74;626876.6;139.5;-8.054235;-34.888464
Santo Amaro;Rua Da Aurora, 555 - Santo Amaro;Rua Da Aurora;2;2;4306.69;4058283.74;942.32;-8.058997;-34.880092
Santo Amaro;Rua Da Aurora, 999 - Santo Amaro;Rua Da Aurora;2;0;4854.28;523874.49;107.92;-8.055483;-34.877727
Santo Amaro;Rua Da Fundicao, 20 - Santo Amaro;Rua Da Fundicao;2;2;4153.51;414187.74;99.72;-8.055393;-34.878877
Santo Amaro;Rua Da Uniao, 557 - Santo Amaro;Rua Da Uniao;2;0;1627.29;198449.22;124.04;-8.057365;-34.879689
Santo Amaro;Rua Da Uniao, 563 - Santo Amaro;Rua Da Uniao;2;1;3718.96;187435.9;50.4;-8.057289;-34.879642
Santo Amaro;Rua Do Sossego, 246 - Santo Amaro;Rua Do Sossego;2;0;4942.32;287390.86;70.4;-8.056164;-34.884928
Santo Amaro;Rua Do Sossego, 275 - Santo Amaro;Rua Do Sossego;2;2;3104.44;1328762.73;428.02;-8.055719;-34.885157
Santo Amaro;Rua Do Sossego, 330 - Santo Amaro;Rua Do Sossego;2;2;5230.51;823805.2;157.5;-8.055527;-34.88453
Santo Amaro;Rua Dois De Julho, 393 - Santo Amaro;Rua Dois De Julho;2;2;3473.36;1194835.22;344.0;-8.04464;-34.87695
Santo Amaro;Rua Dom Pedro Henrique, 75 - Santo Amaro;Rua Dom Pedro Henrique;2;2;2162.37;318538.97;147.31;-8.051886;-34.88832
Santo Amaro;Rua Doutor Carlos Chagas, 92 - Santo Amaro;Rua Doutor Carlos Chagas;2;2;6665.35;2737726.87;410.74;-8.047534;-34.888698
Santo Amaro;Rua Major Codeceira, 63 - Santo Amaro;Rua Major Codeceira;2;2;3232.28;684823.95;211.87;-8.048322;-34.889221
Santo Amaro;Rua Malaquias Da Rocha, 76 - Santo Amaro;Rua Malaquias Da Rocha;2;2;3953.86;407247.98;103.0;-8.054248;-34.882624
Santo Amaro;Rua Pedro Afonso, 338 - Santo Amaro;Rua Pedro Afonso;2;2;3015.89;786876.1;260.91;-8.049044;-34.881859
Santo Amaro;Rua Treze De Maio, 455 - Santo Amaro;Rua Treze De Maio;2;2;0.0;0.01;5398.27;-8.049554;-34.882274
Santo Amaro;Rua Tupinambas, 801 - Santo Amaro;Rua Tupinambas;2;2;3701.5;235970.78;63.75;-8.044821;-34.884348
Santo Amaro;Rua Vicente Ferreira Dos Guimaraes Peixoto, 22 - Santo Amaro;Rua Vicente Ferreira Dos Guimaraes Peixoto;2;2;803.27;571006.15;710.85;-8.047581;-34.884031
Santo Amaro;Rua Vicente Ferreira Dos Guimaraes Peixoto, 349 - Santo Amaro;Rua Vicente Ferreira Dos Guimaraes Peixoto;2;2;4074.2;383260.51;94.07;-8.044605;-34.882299
Santo Amaro;Avenida Cruz Cabuga, 776 - Santo Amaro;Avenida Cruz Cabuga;1;1;11625.89;1406732.24;121.0;-8.048355;-34.876789
Santo Amaro;Avenida Cruz Cabuga, 782 - Santo Amaro;Avenida Cruz Cabuga;1;1;7894.94;955287.48;121.0;-8.048286;-34.876769
Santo Amaro;Avenida Cruz Cabuga, 855 - Santo Amaro;Avenida Cruz Cabuga;1;0;4921.11;349398.58;71.0;-8.047258;-34.877012
Santo Amaro;Avenida Cruz Cabuga, 885 - Santo Amaro;Avenida Cruz Cabuga;1;0;3869.24;503001.11;130.0;-8.046905;-34.877001
Santo Amaro;Avenida Cruz Cabuga, 98 - Santo Amaro;Avenida Cruz Cabuga;1;1;2871.49;1144660.27;398.63;-8.053079;-34.880596
Santo Amaro;Avenida Visconde De Suassuna, 372 - Santo Amaro;Avenida Visconde De Suassuna;1;0;6355.12;1803137.72;283.73;-8.05309;-34.885038
Santo Amaro;Avenida Visconde De Suassuna, 460 - Santo Amaro;Avenida Visconde De Suassuna;1;0;0.01;1.43;120.25;-8.052678;-34.885661
Santo Amaro;Avenida Visconde De Suassuna, 553 - Santo Amaro;Avenida Visconde De Suassuna;1;0;4524.74;880875.62;194.68;-8.052553;-34.886627
Santo Amaro;Avenida Visconde De Suassuna, 565 - Santo Amaro;Avenida Visconde De Suassuna;1;0;2387.76;465159.57;194.81;-8.052511;-34.886689
Santo Amaro;Avenida Visconde De Suassuna, 593 - Santo Amaro;Avenida Visconde De Suassuna;1;0;3689.53;1226916.84;332.54;-8.052347;-34.886986
Santo Amaro;Avenida Visconde De Suassuna, 677 - Santo Amaro;Avenida Visconde De Suassuna;1;0;3233.69;815051.91;252.05;-8.05182;-34.887801
Santo Amaro;Avenida Visconde De Suassuna, 728 - Santo Amaro;Avenida Visconde De Suassuna;1;0;2695.05;753588.73;279.62;-8.051167;-34.887926
Santo Amaro;Avenida Visconde De Suassuna, 82 - Santo Amaro;Avenida Visconde De Suassuna;1;0;3702.69;958884.6;258.97;-8.054495;-34.882826
Santo Amaro;Rua Adolfo Celso, 67 - Santo Amaro;Rua Adolfo Celso;1;0;4615.62;456484.83;98.9;-8.045975;-34.879895
Santo Amaro;Rua Afonso Pena, 543 - Santo Amaro;Rua Afonso Pena;1;1;5826.33;1310516.63;224.93;-8.051;-34.886222
Santo Amaro;Rua Almeida Cunha, 41 - Santo Amaro;Rua Almeida Cunha;1;0;5414.79;1103750.93;203.84;-8.055027;-34.885713
Santo Amaro;Rua Almirante Eduardo Wandenkolk, 172 - Santo Amaro;Rua Almirante Eduardo Wandenkolk;1;0;2308.72;201897.71;87.45;-8.046905;-34.885025
Santo Amaro;Rua Aluisio De Azevedo, 1 - Santo Amaro;Rua Aluisio De Azevedo;1;0;5089.85;371813.3;73.05;-8.046824;-34.889004
Santo Amaro;Rua Arnobio Marques, 260 - Santo Amaro;Rua Arnobio Marques;1;0;3896.19;133834.18;34.35;-8.047002;-34.888106
Santo Amaro;Rua Arnobio Marques, 353 - Santo Amaro;Rua Arnobio Marques;1;0;3244.28;705955.16;217.6;-8.045818;-34.888564
Santo Amaro;Rua Arnobio Marques, 394 - Santo Amaro;Rua Arnobio Marques;1;0;8687.91;1980842.56;228.0;-8.045651;-34.888135
Santo Amaro;Rua Arquimedes De Oliveira, 111 - Santo Amaro;Rua Arquimedes De Oliveira;1;0;2494.96;661462.7;265.12;-8.051078;-34.887243
Santo Amaro;Rua Arquimedes De Oliveira, 117 - Santo Amaro;Rua Arquimedes De Oliveira;1;0;4584.22;570276.5;124.4;-8.051013;-34.887303
Santo Amaro;Rua Arquimedes De Oliveira, 142 - Santo Amaro;Rua Arquimedes De Oliveira;1;0;4532.13;746895.38;164.8;-8.050593;-34.887282
Santo Amaro;Rua Arquimedes De Oliveira, 143 - Santo Amaro;Rua Arquimedes De Oliveira;1;0;4296.99;649619.59;151.18;-8.050802;-34.887458
Santo Amaro;Rua Arquimedes De Oliveira, 168 - Santo Amaro;Rua Arquimedes De Oliveira;1;0;2520.41;489741.27;194.31;-8.050444;-34.887465
Santo Amaro;Rua Arquimedes De Oliveira, 195 - Santo Amaro;Rua Arquimedes De Oliveira;1;0;3218.54;681718.83;211.81;-8.050562;-34.887895
Santo Amaro;Rua Buarque De Macedo, 68 - Santo Amaro;Rua Buarque De Macedo;1;0;1646.41;80756.63;49.05;-8.045907;-34.878067
Santo Amaro;Rua Da Aurora, 777 - Santo Amaro;Rua Da Aurora;1;0;0.0;1.29;3726.08;-8.056709;-34.879062
Santo Amaro;Rua Do Hospicio, 981 - Santo Amaro;Rua Do Hospicio;1;1;4176.03;402903.34;96.48;-8.054267;-34.882182
Santo Amaro;Rua Do Sossego, 335 - Santo Amaro;Rua Do Sossego;1;1;1469.51;493080.28;335.54;-8.055237;-34.88486
Santo Amaro;Rua Dom Pedro Henrique, 40 - Santo Amaro;Rua Dom Pedro Henrique;1;0;4354.76;299738.02;68.83;-8.051444;-34.888609
Santo Amaro;Rua Dom Pedro Henrique, 81 - Santo Amaro;Rua Dom Pedro Henrique;1;0;2900.79;299651.44;103.3;-8.051932;-34.888344
Santo Amaro;Rua Dos Palmares, 173 - Santo Amaro;Rua Dos Palmares;1;0;4812.31;1014868.83;210.89;-8.053324;-34.883074
Santo Amaro;Rua Gervasio Pires, 826 - Santo Amaro;Rua Gervasio Pires;1;0;2559.09;2337494.85;913.41;-8.05574;-34.883763
Santo Amaro;Rua Gervasio Pires, 911 - Santo Amaro;Rua Gervasio Pires;1;0;4288.86;724817.08;169.0;-8.054847;-34.883756
Santo Amaro;Rua Joaquim Rabelo, 1126 - Santo Amaro;Rua Joaquim Rabelo;1;0;2774.96;325225.8;117.2;-8.043608;-34.882017
Santo Amaro;Rua Joaquim Rabelo, 62 - Santo Amaro;Rua Joaquim Rabelo;1;0;3339.87;426267.16;127.63;-8.043402;-34.882161
Santo Amaro;Rua Major Codeceira, 74 - Santo Amaro;Rua Major Codeceira;1;0;3746.8;618522.46;165.08;-8.048721;-34.889188
Santo Amaro;Rua Major Codeceira, 78 - Santo Amaro;Rua Major Codeceira;1;0;5322.99;581270.0;109.2;-8.048743;-34.889099
Santo Amaro;Rua Major Codeceira, 91 - Santo Amaro;Rua Major Codeceira;1;0;3064.68;1091330.92;356.1;-8.048335;-34.888977
Santo Amaro;Rua Malaquias Da Rocha, 90 - Santo Amaro;Rua Malaquias Da Rocha;1;0;3247.93;312678.36;96.27;-8.054306;-34.882664
Santo Amaro;Rua Numa Pompilho, 300 - Santo Amaro;Rua Numa Pompilho;1;1;4013.89;467015.57;116.35;-8.046099;-34.881606
Santo Amaro;Rua Paulino Camara, 186 - Santo Amaro;Rua Paulino Camara;1;0;1678.65;484997.0;288.92;-8.047281;-34.883337
Santo Amaro;Rua Paulino Camara, 41 - Santo Amaro;Rua Paulino Camara;1;0;1894.11;271785.38;143.49;-8.048327;-34.882473
Santo Amaro;Rua Paulino Camara, 73 - Santo Amaro;Rua Paulino Camara;1;0;4733.82;296053.14;62.54;-8.048173;-34.882696
Santo Amaro;Rua Pedro Afonso, 348 - Santo Amaro;Rua Pedro Afonso;1;0;1870.31;655170.52;350.3;-8.049012;-34.881903
Santo Amaro;Rua Pedro Afonso, 350 - Santo Amaro;Rua Pedro Afonso;1;0;3967.86;330919.56;83.4;-8.048984;-34.88195
Santo Amaro;Rua Pedro Afonso, 362 - Santo Amaro;Rua Pedro Afonso;1;0;7242.13;765276.09;105.67;-8.048906;-34.882026
Santo Amaro;Rua Pedro Afonso, 440 - Santo Amaro;Rua Pedro Afonso;1;0;9766.54;417128.88;42.71;-8.04852;-34.882609
Santo Amaro;Rua Pedro Afonso, 584 - Santo Amaro;Rua Pedro Afonso;1;0;5124.63;647086.75;126.27;-8.04773;-34.883725
Santo Amaro;Rua Projetada, 82 - Santo Amaro;Rua Projetada;1;0;4605.63;2480129.52;538.5;-8.050235;-34.875247
Santo Amaro;Rua Rocha Pita, 50 - Santo Amaro;Rua Rocha Pita;1;0;1549.11;269019.31;173.66;-8.054544;-34.878993
Santo Amaro;Rua Tamoios, 27 - Santo Amaro;Rua Tamoios;1;1;3818.46;387917.12;101.59;-8.043556;-34.88381
Santo Amaro;Rua Treze De Maio, 1047 - Santo Amaro;Rua Treze De Maio;1;0;4235.09;916643.68;216.44;-8.046062;-34.879422
Santo Amaro;Rua Treze De Maio, 232 - Santo Amaro;Rua Treze De Maio;1;0;5184.68;666956.74;128.64;-8.052141;-34.883215
Santo Amaro;Rua Treze De Maio, 33 - Santo Amaro;Rua Treze De Maio;1;0;4002.28;1135087.54;283.61;-8.053432;-34.884553
Santo Amaro;Rua Treze De Maio, 47 - Santo Amaro;Rua Treze De Maio;1;0;2403.67;1022928.23;425.57;-8.053345;-34.884495
Santo Amaro;Rua Treze De Maio, 50 - Santo Amaro;Rua Treze De Maio;1;0;2534.65;716470.16;282.67;-8.053539;-34.884069
Santo Amaro;Rua Treze De Maio, 55 - Santo Amaro;Rua Treze De Maio;1;0;8937.5;2052407.44;229.64;-8.053239;-34.884426
Santo Amaro;Rua Treze De Maio, 58 - Santo Amaro;Rua Treze De Maio;1;0;3739.22;687978.36;183.99;-8.053437;-34.884005
Santo Amaro;Rua Treze De Maio, 76 - Santo Amaro;Rua Treze De Maio;1;0;4801.96;979839.8;204.05;-8.053335;-34.883944
Santo Amaro;Rua Treze De Maio, 832 - Santo Amaro;Rua Treze De Maio;1;0;2242.52;760999.06;339.35;-8.047469;-34.880031
Santo Amaro;Rua Treze De Maio, 84 - Santo Amaro;Rua Treze De Maio;1;0;4906.91;1135509.09;231.41;-8.053234;-34.883881
Santo Amaro;Rua Treze De Maio, 879 - Santo Amaro;Rua Treze De Maio;1;0;1900.37;468193.31;246.37;-8.047319;-34.8803
Santo Amaro;Rua Treze De Maio, 901 - Santo Amaro;Rua Treze De Maio;1;0;2853.88;274229.63;96.09;-8.04706;-34.880157
Santo Amaro;Rua Tupinambas, 518 - Santo Amaro;Rua Tupinambas;1;0;2456.48;525686.67;214.0;-8.046007;-34.882019
Santo Amaro;Rua Tupinambas, 529 - Santo Amaro;Rua Tupinambas;1;0;6029.18;762209.35;126.42;-8.04625;-34.882333
Santo Amaro;Rua Tupinambas, 556 - Santo Amaro;Rua Tupinambas;1;0;3184.04;521354.29;163.74;-8.045812;-34.882299
Santo Amaro;Rua Tupinambas, 557 - Santo Amaro;Rua Tupinambas;1;0;7607.63;487725.11;64.11;-8.046089;-34.882568
Santo Amaro;Rua Tupinambas, 582 - Santo Amaro;Rua Tupinambas;1;0;4143.54;522790.19;126.17;-8.045661;-34.88253
Santo Amaro;Rua Tupiniquins, 433 - Santo Amaro;Rua Tupiniquins;1;1;4127.85;413115.24;100.08;-8.04537;-34.884598
Santo Amaro;Rua Vicente Ferreira Dos Guimaraes Peixoto, 21 - Santo Amaro;Rua Vicente Ferreira Dos Guimaraes Peixoto;1;0;5492.34;563843.65;102.66;-8.047306;-34.884297
Santo Amaro;Rua Vicente Ferreira Dos Guimaraes Peixoto, 255 - Santo Amaro;Rua Vicente Ferreira Dos Guimaraes Peixoto;1;0;2816.7;372734.23;132.33;-8.045253;-34.882744
Santo Amaro;Rua Vicente Ferreira Dos Guimaraes Peixoto, 272 - Santo Amaro;Rua Vicente Ferreira Dos Guimaraes Peixoto;1;0;2073.57;433604.03;209.11;-8.045317;-34.882409
Santo Amaro;Rua Vicente Ferreira Dos Guimaraes Peixoto, 346 - Santo Amaro;Rua Vicente Ferreira Dos Guimaraes Peixoto;1;0;2723.18;473588.37;173.91;-8.04485;-34.882001
Santo Amaro;Rua Vinte E Quatro De Agosto, 209 - Santo Amaro;Rua Vinte E Quatro De Agosto;1;0;1983.79;27947748.55;14088.08;-8.04946;-34.875724
Santo Amaro;Rua Vinte E Quatro De Agosto, 211 - Santo Amaro;Rua Vinte E Quatro De Agosto;1;0;1775.28;25009287.12;14087.53;-8.04902;-34.876307
Santo Amaro;Rua Vinte E Quatro De Agosto, 30 - Santo Amaro;Rua Vinte E Quatro De Agosto;1;0;2772.18;2310941.02;833.62;-8.048936;-34.877475
Santo Antonio;Rua Siqueira Campos, 45 - Santo Antonio;Rua Siqueira Campos;28;22;2865.96;110746.65;40.91;-8.063011;-34.876814
Santo Antonio;Rua Matias De Albuquerque, 223 - Santo Antonio;Rua Matias De Albuquerque;10;2;1679.43;76580.74;45.6;-8.06374;-34.880398
Santo Antonio;Rua Engenheiro Ubaldo Gomes De Matos, 119 - Santo Antonio;Rua Engenheiro Ubaldo Gomes De Matos;6;2;1694.41;99566.98;60.34;-8.063515;-34.877809
Santo Antonio;Rua Estreita Do Rosario, 210 - Santo Antonio;Rua Estreita Do Rosario;5;5;2472.95;3300121.82;1334.49;-8.065127;-34.878182
Santo Antonio;Avenida Martins De Barros, 660 - Santo Antonio;Avenida Martins De Barros;4;2;3193.64;405058.94;126.9;-8.066392;-34.876481
Santo Antonio;Rua Diario De Pernambuco, 28 - Santo Antonio;Rua Diario De Pernambuco;4;3;3660.05;90798.36;25.03;-8.062969;-34.877728
Santo Antonio;Rua Direita, 2 - Santo Antonio;Rua Direita;3;3;3436.45;2061869.07;600.0;-8.066908;-34.878292
Santo Antonio;Rua Direita, 96 - Santo Antonio;Rua Direita;3;3;1985.87;1680041.12;846.0;-8.067579;-34.878769
Santo Antonio;Rua Siqueira Campos, 279 - Santo Antonio;Rua Siqueira Campos;3;1;1576.43;106992.49;71.89;-8.062808;-34.878988
Santo Antonio;Rua Do Rangel, 170 - Santo Antonio;Rua Do Rangel;2;2;3002.89;1657594.98;552.0;-8.067687;-34.877684
Santo Antonio;Rua Engenheiro Ubaldo Gomes De Matos, 115 - Santo Antonio;Rua Engenheiro Ubaldo Gomes De Matos;2;0;0.03;1.86;66.0;-8.063741;-34.877873
Santo Antonio;Rua Felipe Camarao, 63 - Santo Antonio;Rua Felipe Camarao;2;2;1043.98;443063.48;424.4;-8.067473;-34.879001
Santo Antonio;Rua Marques Do Herval, 150 - Santo Antonio;Rua Marques Do Herval;2;0;1906.6;66374.24;34.89;-8.066053;-34.881701
Santo Antonio;Rua Marques Do Recife, 154 - Santo Antonio;Rua Marques Do Recife;2;0;4362.42;128255.13;29.4;-8.063241;-34.877793
Santo Antonio;Rua Tobias Barreto, 198 - Santo Antonio;Rua Tobias Barreto;2;2;5529.62;1443229.42;261.0;-8.067119;-34.880669
Santo Antonio;Rua Da Carioca, 59 - Santo Antonio;Rua Da Carioca;1;0;4150.42;170623.67;41.11;-8.067376;-34.876613
Santo Antonio;Rua Da Concordia, 200 - Santo Antonio;Rua Da Concordia;1;0;25943.63;2215586.21;85.4;-8.065562;-34.881614
Santo Antonio;Rua Da Concordia, 233 - Santo Antonio;Rua Da Concordia;1;0;6908.09;7250035.43;1049.5;-8.065948;-34.881216
Santo Antonio;Rua Da Concordia, 238 - Santo Antonio;Rua Da Concordia;1;0;5465.51;1769460.11;323.75;-8.065899;-34.881642
Santo Antonio;Rua Da Concordia, 265 - Santo Antonio;Rua Da Concordia;1;0;4870.87;769598.23;158.0;-8.066198;-34.88139
Santo Antonio;Rua Da Concordia, 269 - Santo Antonio;Rua Da Concordia;1;0;6332.37;870700.55;137.5;-8.066251;-34.881412
Santo Antonio;Rua Direita, 150 - Santo Antonio;Rua Direita;1;0;1687.64;634147.98;375.76;-8.067951;-34.879004
Santo Antonio;Rua Do Rangel, 162 - Santo Antonio;Rua Do Rangel;1;1;570.19;590715.55;1036.0;-8.067634;-34.877664
Santo Antonio;Rua Sao Pedro, 36 - Santo Antonio;Rua Sao Pedro;1;0;871.25;299929.25;344.25;-8.06694;-34.878554
Santo Antonio;Rua Tobias Barreto, 374 - Santo Antonio;Rua Tobias Barreto;1;0;2340.0;205920.03;88.0;-8.066688;-34.88224
Santo Antonio;Rua Tobias Barreto, 380 - Santo Antonio;Rua Tobias Barreto;1;0;2438.48;297494.57;122.0;-8.066682;-34.882278
Santo Antonio;Rua Tobias Barreto, 382 - Santo Antonio;Rua Tobias Barreto;1;0;4047.98;381602.98;94.27;-8.066673;-34.882316
Sao Jose;Avenida Engenheiro Jose Estelita, 862 - Sao Jose;Avenida Engenheiro Jose Estelita;169;60;10391.76;1492956.25;139.06;-8.072834;-34.887812
Sao Jose;C De Santa Rita, 675 - Sao Jose;C De Santa Rita;12;11;10262.69;2401676.02;234.02;-8.07179;-34.877123
Sao Jose;Rua Vidal De Negreiros, 318 - Sao Jose;Rua Vidal De Negreiros;5;0;204.58;15257.07;64.36;-8.071306;-34.882181
Sao Jose;Rua Direita, 157 - Sao Jose;Rua Direita;4;4;5455.52;1718490.1;315.0;-8.068206;-34.87885
Sao Jose;Rua Tobias Barreto, 401 - Sao Jose;Rua Tobias Barreto;4;4;2642.14;232508.0;88.0;-8.066889;-34.882513
Sao Jose;Rua Cristovao Colombo, 43 - Sao Jose;Rua Cristovao Colombo;3;3;2886.03;277058.68;96.0;-8.069566;-34.880268
Sao Jose;Rua Do Nogueira, 216 - Sao Jose;Rua Do Nogueira;3;3;19603.23;1097780.95;56.0;-8.069463;-34.878735
Sao Jose;Praça Sergio Loreto, 1074 - Sao Jose;Praça Sergio Loreto;2;2;1230.21;362211.18;294.43;-8.071997;-34.885314
Sao Jose;Rua Do Dique, 105 - Sao Jose;Rua Do Dique;2;2;1144.9;64113.9;56.0;-8.071322;-34.882329
Sao Jose;Rua Do Dique, 38 - Sao Jose;Rua Do Dique;2;2;701.32;54983.0;78.4;-8.070675;-34.882099
Sao Jose;Rua Padre Muniz, 240 - Sao Jose;Rua Padre Muniz;2;2;24472.94;685242.1;28.0;-8.070306;-34.877888
Sao Jose;Rua Padre Muniz, 332 - Sao Jose;Rua Padre Muniz;2;2;5338.91;918292.93;172.0;-8.070978;-34.878339
Sao Jose;Rua Vidal De Negreiros, 330 - Sao Jose;Rua Vidal De Negreiros;2;0;0.01;1.56;115.2;-8.071451;-34.882204
Sao Jose;Praça Sergio Loreto, 1042 - Sao Jose;Praça Sergio Loreto;1;0;1688.08;516197.5;305.79;-8.071891;-34.885028
Sao Jose;Rua Barao Da Vitoria, 295 - Sao Jose;Rua Barao Da Vitoria;1;1;2344.61;29284.14;12.49;-8.067734;-34.882795
Sao Jose;Rua Cabo Jose Gomes, 65 - Sao Jose;Rua Cabo Jose Gomes;1;0;3825.17;2746469.85;718.0;-8.078474;-34.90025
Sao Jose;Rua Coracao De Maria, 126 - Sao Jose;Rua Coracao De Maria;1;0;6824.28;363733.92;53.3;-8.070463;-34.879312
Sao Jose;Rua Cristovao Colombo, 33 - Sao Jose;Rua Cristovao Colombo;1;0;2528.66;556305.84;220.0;-8.069477;-34.880272
Sao Jose;Rua Da Concordia, 420 - Sao Jose;Rua Da Concordia;1;0;6170.86;5236714.18;848.62;-8.06743;-34.882354
Sao Jose;Rua Da Concordia, 527 - Sao Jose;Rua Da Concordia;1;1;2891.75;422195.17;146.0;-8.068509;-34.88209
Sao Jose;Rua Da Concordia, 581 - Sao Jose;Rua Da Concordia;1;0;4068.26;705680.13;173.46;-8.068957;-34.882281
Sao Jose;Rua Da Concordia, 583 - Sao Jose;Rua Da Concordia;1;0;6808.97;1136008.73;166.84;-8.068991;-34.882306
Sao Jose;Rua Da Concordia, 591 - Sao Jose;Rua Da Concordia;1;0;6808.97;1136008.73;166.84;-8.069027;-34.882328
Sao Jose;Rua Da Concordia, 735 - Sao Jose;Rua Da Concordia;1;1;3500.72;694892.83;198.5;-8.070115;-34.883078
Sao Jose;Rua Da Concordia, 836 - Sao Jose;Rua Da Concordia;1;1;4808.87;206781.21;43.0;-8.070701;-34.883825
Sao Jose;Rua Direita, 127 - Sao Jose;Rua Direita;1;0;15226.41;788728.03;51.8;-8.067989;-34.878638
Sao Jose;Rua Direita, 185 - Sao Jose;Rua Direita;1;0;5875.74;527347.69;89.75;-8.068366;-34.879064
Sao Jose;Rua Direita, 189 - Sao Jose;Rua Direita;1;0;5121.4;918523.25;179.35;-8.06839;-34.879094
Sao Jose;Rua Direita, 225 - Sao Jose;Rua Direita;1;1;4410.95;786031.89;178.2;-8.068552;-34.879381
Sao Jose;Rua Direita, 97 - Sao Jose;Rua Direita;1;0;7072.33;1288013.38;182.12;-8.067732;-34.878494
Sao Jose;Rua Do Dique, 158 - Sao Jose;Rua Do Dique;1;0;4683.48;113621.23;24.26;-8.071616;-34.882788
Sao Jose;Rua Do Dique, 19 - Sao Jose;Rua Do Dique;1;0;2280.63;137978.17;60.5;-8.070691;-34.881894
Sao Jose;Rua Do Dique, 23 - Sao Jose;Rua Do Dique;1;0;2271.05;137398.73;60.5;-8.070719;-34.881914
Sao Jose;Rua Do Nogueira, 177 - Sao Jose;Rua Do Nogueira;1;0;1019.77;581270.0;570.0;-8.069929;-34.878607
Sao Jose;Rua Do Nogueira, 242 - Sao Jose;Rua Do Nogueira;1;1;3269.28;401630.62;122.85;-8.069344;-34.878935
Sao Jose;Rua Padre Muniz, 128 - Sao Jose;Rua Padre Muniz;1;0;7000.75;280029.81;40.0;-8.069261;-34.877551
Sao Jose;Rua Padre Muniz, 144 - Sao Jose;Rua Padre Muniz;1;0;1772.59;109900.4;62.0;-8.069335;-34.877577
Sao Jose;Rua Padre Muniz, 160 - Sao Jose;Rua Padre Muniz;1;0;3701.38;1646113.13;444.73;-8.06962;-34.877657
Sao Jose;Rua Padre Muniz, 200 - Sao Jose;Rua Padre Muniz;1;0;960.74;1172483.83;1220.4;-8.069883;-34.877836
Sao Jose;Rua Padre Muniz, 268 - Sao Jose;Rua Padre Muniz;1;0;1986.12;500501.04;252.0;-8.070523;-34.878003
Sao Jose;Rua Padre Muniz, 281 - Sao Jose;Rua Padre Muniz;1;0;5050.32;751488.19;148.8;-8.070759;-34.877818
Sao Jose;Rua Padre Muniz, 283 - Sao Jose;Rua Padre Muniz;1;0;8464.31;1028413.55;121.5;-8.070813;-34.877855
Sao Jose;Rua Piracema, 47 - Sao Jose;Rua Piracema;1;1;2896.73;260705.55;90.0;-8.072558;-34.882579
Sao Jose;Rua Tobias Barreto, 341 - Sao Jose;Rua Tobias Barreto;1;0;2723.76;254943.47;93.6;-8.067035;-34.882004
Sao Jose;Rua Tobias Barreto, 361 - Sao Jose;Rua Tobias Barreto;1;0;7495.28;1305976.73;174.24;-8.067002;-34.882157
Sao Jose;Rua Tobias Barreto, 389 - Sao Jose;Rua Tobias Barreto;1;0;4099.68;360771.89;88.0;-8.066917;-34.882432
Sao Jose;Rua Tobias Barreto, 417 - Sao Jose;Rua Tobias Barreto;1;0;0.01;1.42;280.0;-8.066846;-34.882656
Sao Jose;Rua Vidal De Negreiros, 324 - Sao Jose;Rua Vidal De Negreiros;1;0;1523.02;134117.54;88.06;-8.071417;-34.882171
Sao Jose;Rua Vidal De Negreiros, 49 - Sao Jose;Rua Vidal De Negreiros;1;1;2947.65;303608.4;103.0;-8.070948;-34.881859
Sitio Dos Pintos;Avenida Arnaldo Paes De Andrade, 157 - Sitio Dos Pintos;Avenida Arnaldo Paes De Andrade;1;0;4206.41;1431818.6;340.39;-8.016085;-34.958118
Sitio Dos Pintos;Avenida Arnaldo Paes De Andrade, 169 - Sitio Dos Pintos;Avenida Arnaldo Paes De Andrade;1;0;6135.4;937734.39;152.84;-8.015859;-34.958255
Sitio Dos Pintos;Avenida Arnaldo Paes De Andrade, 201 - Sitio Dos Pintos;Avenida Arnaldo Paes De Andrade;1;0;5558.9;899708.64;161.85;-8.015859;-34.958255
Soledade;Rua Nunes Machado, 47 - Soledade;Rua Nunes Machado;135;34;8363.22;352266.4;42.24;-8.058223;-34.89177
Soledade;Rua Das Ninfas, 294 - Soledade;Rua Das Ninfas;34;10;6105.94;254181.66;41.75;-8.058233;-34.89106
Soledade;Rua Nunes Machado, 97 - Soledade;Rua Nunes Machado;17;6;6300.04;264262.61;42.26;-8.058223;-34.89177
Soledade;Rua Do Progresso, 465 - Soledade;Rua Do Progresso;14;6;4324.36;160893.19;37.3;-8.058338;-34.892799
Soledade;Rua Do Progresso, 246 - Soledade;Rua Do Progresso;11;4;5700.87;448535.02;79.01;-8.058286;-34.891922
Soledade;Rua Joao Fernandes Vieira, 149 - Soledade;Rua Joao Fernandes Vieira;10;8;4641.34;304832.0;65.66;-8.05526;-34.891227
Soledade;Rua Joao Fernandes Vieira, 288 - Soledade;Rua Joao Fernandes Vieira;8;0;3680.47;283486.94;77.74;-8.051946;-34.892824
Soledade;Rua Osvaldo Cruz, 354 - Soledade;Rua Osvaldo Cruz;5;2;3401.09;527610.83;155.13;-8.056009;-34.892023
Soledade;Rua Joao Fernandes Vieira, 130 - Soledade;Rua Joao Fernandes Vieira;3;3;4330.43;15953649.05;3684.08;-8.051946;-34.892824
Soledade;Rua Joao Fernandes Vieira, 162 - Soledade;Rua Joao Fernandes Vieira;3;3;3381.65;259203.37;76.65;-8.051946;-34.892824
Soledade;Rua Joao Fernandes Vieira, 131 - Soledade;Rua Joao Fernandes Vieira;2;2;0.01;1.78;148.87;-8.055189;-34.891012
Soledade;Rua Joao Fernandes Vieira, 190 - Soledade;Rua Joao Fernandes Vieira;2;2;3012.82;12721275.62;4222.39;-8.051946;-34.892824
Soledade;Rua Joao Fernandes Vieira, 308 - Soledade;Rua Joao Fernandes Vieira;2;2;1836.45;1808902.49;985.0;-8.051946;-34.892824
Soledade;Praça Oswaldo Cruz, 446 - Soledade;Praça Oswaldo Cruz;1;1;2710.3;2513149.84;927.26;-8.055575;-34.891535
Soledade;Rua Das Ninfas, 112 - Soledade;Rua Das Ninfas;1;0;4241.23;848712.48;200.11;-8.05958;-34.891203
Soledade;Rua Das Ninfas, 254 - Soledade;Rua Das Ninfas;1;0;3841.79;1704297.08;443.62;-8.058217;-34.890849
Soledade;Rua Das Ninfas, 262 - Soledade;Rua Das Ninfas;1;0;4572.27;2888533.95;631.75;-8.058164;-34.890841
Soledade;Rua Osvaldo Cruz, 306 - Soledade;Rua Osvaldo Cruz;1;0;2130.6;240843.53;113.04;-8.056354;-34.892253
Tamarineira;Rua Ricardo Hardman, 55 - Tamarineira;Rua Ricardo Hardman;85;47;11729.22;2254447.8;192.17;-8.036339;-34.901258
Tamarineira;Rua Coronel Uriel Sergio Cardim, 71 - Tamarineira;Rua Coronel Uriel Sergio Cardim;53;29;10372.02;761821.64;73.38;-8.035793;-34.900489
Tamarineira;Rua Jose Carvalheira, 56 - Tamarineira;Rua Jose Carvalheira;49;24;8736.32;369678.84;42.25;-8.030645;-34.904012
Tamarineira;Rua Afonso Celso, 246 - Tamarineira;Rua Afonso Celso;45;16;6302.49;574869.38;91.24;-8.032393;-34.907681
Tamarineira;Rua Isaac Salazar, 130 - Tamarineira;Rua Isaac Salazar;44;18;8504.18;779406.67;92.03;-8.032442;-34.90498
Tamarineira;Rua Neto De Mendonca, 165 - Tamarineira;Rua Neto De Mendonca;31;16;7628.95;861045.1;112.84;-8.035228;-34.90069
Tamarineira;Rua Ricardo Hardman, 157 - Tamarineira;Rua Ricardo Hardman;22;4;14382.4;1603013.11;111.79;-8.036072;-34.900373
Tamarineira;Rua Da Boa Vontade, 154 - Tamarineira;Rua Da Boa Vontade;20;11;4759.18;261327.87;54.91;-8.028711;-34.900953
Tamarineira;Rua Isaac Salazar, 165 - Tamarineira;Rua Isaac Salazar;20;9;7348.84;563656.23;76.7;-8.032674;-34.905865
Tamarineira;Rua Jose Carvalheira, 100 - Tamarineira;Rua Jose Carvalheira;19;15;4079.05;180987.42;44.37;-8.030645;-34.904012
Tamarineira;Avenida Engenheiro Agamenon De Magalhaes Melo, 327 - Tamarineira;Avenida Engenheiro Agamenon De Magalhaes Melo;18;9;4540.3;239727.63;52.8;-8.028162;-34.896435
Tamarineira;Rua Isaac Salazar, 102 - Tamarineira;Rua Isaac Salazar;15;7;7038.31;897806.1;127.56;-8.032689;-34.905185
Tamarineira;Rua General Abreu E Lima, 65 - Tamarineira;Rua General Abreu E Lima;14;8;6349.49;822746.28;129.63;-8.03449;-34.900195
Tamarineira;Rua Isaac Salazar, 170 - Tamarineira;Rua Isaac Salazar;14;0;6322.33;1002595.38;158.58;-8.032173;-34.905563
Tamarineira;Rua Isaac Salazar, 189 - Tamarineira;Rua Isaac Salazar;14;5;6631.4;902631.55;136.1;-8.032435;-34.906029
Tamarineira;Rua Sao Vicente, 255 - Tamarineira;Rua Sao Vicente;14;7;8740.17;612996.69;70.35;-8.027714;-34.905847
Tamarineira;Rua Sao Vicente, 295 - Tamarineira;Rua Sao Vicente;13;7;8145.74;558055.68;68.5;-8.027659;-34.905834
Tamarineira;Rua Afonso Celso, 191 - Tamarineira;Rua Afonso Celso;11;8;5921.55;1074169.56;181.4;-8.031848;-34.907094
Tamarineira;Rua General Abreu E Lima, 70 - Tamarineira;Rua General Abreu E Lima;11;8;5403.93;812909.75;157.66;-8.034779;-34.900219
Tamarineira;Rua Neto De Mendonca, 121 - Tamarineira;Rua Neto De Mendonca;10;2;7111.94;1306677.76;183.73;-8.035375;-34.901085
Tamarineira;Rua Simao Mendes, 92 - Tamarineira;Rua Simao Mendes;9;6;7857.07;1129767.94;143.79;-8.034834;-34.903494
Tamarineira;Rua Da Boa Vontade, 92 - Tamarineira;Rua Da Boa Vontade;8;5;4932.04;282200.06;57.26;-8.028711;-34.900953
Tamarineira;Rua General Abreu E Lima, 155 - Tamarineira;Rua General Abreu E Lima;8;4;8354.84;1415226.64;169.39;-8.033728;-34.899719
Tamarineira;Rua General Abreu E Lima, 81 - Tamarineira;Rua General Abreu E Lima;8;2;6541.9;877100.77;134.04;-8.034311;-34.900071
Tamarineira;Rua Gomes Coutinho, 120 - Tamarineira;Rua Gomes Coutinho;8;4;7830.16;496168.32;63.33;-8.028672;-34.905502
Tamarineira;Rua Isaac Salazar, 45 - Tamarineira;Rua Isaac Salazar;8;4;6317.41;1546654.26;244.72;-8.033205;-34.905564
Tamarineira;Rua Afonso Celso, 142 - Tamarineira;Rua Afonso Celso;7;0;5479.08;924539.49;168.74;-8.031309;-34.9072
Tamarineira;Rua Afonso Celso, 182 - Tamarineira;Rua Afonso Celso;7;2;4213.82;596887.18;141.65;-8.031508;-34.907393
Tamarineira;Rua Afonso Celso, 66 - Tamarineira;Rua Afonso Celso;6;0;6394.32;934121.4;151.49;-8.031267;-34.906491
Tamarineira;Rua Jose De Vasconcelos, 529 - Tamarineira;Rua Jose De Vasconcelos;6;2;3940.46;238256.34;60.48;-8.026835;-34.90127
Tamarineira;Rua Simao Mendes, 200 - Tamarineira;Rua Simao Mendes;6;4;13583.21;2837531.75;208.9;-8.035144;-34.90395
Tamarineira;Rua Cabo Honorio, 42 - Tamarineira;Rua Cabo Honorio;5;3;3051.19;252699.95;82.82;-8.029126;-34.898607
Tamarineira;Rua Da Boa Vontade, 129 - Tamarineira;Rua Da Boa Vontade;5;3;5648.6;250119.73;44.28;-8.02877;-34.900866
Tamarineira;Rua General Abreu E Lima, 233 - Tamarineira;Rua General Abreu E Lima;5;2;8197.64;2260170.6;275.71;-8.033159;-34.899861
Tamarineira;Rua General Abreu E Lima, 239 - Tamarineira;Rua General Abreu E Lima;5;2;7287.86;1745805.99;239.55;-8.032888;-34.899517
Tamarineira;Rua Gildo Neto, 125 - Tamarineira;Rua Gildo Neto;5;2;7493.92;930369.67;124.15;-8.034315;-34.903385
Tamarineira;Rua Soares Moreno, 26 - Tamarineira;Rua Soares Moreno;5;4;5942.32;303058.1;51.0;-8.028554;-34.904574
Tamarineira;Rua Soares Moreno, 33 - Tamarineira;Rua Soares Moreno;5;3;5393.19;383283.67;75.0;-8.030296;-34.905461
Tamarineira;Rua Isaac Salazar, 210 - Tamarineira;Rua Isaac Salazar;4;4;3714.96;1566598.4;421.7;-8.031974;-34.905932
Tamarineira;Rua Isaac Salazar, 70 - Tamarineira;Rua Isaac Salazar;4;2;6036.37;686878.19;113.79;-8.033003;-34.905012
Tamarineira;Rua Neto De Mendonca, 100 - Tamarineira;Rua Neto De Mendonca;4;4;5556.42;796067.18;143.27;-8.035817;-34.901091
Tamarineira;Rua Sebastiao Alves, 243 - Tamarineira;Rua Sebastiao Alves;4;3;3882.8;488456.63;125.8;-8.032734;-34.906805
Tamarineira;Rua Silveira De Carvalho, 71 - Tamarineira;Rua Silveira De Carvalho;4;0;4108.19;425156.26;103.49;-8.027313;-34.901004
Tamarineira;Rua Soares Moreno, -1 - Tamarineira;Rua Soares Moreno;4;2;4965.8;253256.04;51.0;-8.029442;-34.905121
Tamarineira;Rua Soares Moreno, 34 - Tamarineira;Rua Soares Moreno;4;2;5297.13;270153.61;51.0;-8.030307;-34.90562
Tamarineira;Rua Da Boa Vontade, 132 - Tamarineira;Rua Da Boa Vontade;3;2;3662.27;351687.61;96.03;-8.028711;-34.900953
Tamarineira;Rua Joseph Turton, 341 - Tamarineira;Rua Joseph Turton;3;3;3269.84;744999.98;227.84;-8.028692;-34.903855
Tamarineira;Rua Sebastiao Alves, 225 - Tamarineira;Rua Sebastiao Alves;3;2;5094.82;1026860.42;201.55;-8.032602;-34.906663
Tamarineira;Rua Sebastiao Alves, 73 - Tamarineira;Rua Sebastiao Alves;3;3;5217.98;1932268.35;370.31;-8.031623;-34.905783
Tamarineira;Rua Soares Moreno, 15 - Tamarineira;Rua Soares Moreno;3;0;5118.67;294196.38;57.0;-8.030186;-34.904842
Tamarineira;Rua Soares Moreno, 25 - Tamarineira;Rua Soares Moreno;3;2;5440.25;277452.69;51.0;-8.028139;-34.904508
Tamarineira;Rua Soares Moreno, 27 - Tamarineira;Rua Soares Moreno;3;2;4008.65;204441.06;51.0;-8.028668;-34.904679
Tamarineira;Rua Soares Moreno, 35 - Tamarineira;Rua Soares Moreno;3;0;4507.98;229906.89;51.0;-8.030462;-34.905721
Tamarineira;Rua Soares Moreno, 4 - Tamarineira;Rua Soares Moreno;3;0;4522.49;230647.2;51.0;-8.028248;-34.903915
Tamarineira;Rua Cabo Honorio, 120 - Tamarineira;Rua Cabo Honorio;2;2;4695.57;676678.48;144.11;-8.028775;-34.899205
Tamarineira;Rua Cristalina, 24 - Tamarineira;Rua Cristalina;2;2;2538.46;175154.06;69.0;-8.027127;-34.905848
Tamarineira;Rua General Abreu E Lima, 391 - Tamarineira;Rua General Abreu E Lima;2;2;12406.47;1140702.3;291.82;-8.031885;-34.898634
Tamarineira;Rua General Abreu E Lima, 401 - Tamarineira;Rua General Abreu E Lima;2;2;14082.0;1065162.34;75.64;-8.031824;-34.898595
Tamarineira;Rua Jose De Vasconcelos, 197 - Tamarineira;Rua Jose De Vasconcelos;2;1;4314.15;306155.82;70.9;-8.027235;-34.900643
Tamarineira;Rua Jose De Vasconcelos, 84 - Tamarineira;Rua Jose De Vasconcelos;2;2;3346.56;402089.84;120.15;-8.027524;-34.899584
Tamarineira;Rua Sebastiao Alves, 178 - Tamarineira;Rua Sebastiao Alves;2;2;7199.42;631749.04;87.75;-8.031991;-34.90675
Tamarineira;Rua Soares Moreno, 10 - Tamarineira;Rua Soares Moreno;2;2;8648.14;441054.78;51.0;-8.028024;-34.904414
Tamarineira;Rua Soares Moreno, 12 - Tamarineira;Rua Soares Moreno;2;2;4326.44;220648.38;51.0;-8.029686;-34.904604
Tamarineira;Rua Soares Moreno, 17 - Tamarineira;Rua Soares Moreno;2;0;4179.34;213146.32;51.0;-8.030656;-34.905052
Tamarineira;Rua Soares Moreno, 22 - Tamarineira;Rua Soares Moreno;2;0;3132.16;189898.0;63.0;-8.027704;-34.904249
Tamarineira;Rua Soares Moreno, 3 - Tamarineira;Rua Soares Moreno;2;2;4880.69;248915.2;51.0;-8.028078;-34.903838
Tamarineira;Rua Visconde De Abaete, 35 - Tamarineira;Rua Visconde De Abaete;2;0;4078.08;319068.83;78.24;-8.030166;-34.89904
Tamarineira;Avenida Norte Miguel Arraes De Alencar, 3811 - Tamarineira;Avenida Norte Miguel Arraes De Alencar;1;1;3998.82;220734.8;55.2;-8.029653;-34.901158
Tamarineira;Estrada Do Arraial, 2601 - Tamarineira;Estrada Do Arraial;1;0;5425.18;230027.68;42.4;-8.030796;-34.90613
Tamarineira;Estrada Do Arraial, 2622 - Tamarineira;Estrada Do Arraial;1;0;7012.4;357632.3;51.0;-8.030345;-34.906128
Tamarineira;Estrada Do Arraial, 2641 - Tamarineira;Estrada Do Arraial;1;0;5239.29;9606555.34;1833.56;-8.030757;-34.906519
Tamarineira;Rua Cabo Honorio, 129 - Tamarineira;Rua Cabo Honorio;1;0;3837.86;279088.93;72.72;-8.028928;-34.89944
Tamarineira;Rua Cabo Honorio, 71 - Tamarineira;Rua Cabo Honorio;1;0;3547.18;234114.11;66.0;-8.02939;-34.898937
Tamarineira;Rua Da Boa Vontade, 120 - Tamarineira;Rua Da Boa Vontade;1;1;3325.19;167589.82;50.4;-8.028711;-34.900953
Tamarineira;Rua Da Boa Vontade, 151 - Tamarineira;Rua Da Boa Vontade;1;0;4241.14;339715.07;80.1;-8.028648;-34.901046
Tamarineira;Rua Da Boa Vontade, 163 - Tamarineira;Rua Da Boa Vontade;1;0;13.37;2654.33;198.53;-8.028477;-34.901292
Tamarineira;Rua Desembargador Gois Cavalcante, 153 - Tamarineira;Rua Desembargador Gois Cavalcante;1;1;5604.24;363154.47;64.8;-8.031042;-34.908245
Tamarineira;Rua Doutor Antonio Magalhaes Araujo, 31 - Tamarineira;Rua Doutor Antonio Magalhaes Araujo;1;0;3761.54;845443.14;224.76;-8.03003;-34.903175
Tamarineira;Rua General Abreu E Lima, 265 - Tamarineira;Rua General Abreu E Lima;1;0;9437.23;3433549.13;363.83;-8.032958;-34.899246
Tamarineira;Rua General Abreu E Lima, 309 - Tamarineira;Rua General Abreu E Lima;1;0;7484.83;690924.41;92.31;-8.032502;-34.899017
Tamarineira;Rua General Abreu E Lima, 375 - Tamarineira;Rua General Abreu E Lima;1;0;7219.37;969994.0;134.36;-8.032011;-34.898708
Tamarineira;Rua Guimaraes Peixoto, 318 - Tamarineira;Rua Guimaraes Peixoto;1;0;2162.92;486180.12;224.78;-8.027112;-34.906693
Tamarineira;Rua Isaac Salazar, 146 - Tamarineira;Rua Isaac Salazar;1;0;5229.44;1966584.24;376.06;-8.032331;-34.905442
Tamarineira;Rua Isaac Salazar, 228 - Tamarineira;Rua Isaac Salazar;1;0;3488.73;332127.48;95.2;-8.031874;-34.906063
Tamarineira;Rua Isaac Salazar, 32 - Tamarineira;Rua Isaac Salazar;1;0;3901.21;377597.96;96.79;-8.033321;-34.904914
Tamarineira;Rua Jose De Vasconcelos, 98 - Tamarineira;Rua Jose De Vasconcelos;1;0;2965.14;355816.9;120.0;-8.027438;-34.899687
Tamarineira;Rua Joseph Turton, 111 - Tamarineira;Rua Joseph Turton;1;0;1836.33;648259.84;353.02;-8.030542;-34.904675
Tamarineira;Rua Joseph Turton, 340 - Tamarineira;Rua Joseph Turton;1;1;2920.62;966723.68;331.0;-8.028834;-34.903509
Tamarineira;Rua Neto De Mendonca, 25 - Tamarineira;Rua Neto De Mendonca;1;0;6011.42;751307.38;124.98;-8.035726;-34.901847
Tamarineira;Rua Padre Roma, 34 - Tamarineira;Rua Padre Roma;1;1;9065.25;360343.79;39.75;-8.033081;-34.903936
Tamarineira;Rua Ricardo Hardman, 155 - Tamarineira;Rua Ricardo Hardman;1;0;10316.99;5003738.2;485.0;-8.036072;-34.900373
Tamarineira;Rua Sebastiao Alves, 201 - Tamarineira;Rua Sebastiao Alves;1;1;5730.71;798804.06;139.39;-8.032454;-34.906516
Tamarineira;Rua Sebastiao Alves, 220 - Tamarineira;Rua Sebastiao Alves;1;0;4563.04;890705.72;195.2;-8.032329;-34.907046
Tamarineira;Rua Sebastiao Alves, 74 - Tamarineira;Rua Sebastiao Alves;1;0;4370.06;510160.68;116.74;-8.031136;-34.906168
Tamarineira;Rua Silveira De Carvalho, 269 - Tamarineira;Rua Silveira De Carvalho;1;0;3168.36;463245.97;146.21;-8.027313;-34.901004
Tamarineira;Rua Silveira De Carvalho, 270 - Tamarineira;Rua Silveira De Carvalho;1;0;3004.45;746004.71;248.3;-8.026933;-34.901633
Tamarineira;Rua Silveira De Carvalho, 56 - Tamarineira;Rua Silveira De Carvalho;1;0;4185.84;687482.76;164.24;-8.028136;-34.899824
Tamarineira;Rua Simao Mendes, 144 - Tamarineira;Rua Simao Mendes;1;0;6670.82;1146446.52;171.86;-8.034929;-34.903665
Tamarineira;Rua Soares Moreno, 100 - Tamarineira;Rua Soares Moreno;1;0;5185.49;264460.2;51.0;-8.028787;-34.904785
Tamarineira;Rua Soares Moreno, 120 - Tamarineira;Rua Soares Moreno;1;0;4216.26;215029.45;51.0;-8.028787;-34.904785
Tamarineira;Rua Soares Moreno, 13 - Tamarineira;Rua Soares Moreno;1;0;5938.87;302882.38;51.0;-8.029856;-34.904683
Tamarineira;Rua Soares Moreno, 21 - Tamarineira;Rua Soares Moreno;1;0;4433.66;226116.48;51.0;-8.027541;-34.904169
Tamarineira;Rua Soares Moreno, 29 - Tamarineira;Rua Soares Moreno;1;0;3412.67;174045.95;51.0;-8.028967;-34.904857
Tamarineira;Rua Soares Moreno, 30 - Tamarineira;Rua Soares Moreno;1;0;5344.9;272589.9;51.0;-8.029162;-34.904923
Tamarineira;Rua Soares Moreno, 7 - Tamarineira;Rua Soares Moreno;1;0;5054.67;257788.05;51.0;-8.028865;-34.904191
Tamarineira;Rua Soares Moreno, 8 - Tamarineira;Rua Soares Moreno;1;1;4392.47;224015.78;51.0;-8.029008;-34.904287
Tamarineira;Rua Soares Moreno, 9 - Tamarineira;Rua Soares Moreno;1;0;5001.42;255072.34;51.0;-8.029188;-34.904358
Tamarineira;Rua Visconde De Abaete, 113 - Tamarineira;Rua Visconde De Abaete;1;0;2035.88;596247.3;292.87;-8.029662;-34.898582
Tamarineira;Rua Visconde De Abaete, 200 - Tamarineira;Rua Visconde De Abaete;1;0;5217.9;12188398.1;2335.88;-8.029203;-34.897595
Tamarineira;Rua Visconde De Abaete, 221 - Tamarineira;Rua Visconde De Abaete;1;0;5320.12;486418.66;91.43;-8.028842;-34.89784
Tejipio;Rua Queira Deus, 178 - Tejipio;Rua Queira Deus;377;95;2719.56;137011.57;50.38;-8.090523;-34.951295
Tejipio;Avenida Doutor Jose Rufino, 2984 - Tejipio;Avenida Doutor Jose Rufino;105;49;4555.31;287335.37;63.09;-8.091005;-34.948979
Tejipio;Avenida Padre Ibiapina, 420 - Tejipio;Avenida Padre Ibiapina;84;32;5569.37;309841.65;55.63;-8.090523;-34.951295
Tejipio;Rua Sargento Juvencio, 130 - Tejipio;Rua Sargento Juvencio;28;11;5097.07;226813.05;44.92;-8.089142;-34.957588
Tejipio;Avenida Doutor Jose Rufino, 3030 - Tejipio;Avenida Doutor Jose Rufino;17;8;4292.23;273251.5;64.2;-8.091212;-34.949393
Tejipio;Rua Brito Freire, 70 - Tejipio;Rua Brito Freire;12;2;4894.42;187960.18;38.41;-8.090523;-34.951295
Tejipio;Rua Queira Deus, 104 - Tejipio;Rua Queira Deus;7;7;1029.48;181579.65;176.38;-8.090523;-34.951295
Tejipio;Avenida Padre Ibiapina, 64 - Tejipio;Avenida Padre Ibiapina;2;0;2655.56;183073.78;68.94;-8.090523;-34.951295
Tejipio;Rua Quinze De Novembro, 570 - Tejipio;Rua Quinze De Novembro;2;2;5118.04;276374.24;54.0;-8.090523;-34.951295
Tejipio;Rua Quinze De Novembro, 592 - Tejipio;Rua Quinze De Novembro;2;2;962.52;231968.28;241.0;-8.090523;-34.951295
Tejipio;Avenida Doutor Jose Rufino, 3100 - Tejipio;Avenida Doutor Jose Rufino;1;0;9019.09;4090338.69;453.52;-8.091059;-34.950068
Tejipio;Avenida Doutor Jose Rufino, 3306 - Tejipio;Avenida Doutor Jose Rufino;1;0;5060.49;11081667.67;2189.84;-8.091741;-34.944952
Tejipio;Avenida Doutor Jose Rufino, 3340 - Tejipio;Avenida Doutor Jose Rufino;1;0;3229.93;2861719.28;886.0;-8.091741;-34.944952
Tejipio;Avenida Doutor Jose Rufino, 3604 - Tejipio;Avenida Doutor Jose Rufino;1;0;2581.01;431027.96;167.0;-8.091741;-34.944952
Tejipio;Avenida Padre Ibiapina, 56 - Tejipio;Avenida Padre Ibiapina;1;0;3190.51;510481.71;160.0;-8.090523;-34.951295
Tejipio;Rua Alcantara, 335 - Tejipio;Rua Alcantara;1;1;3614.67;353659.08;97.84;-8.090523;-34.951295
Tejipio;Rua Augusto Bamberg De Melo, 101 - Tejipio;Rua Augusto Bamberg De Melo;1;0;1971.33;418276.96;212.18;-8.090523;-34.951295
Tejipio;Rua Augusto Bamberg De Melo, 53 - Tejipio;Rua Augusto Bamberg De Melo;1;0;4292.66;618356.99;144.05;-8.090523;-34.951295
Tejipio;Rua Papa Joao Xxiii, 130 - Tejipio;Rua Papa Joao Xxiii;1;0;3758.69;378687.88;100.75;-8.090523;-34.951295
Tejipio;Rua Papa Joao Xxiii, 223 - Tejipio;Rua Papa Joao Xxiii;1;0;6733.11;612712.88;91.0;-8.090523;-34.951295
Tejipio;Rua Queira Deus, 158 - Tejipio;Rua Queira Deus;1;0;4226.08;156364.95;37.0;-8.090523;-34.951295
Tejipio;Rua Rivadavia Guerra, 39 - Tejipio;Rua Rivadavia Guerra;1;0;5069.67;745241.09;147.0;-8.090523;-34.951295
Tejipio;Rua Soldado Joaquim Xavier, 103 - Tejipio;Rua Soldado Joaquim Xavier;1;0;3771.1;181012.69;48.0;-8.090523;-34.951295
Tejipio;Rua Tertuliano Araujo, 206 - Tejipio;Rua Tertuliano Araujo;1;0;3694.82;630557.71;170.66;-8.090523;-34.951295
Torre;Rua Jose De Holanda, 854 - Torre;Rua Jose De Holanda;199;110;8230.92;437406.03;53.14;-8.044784;-34.912373
Torre;Rua Real Da Torre, 1130 - Torre;Rua Real Da Torre;162;15;8704.71;519184.83;62.63;-8.047541;-34.909524
Torre;Rua Pio Ix, 435 - Torre;Rua Pio Ix;136;75;8786.57;565554.55;64.41;-8.044908;-34.911639
Torre;Rua Professora Angela Pinto, 97 - Torre;Rua Professora Angela Pinto;113;58;5233.56;331607.06;63.55;-8.038866;-34.908454
Torre;Rua Pio Ix, 249 - Torre;Rua Pio Ix;93;41;7940.18;572273.56;72.03;-8.046265;-34.91116
Torre;Rua Real Da Torre, 1288 - Torre;Rua Real Da Torre;85;53;5166.1;802306.27;228.46;-8.045632;-34.909176
Torre;Rua Frei Jaboatao, 280 - Torre;Rua Frei Jaboatao;75;33;4840.03;316440.03;65.38;-8.039968;-34.906362
Torre;Rua Padre Anchieta, 256 - Torre;Rua Padre Anchieta;61;28;6964.33;587928.3;84.42;-8.047232;-34.906716
Torre;Rua Benjamin Constant, 159 - Torre;Rua Benjamin Constant;51;22;5685.63;420053.18;73.91;-8.045176;-34.906129
Torre;Rua Visconde De Itaparica, 84 - Torre;Rua Visconde De Itaparica;45;12;5995.05;378062.94;63.08;-8.041797;-34.909317
Torre;Rua Visconde De Itaparica, 142 - Torre;Rua Visconde De Itaparica;32;24;6870.96;417410.75;60.75;-8.042074;-34.909805
Torre;Rua Dos Operarios, 321 - Torre;Rua Dos Operarios;29;19;6692.24;366764.87;54.82;-8.044208;-34.907339
Torre;Rua Aurelio Domingues, 180 - Torre;Rua Aurelio Domingues;28;12;9373.68;2334799.94;247.43;-8.038108;-34.907398
Torre;Rua Frei Jaboatao, 180 - Torre;Rua Frei Jaboatao;23;7;8050.18;1703336.91;211.59;-8.03992;-34.907456
Torre;Rua Visconde De Itaparica, 174 - Torre;Rua Visconde De Itaparica;23;11;5577.2;346679.02;62.16;-8.042111;-34.910263
Torre;Rua Benjamin Constant, 232 - Torre;Rua Benjamin Constant;22;14;5316.74;637261.26;119.86;-8.04507;-34.905208
Torre;Rua Professor Trajano De Mendonca, 320 - Torre;Rua Professor Trajano De Mendonca;22;4;6088.85;331127.45;54.38;-8.043145;-34.909082
Torre;Avenida Beira Rio, 1305 - Torre;Avenida Beira Rio;20;9;9141.55;1098448.59;120.16;-8.050168;-34.90346
Torre;Rua Horacio Cahu, 61 - Torre;Rua Horacio Cahu;20;14;6367.8;504776.89;79.4;-8.046095;-34.912456
Torre;Rua Vitoriano Palhares, 218 - Torre;Rua Vitoriano Palhares;20;11;7285.94;468631.37;64.32;-8.043573;-34.909903
Torre;Rua Jose De Holanda, 580 - Torre;Rua Jose De Holanda;16;9;7519.69;627899.98;83.49;-8.044699;-34.909486
Torre;Avenida Beira Rio Governador Eduardo Campos, 741 - Torre;Avenida Beira Rio Governador Eduardo Campos;15;7;7097.28;418494.24;59.03;-8.044381;-34.909827
Torre;Rua Pio Ix, 496 - Torre;Rua Pio Ix;15;8;5439.34;366631.75;67.45;-8.043913;-34.911479
Torre;Rua Real Da Torre, 1448 - Torre;Rua Real Da Torre;15;4;5992.53;502776.28;83.89;-8.044329;-34.909909
Torre;Rua Jose De Holanda, 827 - Torre;Rua Jose De Holanda;13;5;8059.22;554488.39;69.24;-8.045545;-34.911566
Torre;Rua Vitoriano Palhares, 194 - Torre;Rua Vitoriano Palhares;13;5;6928.72;447595.17;64.6;-8.043516;-34.909508
Torre;Rua Padre Anchieta, 42 - Torre;Rua Padre Anchieta;11;2;4764.32;635376.1;133.3;-8.047232;-34.906716
Torre;Rua Real Da Torre, 1275 - Torre;Rua Real Da Torre;10;2;8926.27;1026074.38;114.95;-8.046006;-34.910011
Torre;Rua Conde De Iraja, 160 - Torre;Rua Conde De Iraja;9;2;5917.72;477195.51;80.87;-8.045461;-34.905239
Torre;Rua Conde De Iraja, 163 - Torre;Rua Conde De Iraja;9;2;7583.06;522304.8;68.87;-8.045965;-34.90882
Torre;Rua Jose Bonifacio, 1356 - Torre;Rua Jose Bonifacio;9;5;5822.63;373067.74;64.07;-8.039016;-34.908955
Torre;Rua Neto Campelo, 70 - Torre;Rua Neto Campelo;9;6;8570.48;1778973.99;207.57;-8.046715;-34.908178
Torre;Rua Real Da Torre, 1465 - Torre;Rua Real Da Torre;9;2;6814.89;713996.34;104.77;-8.04436;-34.910508
Torre;Rua Doutor Vicente Ferreira, 187 - Torre;Rua Doutor Vicente Ferreira;8;1;7612.17;574085.89;76.12;-8.043934;-34.911152
Torre;Rua Dom Manoel Da Costa, 40 - Torre;Rua Dom Manoel Da Costa;7;4;4593.24;416657.95;90.71;-8.047301;-34.909587
Torre;Rua Real Da Torre, 1507 - Torre;Rua Real Da Torre;7;4;7020.03;694491.28;98.93;-8.044002;-34.910701
Torre;Rua Vitoriano Palhares, 250 - Torre;Rua Vitoriano Palhares;7;2;7138.95;450110.71;63.05;-8.043603;-34.910255
Torre;Rua Aurelio Domingues, 173 - Torre;Rua Aurelio Domingues;6;4;6014.8;1777614.2;295.54;-8.038064;-34.907935
Torre;Rua Benjamin Constant, 254 - Torre;Rua Benjamin Constant;6;0;7303.04;883375.92;120.96;-8.045035;-34.904957
Torre;Rua Marcos Andre, 200 - Torre;Rua Marcos Andre;6;3;8698.34;1794033.48;206.25;-8.040464;-34.907315
Torre;Praça Professor Barreto Campello, 1183 - Torre;Praça Professor Barreto Campello;5;4;4787.08;361610.35;75.62;-8.047551;-34.913912
Torre;Rua Benjamin Constant, 136 - Torre;Rua Benjamin Constant;5;0;4240.81;367850.52;86.47;-8.045178;-34.905982
Torre;Rua Jose De Holanda, 485 - Torre;Rua Jose De Holanda;5;2;7437.31;466510.78;62.53;-8.045135;-34.908704
Torre;Rua Marques De Marica, 12 - Torre;Rua Marques De Marica;5;1;6153.13;390547.7;63.47;-8.04729;-34.915127
Torre;Rua Marques De Marica, 197 - Torre;Rua Marques De Marica;5;3;5586.25;456731.54;81.76;-8.047812;-34.916846
Torre;Rua Visconde De Itaparica, 214 - Torre;Rua Visconde De Itaparica;5;2;4423.08;291348.34;65.87;-8.042166;-34.910637
Torre;Praça Professor Barreto Campello, 155 - Torre;Praça Professor Barreto Campello;4;0;4856.57;476721.04;98.16;-8.047742;-34.914177
Torre;Rua Benjamin Constant, 204 - Torre;Rua Benjamin Constant;4;4;3085.35;342443.15;110.99;-8.045107;-34.905472
Torre;Rua Conde De Iraja, 301 - Torre;Rua Conde De Iraja;4;1;7412.2;395588.95;53.37;-8.045965;-34.90882
Torre;Rua Conde De Iraja, 144 - Torre;Rua Conde De Iraja;3;2;3496.16;208468.98;59.47;-8.04544;-34.905077
Torre;Rua Davino Pontual, 182 - Torre;Rua Davino Pontual;3;1;9173.71;518128.8;56.56;-8.047174;-34.908201
Torre;Rua Dom Manoel Da Costa, 226 - Torre;Rua Dom Manoel Da Costa;3;0;3187.33;546477.85;171.45;-8.047588;-34.911238
Torre;Rua Doutor Vicente Ferreira, 181 - Torre;Rua Doutor Vicente Ferreira;3;3;3753.15;973416.98;259.36;-8.04364;-34.911325
Torre;Rua Jose Bonifacio, 503 - Torre;Rua Jose Bonifacio;3;2;4677.41;434577.75;92.91;-8.046847;-34.907053
Torre;Rua Pio Ix, 261 - Torre;Rua Pio Ix;3;3;7799.09;1904381.24;244.18;-8.046068;-34.91123
Torre;Rua Professora Angela Pinto, 40 - Torre;Rua Professora Angela Pinto;3;0;3259.6;273350.41;83.86;-8.039281;-34.907811
Torre;Rua Diogo Alvares, 98 - Torre;Rua Diogo Alvares;2;2;3251.23;813977.16;250.36;-8.048216;-34.91589
Torre;Rua Laura Campelo, 130 - Torre;Rua Laura Campelo;2;0;7664.47;839489.7;109.53;-8.04557;-34.911965
Torre;Rua Padre Anchieta, 442 - Torre;Rua Padre Anchieta;2;2;2435.17;528212.21;216.91;-8.047086;-34.907391
Torre;Rua Pio Ix, 269 - Torre;Rua Pio Ix;2;2;3512.3;1110765.49;316.25;-8.045961;-34.91126
Torre;Rua Professor Trajano De Mendonca, 440 - Torre;Rua Professor Trajano De Mendonca;2;2;11314.12;4213717.98;372.43;-8.043999;-34.909569
Torre;Rua Vereador Carlos Duarte, 17 - Torre;Rua Vereador Carlos Duarte;2;0;1528.79;99646.29;65.18;-8.044381;-34.909827
Torre;Praça Professor Barreto Campello, 1174 - Torre;Praça Professor Barreto Campello;1;1;6276.63;1713520.26;273.0;-8.046992;-34.914522
Torre;Rua Ana Nery, 23 - Torre;Rua Ana Nery;1;0;8091.91;299400.58;37.0;-8.041026;-34.90768
Torre;Rua Ana Nery, 7 - Torre;Rua Ana Nery;1;0;7094.62;333447.24;47.0;-8.041682;-34.908095
Torre;Rua Aurelio Domingues, 126 - Torre;Rua Aurelio Domingues;1;0;15036.56;523572.88;34.82;-8.03834;-34.907865
Torre;Rua Aurelio Domingues, 47 - Torre;Rua Aurelio Domingues;1;0;3808.75;292511.92;76.8;-8.039194;-34.907549
Torre;Rua Benjamin Constant, 146 - Torre;Rua Benjamin Constant;1;0;8473.49;327585.26;38.66;-8.045532;-34.907628
Torre;Rua Benjamin Constant, 147 - Torre;Rua Benjamin Constant;1;0;6737.81;2071000.19;307.37;-8.04473;-34.906065
Torre;Rua Benjamin Constant, 205 - Torre;Rua Benjamin Constant;1;0;4869.42;681718.83;140.0;-8.044749;-34.905495
Torre;Rua Benjamin Constant, 225 - Torre;Rua Benjamin Constant;1;0;4187.01;956857.17;228.53;-8.044726;-34.905329
Torre;Rua Benjamin Constant, 253 - Torre;Rua Benjamin Constant;1;0;3826.87;210477.61;55.0;-8.045176;-34.906129
Torre;Rua Conde De Iraja, 233 - Torre;Rua Conde De Iraja;1;0;6443.87;700964.43;108.78;-8.045965;-34.90882
Torre;Rua Conde De Iraja, 893 - Torre;Rua Conde De Iraja;1;0;5255.01;467486.08;88.96;-8.046839;-34.911764
Torre;Rua Dom Manoel Da Costa, 196 - Torre;Rua Dom Manoel Da Costa;1;0;1084.68;75927.86;70.0;-8.047554;-34.910959
Torre;Rua Dom Manoel Da Costa, 26 - Torre;Rua Dom Manoel Da Costa;1;0;2391.05;664759.82;278.02;-8.0473;-34.909474
Torre;Rua Dom Manoel Da Costa, 316 - Torre;Rua Dom Manoel Da Costa;1;0;6129.31;624883.44;101.95;-8.04762;-34.912033
Torre;Rua Doutor Vicente Ferreira, 139 - Torre;Rua Doutor Vicente Ferreira;1;0;26430.84;951510.26;36.0;-8.043994;-34.911215
Torre;Rua Doutor Vicente Ferreira, 159 - Torre;Rua Doutor Vicente Ferreira;1;0;24273.22;951510.26;39.2;-8.043834;-34.911265
Torre;Rua Figueiroa Faria, 47 - Torre;Rua Figueiroa Faria;1;0;1350.81;177253.36;131.22;-8.043342;-34.909728
Torre;Rua Figueiroa Faria, 70 - Torre;Rua Figueiroa Faria;1;0;3605.03;800388.51;222.02;-8.043277;-34.909881
Torre;Rua Figueiroa Faria, 83 - Torre;Rua Figueiroa Faria;1;0;3547.7;1053666.76;297.0;-8.043326;-34.909766
Torre;Rua Joao De Deus, 109 - Torre;Rua Joao De Deus;1;0;3573.49;581334.65;162.68;-8.047163;-34.910308
Torre;Rua Joao De Deus, 117 - Torre;Rua Joao De Deus;1;0;5034.86;829140.72;164.68;-8.047183;-34.910374
Torre;Rua Joao De Deus, 17 - Torre;Rua Joao De Deus;1;0;3883.96;815631.79;210.0;-8.046963;-34.909487
Torre;Rua Marques De Marica, 169 - Torre;Rua Marques De Marica;1;0;4959.49;355744.06;71.73;-8.047836;-34.916569
Torre;Rua Melquisedeque De Lima, 231 - Torre;Rua Melquisedeque De Lima;1;0;3779.37;854326.44;226.05;-8.044381;-34.909827
Torre;Rua Neto Campelo, 91 - Torre;Rua Neto Campelo;1;0;3656.72;1623840.11;444.07;-8.046824;-34.9075
Torre;Rua Padre Anchieta, 208 - Torre;Rua Padre Anchieta;1;0;13185.27;833836.52;63.24;-8.047232;-34.906716
Torre;Rua Padre Anchieta, 212 - Torre;Rua Padre Anchieta;1;0;3234.32;396657.38;122.64;-8.047232;-34.906716
Torre;Rua Padre Anchieta, 270 - Torre;Rua Padre Anchieta;1;0;6759.0;774716.34;114.62;-8.047232;-34.906716
Torre;Rua Padre Anchieta, 458 - Torre;Rua Padre Anchieta;1;1;1295.51;541483.88;417.97;-8.047111;-34.907523
Torre;Rua Pio Ix, 151 - Torre;Rua Pio Ix;1;0;3291.85;386923.93;117.54;-8.042963;-34.911312
Torre;Rua Pio Ix, 167 - Torre;Rua Pio Ix;1;0;1729.43;237261.18;137.19;-8.043105;-34.91131
Torre;Rua Pio Ix, 289 - Torre;Rua Pio Ix;1;0;6723.36;488721.34;72.69;-8.045261;-34.911479
Torre;Rua Pio Ix, 301 - Torre;Rua Pio Ix;1;0;6111.41;1825418.32;298.69;-8.045754;-34.91133
Torre;Rua Pio Ix, 430 - Torre;Rua Pio Ix;1;0;3701.23;776776.7;209.87;-8.044378;-34.911333
Torre;Rua Pio Ix, 466 - Torre;Rua Pio Ix;1;0;4226.67;523219.78;123.79;-8.044188;-34.911393
Torre;Rua Pio Ix, 470 - Torre;Rua Pio Ix;1;0;3240.05;756001.57;233.33;-8.044122;-34.911413
Torre;Rua Professora Angela Pinto, 99 - Torre;Rua Professora Angela Pinto;1;0;4668.7;865157.28;185.31;-8.038651;-34.90802
Torre;Rua Real Da Torre, 1118 - Torre;Rua Real Da Torre;1;0;11496.49;2611541.7;227.16;-8.047183;-34.909015
Torre;Rua Real Da Torre, 1166 - Torre;Rua Real Da Torre;1;0;3605.58;279504.72;77.52;-8.046739;-34.909068
Torreao;Rua Othon Paraiso, 211 - Torreao;Rua Othon Paraiso;43;17;7984.36;567057.17;71.01;-8.039356;-34.883813
Torreao;Rua Djalma Farias, 365 - Torreao;Rua Djalma Farias;10;2;2824.57;111298.51;40.1;-8.039459;-34.88322
Torreao;Avenida Governador Agamenon Magalhaes, 1500 - Torreao;Avenida Governador Agamenon Magalhaes;9;4;3617.19;567633.52;156.86;-8.041154;-34.883918
Torreao;Avenida Governador Agamenon Magalhaes, 129 - Torreao;Avenida Governador Agamenon Magalhaes;8;3;4137.71;786784.62;196.36;-8.041423;-34.884257
Torreao;Rua Othon Paraiso, 121 - Torreao;Rua Othon Paraiso;8;0;7839.12;399813.4;50.97;-8.039102;-34.883789
Torreao;Rua Candido Lacerda, 221 - Torreao;Rua Candido Lacerda;7;0;9161.46;615631.7;67.25;-8.040519;-34.883942
Torreao;Avenida Governador Agamenon Magalhaes, 1330 - Torreao;Avenida Governador Agamenon Magalhaes;6;5;5525.1;396388.26;72.36;-8.040526;-34.882311
Torreao;Rua Dom Joao Costa, 299 - Torreao;Rua Dom Joao Costa;4;0;5026.96;579557.62;115.29;-8.038914;-34.883942
Torreao;Avenida Governador Agamenon Magalhaes, 1470 - Torreao;Avenida Governador Agamenon Magalhaes;1;0;8852.08;9509519.76;1074.27;-8.041106;-34.883588
Torreao;Rua Augusto Rodrigues, 20 - Torreao;Rua Augusto Rodrigues;1;0;1936.25;708337.35;365.83;-8.040366;-34.886468
Torreao;Rua Augusto Rodrigues, 424 - Torreao;Rua Augusto Rodrigues;1;0;3072.74;789846.6;257.05;-8.038595;-34.88428
Torreao;Rua Augusto Rodrigues, 78 - Torreao;Rua Augusto Rodrigues;1;0;3716.39;1851430.66;498.18;-8.040038;-34.886013
Torreao;Rua Djalma Farias, 144 - Torreao;Rua Djalma Farias;1;0;5091.03;1030322.93;202.38;-8.040643;-34.884901
Torreao;Rua Djalma Farias, 169 - Torreao;Rua Djalma Farias;1;0;3795.82;932897.69;245.77;-8.040141;-34.884877
Torreao;Rua Djalma Farias, 183 - Torreao;Rua Djalma Farias;1;0;2901.23;1634177.36;563.27;-8.040096;-34.884752
Torreao;Rua Djalma Farias, 216 - Torreao;Rua Djalma Farias;1;0;3798.14;466412.12;122.8;-8.040376;-34.884324
Torreao;Rua Djalma Farias, 29 - Torreao;Rua Djalma Farias;1;0;1945.6;903087.84;464.17;-8.040689;-34.88601
Torroes;Rua Uruba, 99 - Torroes;Rua Uruba;5;0;3136.9;210897.55;67.29;-8.060086;-34.932745
Torroes;Rua Desembargador Capistrano De Moraes E Silva, 166 - Torroes;Rua Desembargador Capistrano De Moraes E Silva;2;2;4949.84;295010.92;59.6;-8.06632;-34.933085
Torroes;Rua Desembargador Capistrano De Moraes E Silva, 37 - Torroes;Rua Desembargador Capistrano De Moraes E Silva;2;2;4152.02;433595.92;104.43;-8.066568;-34.933009
Torroes;Rua Desembargador Capistrano De Moraes E Silva, 61 - Torroes;Rua Desembargador Capistrano De Moraes E Silva;2;2;2981.62;322879.63;108.29;-8.065486;-34.93246
Torroes;Rua Doutor Aniceto Ribeiro Varejao, 281 - Torroes;Rua Doutor Aniceto Ribeiro Varejao;2;2;1604.85;527064.52;328.42;-8.067621;-34.932586
Torroes;Rua Desembargador Capistrano De Moraes E Silva, 134 - Torroes;Rua Desembargador Capistrano De Moraes E Silva;1;0;3539.12;644226.39;182.03;-8.066037;-34.932993
Torroes;Rua Desembargador Capistrano De Moraes E Silva, 149 - Torroes;Rua Desembargador Capistrano De Moraes E Silva;1;0;4658.3;657332.38;141.11;-8.066264;-34.932715
Torroes;Rua Desembargador Capistrano De Moraes E Silva, 216 - Torroes;Rua Desembargador Capistrano De Moraes E Silva;1;0;2421.63;632383.37;261.14;-8.066768;-34.93323
Torroes;Rua Desembargador Capistrano De Moraes E Silva, 26 - Torroes;Rua Desembargador Capistrano De Moraes E Silva;1;0;3709.21;651151.9;175.55;-8.064947;-34.932636
Torroes;Rua Desembargador Capistrano De Moraes E Silva, 272 - Torroes;Rua Desembargador Capistrano De Moraes E Silva;1;0;1882.98;471215.59;250.25;-8.067275;-34.933399
Torroes;Rua Desembargador Capistrano De Moraes E Silva, 315 - Torroes;Rua Desembargador Capistrano De Moraes E Silva;1;0;2251.63;358121.78;159.05;-8.067738;-34.933197
Torroes;Rua Desembargador Capistrano De Moraes E Silva, 339 - Torroes;Rua Desembargador Capistrano De Moraes E Silva;1;0;4486.76;455316.12;101.48;-8.067949;-34.933267
Torroes;Rua Desembargador Capistrano De Moraes E Silva, 403 - Torroes;Rua Desembargador Capistrano De Moraes E Silva;1;0;4087.86;418719.97;102.43;-8.068518;-34.933452
Torroes;Rua Desembargador Capistrano De Moraes E Silva, 42 - Torroes;Rua Desembargador Capistrano De Moraes E Silva;1;0;2190.28;348933.31;159.31;-8.065188;-34.932711
Torroes;Rua Desembargador Capistrano De Moraes E Silva, 427 - Torroes;Rua Desembargador Capistrano De Moraes E Silva;1;0;4979.71;296790.45;59.6;-8.068733;-34.93352
Torroes;Rua Desembargador Capistrano De Moraes E Silva, 440 - Torroes;Rua Desembargador Capistrano De Moraes E Silva;1;0;3611.11;486597.34;134.75;-8.068766;-34.933887
Torroes;Rua Desembargador Capistrano De Moraes E Silva, 45 - Torroes;Rua Desembargador Capistrano De Moraes E Silva;1;0;3949.94;470595.65;119.14;-8.065348;-34.932415
Torroes;Rua Desembargador Capistrano De Moraes E Silva, 74 - Torroes;Rua Desembargador Capistrano De Moraes E Silva;1;0;4514.81;495771.05;109.81;-8.065471;-34.932803
Torroes;Rua Desembargador Capistrano De Moraes E Silva, 90 - Torroes;Rua Desembargador Capistrano De Moraes E Silva;1;0;3167.55;591413.94;186.71;-8.06561;-34.932855
Torroes;Rua Doutor Aniceto Ribeiro Varejao, 106 - Torroes;Rua Doutor Aniceto Ribeiro Varejao;1;0;2644.47;515141.96;194.8;-8.065978;-34.932393
Torroes;Rua Doutor Aniceto Ribeiro Varejao, 123 - Torroes;Rua Doutor Aniceto Ribeiro Varejao;1;0;3370.76;335424.34;99.51;-8.066233;-34.93213
Torroes;Rua Doutor Aniceto Ribeiro Varejao, 162 - Torroes;Rua Doutor Aniceto Ribeiro Varejao;1;0;3730.42;564225.99;151.25;-8.066478;-34.932551
Torroes;Rua Doutor Aniceto Ribeiro Varejao, 186 - Torroes;Rua Doutor Aniceto Ribeiro Varejao;1;0;2635.01;545105.07;206.87;-8.066689;-34.932623
Torroes;Rua Doutor Aniceto Ribeiro Varejao, 187 - Torroes;Rua Doutor Aniceto Ribeiro Varejao;1;0;2848.41;459562.59;161.34;-8.066803;-34.932315
Torroes;Rua Doutor Aniceto Ribeiro Varejao, 297 - Torroes;Rua Doutor Aniceto Ribeiro Varejao;1;0;3512.52;494352.63;140.74;-8.067762;-34.932632
Torroes;Rua Doutor Aniceto Ribeiro Varejao, 305 - Torroes;Rua Doutor Aniceto Ribeiro Varejao;1;0;4643.51;577235.02;124.31;-8.067835;-34.932655
Torroes;Rua Doutor Aniceto Ribeiro Varejao, 353 - Torroes;Rua Doutor Aniceto Ribeiro Varejao;1;0;4115.87;401627.05;97.58;-8.068257;-34.932795
Torroes;Rua Doutor Aniceto Ribeiro Varejao, 354 - Torroes;Rua Doutor Aniceto Ribeiro Varejao;1;0;2350.35;396245.88;168.59;-8.068157;-34.93312
Torroes;Rua Doutor Aniceto Ribeiro Varejao, 418 - Torroes;Rua Doutor Aniceto Ribeiro Varejao;1;0;4526.71;432753.05;95.6;-8.06873;-34.933289
Torroes;Rua Doutor Aniceto Ribeiro Varejao, 425 - Torroes;Rua Doutor Aniceto Ribeiro Varejao;1;0;2874.37;422446.58;146.97;-8.068897;-34.933005
Torroes;Rua Doutor Aniceto Ribeiro Varejao, 59 - Torroes;Rua Doutor Aniceto Ribeiro Varejao;1;0;4199.09;618315.73;147.25;-8.065667;-34.931945
Torroes;Rua Doutor Aniceto Ribeiro Varejao, 75 - Torroes;Rua Doutor Aniceto Ribeiro Varejao;1;0;3667.78;748043.44;203.95;-8.065809;-34.931989
Torroes;Rua Doutor Aniceto Ribeiro Varejao, 82 - Torroes;Rua Doutor Aniceto Ribeiro Varejao;1;0;3879.89;614807.01;158.46;-8.065767;-34.932322
Torroes;Rua Onze De Fevereiro, 247 - Torroes;Rua Onze De Fevereiro;1;1;3752.52;169088.63;45.06;-8.061175;-34.932644
Torroes;Rua Quinze De Marco, 438 - Torroes;Rua Quinze De Marco;1;0;3179.73;429835.66;135.18;-8.067902;-34.932447
Torroes;Rua Quinze De Marco, 470 - Torroes;Rua Quinze De Marco;1;0;2790.75;490000.0;175.58;-8.068184;-34.932538
Toto;Rua Ana Carneiro D Albuquerque, 33 - Toto;Rua Ana Carneiro D Albuquerque;1;0;24346.68;467456.24;19.2;-8.0578;-34.8829
Toto;Rua Paulino De Farias, 780 - Toto;Rua Paulino De Farias;1;0;5248.7;366096.74;69.75;-8.0578;-34.8829
Varzea;Rua Ministro Mario Andreazza, 1000 - Varzea;Rua Ministro Mario Andreazza;313;25;4670.95;258579.6;55.39;-8.066805;-34.983601
Varzea;Rua General Polidoro, 320 - Varzea;Rua General Polidoro;178;44;6481.09;416200.49;64.32;-8.039391;-34.946793
Varzea;Rua Dona Maria Lacerda, 360 - Varzea;Rua Dona Maria Lacerda;103;6;5301.79;276223.12;52.1;-8.047331;-34.961355
Varzea;Rua Rodrigues Ferreira, 45 - Varzea;Rua Rodrigues Ferreira;102;68;4874.84;270943.45;55.58;-8.033153;-34.953716
Varzea;Rua Major Joao Ribeiro Pinheiro, 210 - Varzea;Rua Major Joao Ribeiro Pinheiro;69;45;5109.83;191542.62;37.78;-8.040605;-34.95403
Varzea;Rua Emiliano Braga, 1069 - Varzea;Rua Emiliano Braga;67;4;7503.87;260974.04;34.78;-8.0381;-34.94656
Varzea;Rua Torres Homem, 633 - Varzea;Rua Torres Homem;48;14;5298.38;207282.93;39.55;-8.040166;-34.954926
Varzea;Rua Francisco Lacerda, 90 - Varzea;Rua Francisco Lacerda;38;21;5111.22;334115.73;65.37;-8.047888;-34.957758
Varzea;Rua Professor Antonio Coelho, 358 - Varzea;Rua Professor Antonio Coelho;38;2;7349.84;227408.56;30.94;-8.043245;-34.945817
Varzea;Rua Professor Chaves Batista, 200 - Varzea;Rua Professor Chaves Batista;37;24;7451.75;495753.02;66.53;-8.039072;-34.945376
Varzea;Rua Maria Jaboatao, 59 - Varzea;Rua Maria Jaboatao;36;8;5160.27;351393.67;68.09;-8.043934;-34.947931
Varzea;Rua Almir Azevedo, 26 - Varzea;Rua Almir Azevedo;35;7;5737.84;434067.1;75.7;-8.040897;-34.944519
Varzea;Rua Mario Campelo, 201 - Varzea;Rua Mario Campelo;30;4;6497.66;299234.27;46.06;-8.051769;-34.959625
Varzea;Avenida Afonso Olindense, 1436 - Varzea;Avenida Afonso Olindense;28;12;6248.53;370072.86;59.24;-8.04329;-34.959091
Varzea;Rua Coronel Celio Regueira, 60 - Varzea;Rua Coronel Celio Regueira;25;2;6906.19;503265.74;72.76;-8.04505;-34.94496
Varzea;Rua Emiliano Braga, 1019 - Varzea;Rua Emiliano Braga;25;16;4894.32;278046.07;56.81;-8.037158;-34.948881
Varzea;Rua Francisco Leopoldino, 633 - Varzea;Rua Francisco Leopoldino;25;9;3672.36;207780.56;56.57;-8.040274;-34.95124
Varzea;Avenida Professor Artur De Sa, 140 - Varzea;Avenida Professor Artur De Sa;21;7;4155.59;371884.16;89.51;-8.04619;-34.948018
Varzea;Rua Antonio Nogueira, 85 - Varzea;Rua Antonio Nogueira;21;15;4501.1;297518.42;66.13;-8.039504;-34.949041
Varzea;Rua Almir Azevedo, 175 - Varzea;Rua Almir Azevedo;20;4;6137.35;457978.4;75.07;-8.040897;-34.944519
Varzea;Rua Expedicionario Damasio Gomes, 200 - Varzea;Rua Expedicionario Damasio Gomes;19;6;6095.5;465752.21;76.41;-8.044822;-34.947392
Varzea;Rua Professor Chaves Batista, 170 - Varzea;Rua Professor Chaves Batista;19;12;6630.26;475872.22;71.87;-8.038853;-34.945145
Varzea;Rua Estevao De Sa, 390 - Varzea;Rua Estevao De Sa;14;1;4714.75;295320.46;62.67;-8.039115;-34.948705
Varzea;Rua Amaro Gomes Poroca, 317 - Varzea;Rua Amaro Gomes Poroca;13;4;5650.96;371084.05;62.89;-8.048955;-34.95653
Varzea;Rua Engenheiro Vasconcelos Bittencourt, 45 - Varzea;Rua Engenheiro Vasconcelos Bittencourt;13;6;4284.51;221723.56;51.75;-8.040052;-34.952211
Varzea;Rua Joao Francisco Lisboa, 120 - Varzea;Rua Joao Francisco Lisboa;13;2;4522.56;322549.34;71.32;-8.050395;-34.960465
Varzea;Rua Major Joao Ribeiro Pinheiro, 245 - Varzea;Rua Major Joao Ribeiro Pinheiro;13;8;3820.22;193526.77;50.66;-8.040605;-34.95403
Varzea;Rua Professor Antonio Coelho, 934 - Varzea;Rua Professor Antonio Coelho;13;7;3546.28;280766.92;79.2;-8.046012;-34.946819
Varzea;Rua General Polidoro, 1010 - Varzea;Rua General Polidoro;12;8;5713.48;357338.82;62.58;-8.045821;-34.948181
Varzea;Rua Professor Antonio Coelho, 276 - Varzea;Rua Professor Antonio Coelho;12;2;4412.62;236292.56;53.58;-8.040225;-34.945022
Varzea;Rua Marechal Manoel Luis Osorio, 447 - Varzea;Rua Marechal Manoel Luis Osorio;11;4;4967.84;352617.43;70.98;-8.041617;-34.945033
Varzea;Rua Joao Sales Menezes, 340 - Varzea;Rua Joao Sales Menezes;10;5;6932.48;452665.03;65.31;-8.040677;-34.942969
Varzea;Avenida Barao De Bonito, 671 - Varzea;Avenida Barao De Bonito;9;2;4351.1;217163.45;49.91;-8.040417;-34.951879
Varzea;Rua Cassilandia, 67 - Varzea;Rua Cassilandia;9;2;7302.48;364295.64;51.42;-8.044291;-34.950487
Varzea;Rua Caxanga Agape, 4643 - Varzea;Rua Caxanga Agape;9;0;7047.23;388007.79;55.06;-8.036463;-34.948051
Varzea;Rua Marechal Manoel Luis Osorio, 365 - Varzea;Rua Marechal Manoel Luis Osorio;9;4;4475.34;343271.61;76.59;-8.041233;-34.946391
Varzea;Rua Professor Antonio Coelho, 772 - Varzea;Rua Professor Antonio Coelho;9;5;3186.82;352971.94;110.76;-8.044483;-34.946261
Varzea;Rua Visconde De Barbacena, 296 - Varzea;Rua Visconde De Barbacena;9;4;4232.38;306382.09;72.39;-8.044691;-34.945583
Varzea;Rua Almir Azevedo, 89 - Varzea;Rua Almir Azevedo;8;5;4064.78;357578.26;87.97;-8.040925;-34.944805
Varzea;Rua Desembargador Altino, 107 - Varzea;Rua Desembargador Altino;8;6;8245.86;398604.74;48.34;-8.037643;-34.957908
Varzea;Rua Marechal Manoel Luis Osorio, 318 - Varzea;Rua Marechal Manoel Luis Osorio;8;8;4450.9;318684.84;71.6;-8.040828;-34.946137
Varzea;Rua Almir Azevedo, 76 - Varzea;Rua Almir Azevedo;7;2;4218.94;229393.28;54.36;-8.040603;-34.944547
Varzea;Rua Antonio Nogueira, 210 - Varzea;Rua Antonio Nogueira;7;2;3237.09;220439.37;68.1;-8.039956;-34.948241
Varzea;Rua Desembargador Rodolfo Aureliano, 24 - Varzea;Rua Desembargador Rodolfo Aureliano;7;4;4035.02;247498.42;61.47;-8.042297;-34.958695
Varzea;Rua Marechal Manoel Luis Osorio, 85 - Varzea;Rua Marechal Manoel Luis Osorio;7;2;4213.25;299071.47;71.05;-8.041858;-34.944091
Varzea;Rua Visconde De Barbacena, 329 - Varzea;Rua Visconde De Barbacena;7;2;4177.33;291912.25;69.88;-8.045179;-34.945361
Varzea;Rua General Adauto Gomes Barbosa, 94 - Varzea;Rua General Adauto Gomes Barbosa;6;2;2663.34;353745.34;132.82;-8.048677;-34.955158
Varzea;Rua General Polidoro, 100 - Varzea;Rua General Polidoro;6;2;4808.88;359992.53;74.86;-8.037764;-34.946067
Varzea;Rua Odon Rodrigues De Morais Rego, 63 - Varzea;Rua Odon Rodrigues De Morais Rego;6;4;4452.24;332894.0;74.77;-8.042344;-34.945029
Varzea;Rua Marechal Manoel Luis Osorio, 208 - Varzea;Rua Marechal Manoel Luis Osorio;5;2;2726.94;320634.02;117.58;-8.04121;-34.944879
Varzea;Rua Marechal Manoel Luis Osorio, 315 - Varzea;Rua Marechal Manoel Luis Osorio;5;2;3478.17;361659.85;103.98;-8.041351;-34.945961
Varzea;Rua Professor Chaves Batista, 286 - Varzea;Rua Professor Chaves Batista;5;3;4974.06;256661.53;51.6;-8.039901;-34.945721
Varzea;Avenida Professor Artur De Sa, 282 - Varzea;Avenida Professor Artur De Sa;4;0;4060.2;333444.89;82.03;-8.046194;-34.947646
Varzea;Rua Agricolandia, 120 - Varzea;Rua Agricolandia;4;2;4000.3;369220.26;91.66;-8.043022;-34.944234
Varzea;Rua Amaro Gomes Poroca, 264 - Varzea;Rua Amaro Gomes Poroca;4;0;3336.22;325712.3;91.79;-8.048955;-34.95653
Varzea;Rua Marechal Manoel Luis Osorio, 264 - Varzea;Rua Marechal Manoel Luis Osorio;4;0;3437.35;228034.01;66.34;-8.041049;-34.945374
Varzea;Rua Marechal Manoel Luis Osorio, 276 - Varzea;Rua Marechal Manoel Luis Osorio;4;0;3534.84;226866.25;64.18;-8.041013;-34.945487
Varzea;Rua Marechal Manoel Luis Osorio, 366 - Varzea;Rua Marechal Manoel Luis Osorio;4;2;5148.62;241014.69;47.24;-8.040796;-34.946263
Varzea;Rua Marechal Manoel Luis Osorio, 375 - Varzea;Rua Marechal Manoel Luis Osorio;4;0;3327.29;348400.37;104.71;-8.041737;-34.944603
Varzea;Rua Odon Rodrigues De Morais Rego, 188 - Varzea;Rua Odon Rodrigues De Morais Rego;4;0;3481.12;239049.84;68.95;-8.041688;-34.945875
Varzea;Rua Odon Rodrigues De Morais Rego, 85 - Varzea;Rua Odon Rodrigues De Morais Rego;4;0;4801.69;190146.95;39.6;-8.042269;-34.945128
Varzea;Rua Poloni, 228 - Varzea;Rua Poloni;4;0;4041.97;335393.52;82.98;-8.043593;-34.951852
Varzea;Rua Professor Antonio Coelho, 139 - Varzea;Rua Professor Antonio Coelho;4;2;3442.71;337380.26;93.49;-8.042485;-34.945259
Varzea;Rua Professor Antonio Coelho, 602 - Varzea;Rua Professor Antonio Coelho;4;2;4314.74;243010.25;56.28;-8.043103;-34.945862
Varzea;Rua Professor Chaves Batista, 197 - Varzea;Rua Professor Chaves Batista;4;2;3822.29;224139.09;58.64;-8.039543;-34.945029
Varzea;Rua Tres De Maio, 89 - Varzea;Rua Tres De Maio;4;4;1256.83;8031152.3;6390.0;-8.047027;-34.960853
Varzea;Rua Visconde De Barbacena, 231 - Varzea;Rua Visconde De Barbacena;4;4;4848.54;260735.48;53.96;-8.044246;-34.945
Varzea;Rua Visconde De Barbacena, 339 - Varzea;Rua Visconde De Barbacena;4;2;4343.41;219559.47;50.55;-8.044465;-34.945084
Varzea;Avenida Barao De Bonito, 826 - Varzea;Avenida Barao De Bonito;3;3;2404.06;1223350.5;508.87;-8.041503;-34.953212
Varzea;Rua Azeredo Coutinho, 120 - Varzea;Rua Azeredo Coutinho;3;0;4120.18;291791.17;70.82;-8.040274;-34.95124
Varzea;Rua Desembargador Rodolfo Aureliano, 177 - Varzea;Rua Desembargador Rodolfo Aureliano;3;0;3157.35;175526.38;55.53;-8.042273;-34.960117
Varzea;Rua Francisco Correia De Araujo, 275 - Varzea;Rua Francisco Correia De Araujo;3;0;4293.83;299494.61;69.75;-8.044324;-34.946541
Varzea;Rua General Polidoro, 306 - Varzea;Rua General Polidoro;3;3;17234.46;20060906.46;1164.0;-8.039391;-34.946793
Varzea;Rua Jacinto Machado, 64 - Varzea;Rua Jacinto Machado;3;2;2240.14;623238.62;288.03;-8.035406;-34.960324
Varzea;Rua Joao Sales Menezes, 338 - Varzea;Rua Joao Sales Menezes;3;2;4142.61;342700.75;82.22;-8.040346;-34.943418
Varzea;Rua Professor Antonio Coelho, 455 - Varzea;Rua Professor Antonio Coelho;3;2;3741.18;275650.3;73.68;-8.04188;-34.945167
Varzea;Rua Professor Antonio Coelho, 494 - Varzea;Rua Professor Antonio Coelho;3;2;3683.18;239480.37;65.02;-8.042178;-34.945531
Varzea;Rua Professor Antonio Coelho, 865 - Varzea;Rua Professor Antonio Coelho;3;0;3842.74;247395.49;64.38;-8.045693;-34.946262
Varzea;Rua Professor Chaves Batista, 112 - Varzea;Rua Professor Chaves Batista;3;2;2415.59;298808.69;123.7;-8.038412;-34.944942
Varzea;Rua Professor Chaves Batista, 147 - Varzea;Rua Professor Chaves Batista;3;0;3269.7;383797.52;117.38;-8.039157;-34.944854
Varzea;Rua Sebastiao De Alencastro Salazar, 100 - Varzea;Rua Sebastiao De Alencastro Salazar;3;1;1412.83;53334.26;37.75;-8.052724;-34.958387
Varzea;Rua Visconde De Barbacena, 82 - Varzea;Rua Visconde De Barbacena;3;0;2581.55;308623.94;119.55;-8.042632;-34.94478
Varzea;Avenida Barao De Bonito, 505 - Varzea;Avenida Barao De Bonito;2;0;2408.51;224294.56;96.58;-8.039879;-34.951607
Varzea;Avenida Barao De Bonito, 79 - Varzea;Avenida Barao De Bonito;2;2;2183.44;743484.5;340.51;-8.035696;-34.949104
Varzea;Avenida Professor Artur De Sa, 240 - Varzea;Avenida Professor Artur De Sa;2;2;3753.02;262410.95;69.92;-8.046211;-34.947267
Varzea;Rua Amaro Gomes Poroca, 225 - Varzea;Rua Amaro Gomes Poroca;2;0;3842.2;370157.98;96.34;-8.048955;-34.95653
Varzea;Rua Amaro Gomes Poroca, 255 - Varzea;Rua Amaro Gomes Poroca;2;2;3642.59;1244493.28;333.64;-8.048968;-34.956482
Varzea;Rua Aureliano Quintas, 31 - Varzea;Rua Aureliano Quintas;2;2;2175.46;244913.17;112.58;-8.040274;-34.95124
Varzea;Rua Bulandy, 154 - Varzea;Rua Bulandy;2;0;4723.13;584062.05;123.66;-8.040274;-34.95124
Varzea;Rua Caburai, 68 - Varzea;Rua Caburai;2;2;2323.37;92934.62;40.0;-8.040274;-34.95124
Varzea;Rua Coronel Celio Regueira, 61 - Varzea;Rua Coronel Celio Regueira;2;2;12091.95;4764228.03;394.0;-8.04505;-34.94496
Varzea;Rua Desembargador Rodolfo Aureliano, 165 - Varzea;Rua Desembargador Rodolfo Aureliano;2;2;3174.76;159817.56;50.34;-8.042303;-34.960013
Varzea;Rua Divinolandia, 117 - Varzea;Rua Divinolandia;2;2;3447.51;304139.17;88.22;-8.039816;-34.958835
Varzea;Rua Emiliano Braga, 510 - Varzea;Rua Emiliano Braga;2;0;5691.02;353241.54;62.07;-8.038625;-34.944565
Varzea;Rua Escritor Cezario De Melo, 52 - Varzea;Rua Escritor Cezario De Melo;2;2;4621.3;477287.78;103.28;-8.041749;-34.959213
Varzea;Rua Francisco Correia De Araujo, 118 - Varzea;Rua Francisco Correia De Araujo;2;2;2479.78;626517.42;252.65;-8.042257;-34.946386
Varzea;Rua Gastao Vidigal, 399 - Varzea;Rua Gastao Vidigal;2;2;3245.56;127355.8;39.24;-8.034425;-34.960629
Varzea;Rua General Polidoro, 1051 - Varzea;Rua General Polidoro;2;2;3454.96;347949.24;100.71;-8.046202;-34.947836
Varzea;Rua General Polidoro, 659 - Varzea;Rua General Polidoro;2;0;3148.09;181865.12;57.77;-8.042856;-34.946841
Varzea;Rua General Polidoro, 730 - Varzea;Rua General Polidoro;2;2;4347.62;1108644.37;255.0;-8.043396;-34.947469
Varzea;Rua General Polidoro, 918 - Varzea;Rua General Polidoro;2;2;6134.18;381300.34;62.16;-8.045003;-34.947946
Varzea;Rua Jose Eduardo Moura, 12 - Varzea;Rua Jose Eduardo Moura;2;2;3954.35;646536.09;163.5;-8.042956;-34.955902
Varzea;Rua Manoel Correia, 137 - Varzea;Rua Manoel Correia;2;2;2633.17;337361.14;128.12;-8.039758;-34.955934
Varzea;Rua Manoel Correia, 230 - Varzea;Rua Manoel Correia;2;0;3970.38;200016.56;50.76;-8.039091;-34.956669
Varzea;Rua Marechal Manoel Luis Osorio, 331 - Varzea;Rua Marechal Manoel Luis Osorio;2;0;3669.61;262744.14;71.6;-8.041293;-34.946174
Varzea;Rua Marechal Manoel Luis Osorio, 398 - Varzea;Rua Marechal Manoel Luis Osorio;2;0;3419.99;367751.72;107.53;-8.04143;-34.944377
Varzea;Rua Marechal Manoel Luis Osorio, 434 - Varzea;Rua Marechal Manoel Luis Osorio;2;0;2160.71;255785.26;118.38;-8.041273;-34.94468
Varzea;Rua Marechal Manoel Luis Osorio, 435 - Varzea;Rua Marechal Manoel Luis Osorio;2;2;3409.08;593861.36;174.2;-8.041694;-34.944755
Varzea;Rua Maria Jaboatao, 70 - Varzea;Rua Maria Jaboatao;2;1;4060.34;344753.06;84.9;-8.043439;-34.947863
Varzea;Rua Mario Pederneiras, 47 - Varzea;Rua Mario Pederneiras;2;0;3919.11;395347.94;101.58;-8.04819;-34.955305
Varzea;Rua Ministro Mario Andreazza, 30 - Varzea;Rua Ministro Mario Andreazza;2;2;9306.44;12661697.98;1360.53;-8.066805;-34.983601
Varzea;Rua Ministro Mario Andreazza, 533 - Varzea;Rua Ministro Mario Andreazza;2;2;4469.63;5339508.5;1194.62;-8.066805;-34.983601
Varzea;Rua Miriri, 41 - Varzea;Rua Miriri;2;2;4884.01;195360.66;40.0;-8.040274;-34.95124
Varzea;Rua Odon Rodrigues De Morais Rego, 151 - Varzea;Rua Odon Rodrigues De Morais Rego;2;2;3385.19;1096225.84;323.83;-8.042121;-34.945758
Varzea;Rua Odon Rodrigues De Morais Rego, 20 - Varzea;Rua Odon Rodrigues De Morais Rego;2;2;3264.13;1138201.98;348.7;-8.042054;-34.944482
Varzea;Rua Padre Champagnat, 120 - Varzea;Rua Padre Champagnat;2;2;3575.38;211983.93;59.29;-8.041577;-34.947832
Varzea;Rua Professor Antonio Coelho, 170 - Varzea;Rua Professor Antonio Coelho;2;0;4673.2;267306.98;57.2;-8.039352;-34.944609
Varzea;Rua Professor Antonio Coelho, 190 - Varzea;Rua Professor Antonio Coelho;2;2;2558.94;196168.52;76.66;-8.039504;-34.944704
Varzea;Rua Professor Antonio Coelho, 694 - Varzea;Rua Professor Antonio Coelho;2;0;3425.65;224928.13;65.66;-8.044031;-34.94608
Varzea;Rua Professor Antonio Coelho, 956 - Varzea;Rua Professor Antonio Coelho;2;0;2425.14;228712.0;94.34;-8.046228;-34.946869
Varzea;Rua Professor Chaves Batista, 115 - Varzea;Rua Professor Chaves Batista;2;0;2896.38;191734.44;66.44;-8.038959;-34.944797
Varzea;Rua Professor Chaves Batista, 159 - Varzea;Rua Professor Chaves Batista;2;0;4058.82;208049.36;51.1;-8.039258;-34.944909
Varzea;Avenida Afonso Olindense, 730 - Varzea;Avenida Afonso Olindense;1;1;7307.97;575063.96;78.69;-8.042235;-34.958636
Varzea;Avenida Barao De Bonito, 224 - Varzea;Avenida Barao De Bonito;1;0;1316.54;766751.95;582.4;-8.036485;-34.950359
Varzea;Avenida Barao De Bonito, 408 - Varzea;Avenida Barao De Bonito;1;0;1908.56;1122231.35;588.0;-8.037939;-34.951205
Varzea;Avenida Barao De Bonito, 424 - Varzea;Avenida Barao De Bonito;1;0;5089.73;1374225.82;270.0;-8.038059;-34.951272
Varzea;Avenida Barao De Bonito, 450 - Varzea;Avenida Barao De Bonito;1;0;2741.69;2337014.43;852.4;-8.038289;-34.951361
Varzea;Avenida Barao De Bonito, 477 - Varzea;Avenida Barao De Bonito;1;0;4538.74;145965.98;32.16;-8.039113;-34.951284
Varzea;Avenida Barao De Bonito, 515 - Varzea;Avenida Barao De Bonito;1;0;2373.47;266469.97;112.27;-8.039999;-34.951671
Varzea;Avenida Barao De Bonito, 580 - Varzea;Avenida Barao De Bonito;1;0;2051.88;1676792.45;817.2;-8.039341;-34.952011
Varzea;Avenida Barao De Bonito, 618 - Varzea;Avenida Barao De Bonito;1;0;1979.23;2096554.59;1059.28;-8.039877;-34.952304
Varzea;Avenida Barao De Bonito, 720 - Varzea;Avenida Barao De Bonito;1;0;3031.13;343426.89;113.3;-8.040621;-34.952648
Varzea;Avenida Professor Artur De Sa, 584 - Varzea;Avenida Professor Artur De Sa;1;0;1490.33;162892.67;109.3;-8.046131;-34.951379
Varzea;Rua 02, 380 - Varzea;Rua 02;1;0;6429.7;2261519.54;351.73;-8.061596;-34.993824
Varzea;Rua 03, 92 - Varzea;Rua 03;1;0;7705.8;2509392.92;325.65;-8.063156;-34.99268
Varzea;Rua 04, 83 - Varzea;Rua 04;1;0;5193.5;1089595.51;209.8;-8.059491;-34.994911
Varzea;Rua 07, 135 - Varzea;Rua 07;1;0;4520.22;1713794.59;379.14;-8.060166;-34.993579
Varzea;Rua 07, 369 - Varzea;Rua 07;1;0;6434.07;2944036.51;457.57;-8.060166;-34.993579
Varzea;Rua 07, 62 - Varzea;Rua 07;1;0;5885.31;3720988.89;632.25;-8.060166;-34.993579
Varzea;Rua Almir Azevedo, 25 - Varzea;Rua Almir Azevedo;1;1;6814.27;516657.65;75.82;-8.041131;-34.944252
Varzea;Rua Amaro Gomes Poroca, 243 - Varzea;Rua Amaro Gomes Poroca;1;0;3789.16;725245.44;191.4;-8.048955;-34.95653
Varzea;Rua Amaro Gomes Poroca, 265 - Varzea;Rua Amaro Gomes Poroca;1;0;1397.41;641410.74;459.0;-8.048955;-34.95653
Varzea;Rua Bulandy, 176 - Varzea;Rua Bulandy;1;0;7941.74;490640.89;61.78;-8.040274;-34.95124
Varzea;Rua Bulandy, 99 - Varzea;Rua Bulandy;1;0;5171.1;455470.18;88.08;-8.040274;-34.95124
Varzea;Rua Caburai, 214 - Varzea;Rua Caburai;1;0;1912.79;76511.75;40.0;-8.040274;-34.95124
Varzea;Rua Coronel Djalma Leite, 20 - Varzea;Rua Coronel Djalma Leite;1;0;3724.69;1408155.25;378.06;-8.044025;-34.945323
Varzea;Rua Coronel Djalma Leite, 43 - Varzea;Rua Coronel Djalma Leite;1;0;3323.35;622397.22;187.28;-8.044295;-34.945637
Varzea;Rua Dias D'Avila, 171 - Varzea;Rua Dias D'Avila;1;0;6778.46;1367215.37;201.7;-8.03394;-34.960079
Varzea;Rua Dias D'Avila, 260 - Varzea;Rua Dias D'Avila;1;0;3604.58;9954343.43;2761.58;-8.03394;-34.960079
Varzea;Rua Divino Salvador, 41 - Varzea;Rua Divino Salvador;1;0;1749.88;504629.75;288.38;-8.055357;-34.958342
Varzea;Rua Emiliano Braga, 1057 - Varzea;Rua Emiliano Braga;1;0;5468.56;3609688.77;660.08;-8.0381;-34.94656
Varzea;Rua Engenheiro Vasconcelos Bittencourt, 461 - Varzea;Rua Engenheiro Vasconcelos Bittencourt;1;0;5968.52;422392.44;70.77;-8.041067;-34.950623
Varzea;Rua Estevao De Sa, 782 - Varzea;Rua Estevao De Sa;1;0;3075.74;576855.96;187.55;-8.042785;-34.949922
Varzea;Rua Estevao Gerson, 27 - Varzea;Rua Estevao Gerson;1;0;2746.83;180000.0;65.53;-8.043636;-34.945987
Varzea;Rua Estevao Gerson, 32 - Varzea;Rua Estevao Gerson;1;0;3326.27;937576.68;281.87;-8.043275;-34.945916
Varzea;Rua Estevao Gerson, 40 - Varzea;Rua Estevao Gerson;1;0;3261.57;734374.81;225.16;-8.04325;-34.946034
Varzea;Rua Estevao Gerson, 53 - Varzea;Rua Estevao Gerson;1;0;2341.83;519276.59;221.74;-8.043586;-34.9462
Varzea;Rua Expedicionario Damasio Gomes, 137 - Varzea;Rua Expedicionario Damasio Gomes;1;0;2725.28;550561.89;202.02;-8.045316;-34.946905
Varzea;Rua Expedicionario Damasio Gomes, 199 - Varzea;Rua Expedicionario Damasio Gomes;1;0;4144.7;437763.4;105.62;-8.045133;-34.947503
Varzea;Rua Francisco Lacerda, 131 - Varzea;Rua Francisco Lacerda;1;0;2493.19;540299.79;216.71;-8.048297;-34.957293
Varzea;Rua Francisco Lacerda, 230 - Varzea;Rua Francisco Lacerda;1;0;2933.81;217130.99;74.01;-8.049019;-34.957993
Varzea;Rua Francisco Lacerda, 233 - Varzea;Rua Francisco Lacerda;1;0;18891.07;1001226.53;53.0;-8.047924;-34.957753
Varzea;Rua Gastao Vidigal, 171 - Varzea;Rua Gastao Vidigal;1;0;1788.07;143331.96;80.16;-8.032694;-34.959429
Varzea;Rua Gastao Vidigal, 65 - Varzea;Rua Gastao Vidigal;1;0;2923.55;787164.94;269.25;-8.031417;-34.958865
Varzea;Rua Gastao Vidigal, 667 - Varzea;Rua Gastao Vidigal;1;0;600.98;543115.96;903.72;-8.036177;-34.962099
Varzea;Rua General Polidoro, 164 - Varzea;Rua General Polidoro;1;0;1640.11;544515.8;332.0;-8.038566;-34.946255
Varzea;Rua General Polidoro, 670 - Varzea;Rua General Polidoro;1;0;3163.97;439601.62;138.94;-8.042847;-34.947323
Varzea;Rua General Polidoro, 731 - Varzea;Rua General Polidoro;1;0;3897.04;162389.46;41.67;-8.043497;-34.947012
Varzea;Rua Jabaquara, 120 - Varzea;Rua Jabaquara;1;0;3768.03;833074.71;221.09;-8.035751;-34.960943
Varzea;Rua Jaguaribara, 170 - Varzea;Rua Jaguaribara;1;0;3217.59;430834.77;133.9;-8.038364;-34.96726
Varzea;Rua Jornalista Murilo Marroquim, 115 - Varzea;Rua Jornalista Murilo Marroquim;1;0;2650.75;7090257.55;2674.81;-8.070434;-34.986478
Varzea;Rua Jornalista Murilo Marroquim, 220 - Varzea;Rua Jornalista Murilo Marroquim;1;0;1721.58;16755288.45;9732.5;-8.070523;-34.985013
Varzea;Rua Jose Eduardo Moura, 110 - Varzea;Rua Jose Eduardo Moura;1;0;7357.58;886146.43;120.44;-8.042666;-34.956804
Varzea;Rua Jose Eduardo Moura, 161 - Varzea;Rua Jose Eduardo Moura;1;0;5164.01;428458.11;82.97;-8.042861;-34.95723
Varzea;Rua Jose Eduardo Moura, 191 - Varzea;Rua Jose Eduardo Moura;1;0;9589.33;709801.92;74.02;-8.042778;-34.957489
Varzea;Rua Jose Eduardo Moura, 218 - Varzea;Rua Jose Eduardo Moura;1;0;3130.75;347607.4;111.03;-8.042367;-34.957734
Varzea;Rua Jose Eduardo Moura, 71 - Varzea;Rua Jose Eduardo Moura;1;0;2711.66;366643.25;135.21;-8.04309;-34.956515
Varzea;Rua Manoel Correia, 156 - Varzea;Rua Manoel Correia;1;0;1866.93;424540.3;227.4;-8.03932;-34.955996
Varzea;Rua Manoel Correia, 182 - Varzea;Rua Manoel Correia;1;0;2501.47;175427.79;70.13;-8.039252;-34.956203
Varzea;Rua Manoel Correia, 186 - Varzea;Rua Manoel Correia;1;0;1817.34;175427.79;96.53;-8.039233;-34.956263
Varzea;Rua Manoel Correia, 245 - Varzea;Rua Manoel Correia;1;0;5061.75;894967.35;176.81;-8.039417;-34.956936
Varzea;Rua Manuel Augusto, 109 - Varzea;Rua Manuel Augusto;1;0;3251.02;542043.0;166.73;-8.042578;-34.958111
Varzea;Rua Manuel Augusto, 41 - Varzea;Rua Manuel Augusto;1;0;5446.06;515305.97;94.62;-8.043162;-34.95828
Varzea;Rua Manuel Augusto, 5 - Varzea;Rua Manuel Augusto;1;0;4419.38;358235.08;81.06;-8.04284;-34.958187
Varzea;Rua Manuel Augusto, 83 - Varzea;Rua Manuel Augusto;1;0;12183.55;653282.03;53.62;-8.042781;-34.958171
Varzea;Rua Mardonio De Albuquerque Nascimento, 86 - Varzea;Rua Mardonio De Albuquerque Nascimento;1;0;4535.66;906859.71;199.94;-8.051931;-34.959336
Varzea;Rua Marechal Manoel Luis Osorio, 110 - Varzea;Rua Marechal Manoel Luis Osorio;1;0;3424.97;358286.02;104.61;-8.041441;-34.945638
Varzea;Rua Marechal Manoel Luis Osorio, 170 - Varzea;Rua Marechal Manoel Luis Osorio;1;0;3007.7;222960.49;74.13;-8.041311;-34.944549
Varzea;Rua Marechal Manoel Luis Osorio, 246 - Varzea;Rua Marechal Manoel Luis Osorio;1;0;2602.66;534195.01;205.25;-8.041088;-34.945234
Varzea;Rua Marechal Manoel Luis Osorio, 319 - Varzea;Rua Marechal Manoel Luis Osorio;1;0;3365.9;240998.33;71.6;-8.041321;-34.946069
Varzea;Rua Marechal Manoel Luis Osorio, 433 - Varzea;Rua Marechal Manoel Luis Osorio;1;0;2562.72;672176.16;262.29;-8.041667;-34.944859
Varzea;Rua Maria Jaboatao, 239 - Varzea;Rua Maria Jaboatao;1;0;3436.25;533787.58;155.34;-8.04358;-34.949656
Varzea;Rua Maria Jaboatao, 57 - Varzea;Rua Maria Jaboatao;1;0;5650.54;1575935.5;278.9;-8.043934;-34.947931
Varzea;Rua Mario Campelo, 425 - Varzea;Rua Mario Campelo;1;0;2728.67;287001.61;105.18;-8.053875;-34.959405
Varzea;Rua Mendes Martins, 159 - Varzea;Rua Mendes Martins;1;0;28283.2;1499009.65;53.0;-8.049244;-34.960399
Varzea;Rua Ministro Mario Andreazza, 260 - Varzea;Rua Ministro Mario Andreazza;1;0;6235.53;6703197.68;1075.0;-8.066805;-34.983601
Varzea;Rua Miriri, 49 - Varzea;Rua Miriri;1;0;3511.99;140479.65;40.0;-8.040274;-34.95124
Varzea;Rua Odon Rodrigues De Morais Rego, 205 - Varzea;Rua Odon Rodrigues De Morais Rego;1;0;3627.01;802583.89;221.28;-8.04198;-34.946232
Varzea;Rua Odon Rodrigues De Morais Rego, 78 - Varzea;Rua Odon Rodrigues De Morais Rego;1;0;3807.54;327829.61;86.1;-8.041939;-34.94493
Varzea;Rua Professor Antonio Coelho, 161 - Varzea;Rua Professor Antonio Coelho;1;0;3175.42;1699769.0;535.29;-8.045019;-34.946461
Varzea;Rua Professor Antonio Coelho, 352 - Varzea;Rua Professor Antonio Coelho;1;0;3974.15;764784.76;192.44;-8.044332;-34.946205
Varzea;Rua Professor Antonio Coelho, 60 - Varzea;Rua Professor Antonio Coelho;1;0;6895.73;1200340.44;174.07;-8.038518;-34.944167
Varzea;Rua Professor Antonio Coelho, 627 - Varzea;Rua Professor Antonio Coelho;1;0;3741.04;672339.99;179.72;-8.043516;-34.945461
Varzea;Rua Professor Antonio Coelho, 671 - Varzea;Rua Professor Antonio Coelho;1;0;2841.08;494375.59;174.01;-8.043908;-34.945632
Varzea;Rua Professor Antonio Coelho, 70 - Varzea;Rua Professor Antonio Coelho;1;0;7502.69;1305993.87;174.07;-8.038617;-34.944218
Varzea;Rua Professor Antonio Coelho, 765 - Varzea;Rua Professor Antonio Coelho;1;0;3000.44;356451.73;118.8;-8.044743;-34.945891
Varzea;Rua Professor Antonio Coelho, 777 - Varzea;Rua Professor Antonio Coelho;1;0;2968.14;400936.75;135.08;-8.044846;-34.945931
Varzea;Rua Professor Antonio Coelho, 931 - Varzea;Rua Professor Antonio Coelho;1;0;2467.2;312644.12;126.72;-8.046149;-34.946443
Varzea;Rua Professor Chaves Batista, 175 - Varzea;Rua Professor Chaves Batista;1;0;4514.39;276054.81;61.15;-8.039359;-34.944965
Varzea;Rua Rio Jacuipe, 10 - Varzea;Rua Rio Jacuipe;1;0;2092.73;83709.33;40.0;-8.040274;-34.95124
Varzea;Rua Rio Jacuipe, 72 - Varzea;Rua Rio Jacuipe;1;0;0.04;1.55;40.0;-8.040274;-34.95124
Varzea;Rua Teixeira De Freitas, 135 - Varzea;Rua Teixeira De Freitas;1;0;5390.56;248720.36;46.14;-8.048603;-34.956694
Varzea;Rua Tiuma, 8 - Varzea;Rua Tiuma;1;0;5732.74;229309.68;40.0;-8.040274;-34.95124
Varzea;Rua Tome Do Rego Cavalcanti, 110 - Varzea;Rua Tome Do Rego Cavalcanti;1;0;2910.59;373865.33;128.45;-8.048647;-34.955435
Varzea;Rua Torres Homem, 854 - Varzea;Rua Torres Homem;1;0;2770.11;684993.28;247.28;-8.040166;-34.954926
Varzea;Rua Underval, 49 - Varzea;Rua Underval;1;0;4237.72;169508.72;40.0;-8.040274;-34.95124
Varzea;Rua Vertentes Dos Lirios, 112 - Varzea;Rua Vertentes Dos Lirios;1;0;0.01;1.59;244.0;-8.040274;-34.95124
Varzea;Rua Visconde De Barbacena, 103 - Varzea;Rua Visconde De Barbacena;1;0;2986.38;297294.19;99.55;-8.043261;-34.944606
Varzea;Rua Visconde De Barbacena, 299 - Varzea;Rua Visconde De Barbacena;1;0;4364.21;273941.31;62.77;-8.044913;-34.945257
Varzea;Rua Visconde De Barbacena, 361 - Varzea;Rua Visconde De Barbacena;1;0;2779.85;750252.79;269.89;-8.045358;-34.945432
Vasco Da Gama;Rua Crominia, 50 - Vasco Da Gama;Rua Crominia;79;42;1561.93;61383.74;39.3;-8.019964;-34.923562
Vasco Da Gama;Rua Vasco Da Gama, 353 - Vasco Da Gama;Rua Vasco Da Gama;79;46;1130.44;46155.84;40.83;-8.019202;-34.922436
Vasco Da Gama;Rua Luiz Cesario De Melo, 56 - Vasco Da Gama;Rua Luiz Cesario De Melo;52;0;6868.54;245495.58;35.74;-8.018805;-34.921872
Vasco Da Gama;Rua Douradinha, 122 - Vasco Da Gama;Rua Douradinha;7;0;3675.08;210324.8;57.23;-8.019202;-34.922436
Vasco Da Gama;Rua Vasco Da Gama, 562 - Vasco Da Gama;Rua Vasco Da Gama;3;3;27250.66;2180052.75;80.0;-8.019202;-34.922436
Vasco Da Gama;Rua Sepatini, 85 - Vasco Da Gama;Rua Sepatini;2;0;2030.59;71883.0;35.4;-8.019202;-34.922436
Vasco Da Gama;Rua Vasco Da Gama, 682 - Vasco Da Gama;Rua Vasco Da Gama;2;2;35413.82;1675428.06;47.31;-8.019202;-34.922436
Vasco Da Gama;Rua Vinte E Dois De Julho, 36 - Vasco Da Gama;Rua Vinte E Dois De Julho;2;2;1831.32;86071.72;47.0;-8.019202;-34.922436
Vasco Da Gama;Rua Alipio Bazante, 153 - Vasco Da Gama;Rua Alipio Bazante;1;0;0.07;1.41;20.0;-8.019202;-34.922436
Vasco Da Gama;Rua Alto Nossa Senhora De Fatima, 2644 - Vasco Da Gama;Rua Alto Nossa Senhora De Fatima;1;0;4424.61;109509.15;24.75;-8.019202;-34.922436
Vasco Da Gama;Rua Alto Novo Mundo, 138 - Vasco Da Gama;Rua Alto Novo Mundo;1;0;5529.98;304149.02;55.0;-8.019202;-34.922436
Vasco Da Gama;Rua Alto Novo Mundo, 254 - Vasco Da Gama;Rua Alto Novo Mundo;1;0;3207.82;113075.51;35.25;-8.019202;-34.922436
Vasco Da Gama;Rua Augusto Lima, 112 - Vasco Da Gama;Rua Augusto Lima;1;0;3043.01;164322.66;54.0;-8.019202;-34.922436
Vasco Da Gama;Rua Augusto Lima, 6019 - Vasco Da Gama;Rua Augusto Lima;1;0;3219.46;94169.19;29.25;-8.019202;-34.922436
Vasco Da Gama;Rua Crominia, 139 - Vasco Da Gama;Rua Crominia;1;0;4077.46;422180.19;103.54;-8.019309;-34.924054
Vasco Da Gama;Rua Do Capricho, 115 - Vasco Da Gama;Rua Do Capricho;1;0;2411.88;137477.16;57.0;-8.019202;-34.922436
Vasco Da Gama;Rua Dois De Fevereiro, 431 - Vasco Da Gama;Rua Dois De Fevereiro;1;1;2070.71;226825.75;109.54;-8.019202;-34.922436
Vasco Da Gama;Rua Dois De Fevereiro, 614 - Vasco Da Gama;Rua Dois De Fevereiro;1;0;7643.51;126117.98;16.5;-8.019202;-34.922436
Vasco Da Gama;Rua Dois De Fevereiro, 63 - Vasco Da Gama;Rua Dois De Fevereiro;1;0;807.69;119375.93;147.8;-8.019202;-34.922436
Vasco Da Gama;Rua Dois De Fevereiro, 640 - Vasco Da Gama;Rua Dois De Fevereiro;1;0;11992.31;443715.6;37.0;-8.019202;-34.922436
Vasco Da Gama;Rua Dois De Fevereiro, 692 - Vasco Da Gama;Rua Dois De Fevereiro;1;0;5385.64;253125.17;47.0;-8.019202;-34.922436
Vasco Da Gama;Rua Dois De Maio, 86 - Vasco Da Gama;Rua Dois De Maio;1;0;1877.74;363154.47;193.4;-8.019202;-34.922436
Vasco Da Gama;Rua Doutor Augusto Chacon, 37 - Vasco Da Gama;Rua Doutor Augusto Chacon;1;0;2228.02;144375.69;64.8;-8.01986;-34.921807
Vasco Da Gama;Rua Luiz Cesario De Melo, 96 - Vasco Da Gama;Rua Luiz Cesario De Melo;1;0;3657.4;7971240.08;2179.48;-8.018805;-34.921872
Vasco Da Gama;Rua Professor Rui Da Silveira Castro, 96 - Vasco Da Gama;Rua Professor Rui Da Silveira Castro;1;0;2689.9;600170.22;223.12;-8.020097;-34.922193
Vasco Da Gama;Rua Sitia, 214 - Vasco Da Gama;Rua Sitia;1;0;2262.04;86636.19;38.3;-8.019202;-34.922436
Vasco Da Gama;Rua Vasco Da Gama, 360 - Vasco Da Gama;Rua Vasco Da Gama;1;0;208.07;223520.19;1074.26;-8.019202;-34.922436
Vasco Da Gama;Rua Vasco Da Gama, 366 - Vasco Da Gama;Rua Vasco Da Gama;1;0;4184.46;230145.32;55.0;-8.019202;-34.922436
Vasco Da Gama;Rua Vasco Da Gama, 435 - Vasco Da Gama;Rua Vasco Da Gama;1;0;3310.55;529688.13;160.0;-8.019202;-34.922436
Vasco Da Gama;Rua Vasco Da Gama, 508 - Vasco Da Gama;Rua Vasco Da Gama;1;0;4234.32;372620.54;88.0;-8.019202;-34.922436
Vasco Da Gama;Rua Vasco Da Gama, 532 - Vasco Da Gama;Rua Vasco Da Gama;1;0;8355.33;969218.63;116.0;-8.019202;-34.922436
Vasco Da Gama;Rua Vasco Da Gama, 956 - Vasco Da Gama;Rua Vasco Da Gama;1;0;7666.4;306656.1;40.0;-8.019202;-34.922436
Zumbi;Rua Conselheiro Theodoro, 213 - Zumbi;Rua Conselheiro Theodoro;11;9;4764.96;285038.73;59.68;-8.049952;-34.915157
Zumbi;Rua Frei Teofilo De Virgoletta, 415 - Zumbi;Rua Frei Teofilo De Virgoletta;5;0;4172.01;284588.89;68.14;-8.055799;-34.918723
Zumbi;Rua Tomaz Gonzaga, 102 - Zumbi;Rua Tomaz Gonzaga;5;4;4544.89;309416.48;68.08;-8.048938;-34.91623
Zumbi;Rua Conselheiro Theodoro, 325 - Zumbi;Rua Conselheiro Theodoro;4;0;4346.1;405964.59;93.5;-8.050969;-34.915438
Zumbi;Rua Frei Teofilo De Virgoletta, 369 - Zumbi;Rua Frei Teofilo De Virgoletta;3;2;3414.8;223669.28;65.5;-8.055459;-34.91859
Zumbi;Rua Tomaz Gonzaga, 49 - Zumbi;Rua Tomaz Gonzaga;3;2;4112.6;283892.8;69.03;-8.049402;-34.915709
Zumbi;Rua Conselheiro Theodoro, 223 - Zumbi;Rua Conselheiro Theodoro;2;2;3872.53;360649.0;93.13;-8.050082;-34.915192
Zumbi;Rua Fidelis Moliterno, 185 - Zumbi;Rua Fidelis Moliterno;2;2;2679.65;247465.5;92.35;-8.05434;-34.917404
Zumbi;Rua Fidelis Moliterno, 458 - Zumbi;Rua Fidelis Moliterno;2;0;7441.79;531567.08;71.43;-8.054817;-34.917856
Zumbi;Rua Paraguassu, 62 - Zumbi;Rua Paraguassu;2;0;2984.36;276309.76;92.15;-8.049901;-34.916095
Zumbi;Rua Tomaz Gonzaga, 181 - Zumbi;Rua Tomaz Gonzaga;2;2;3333.41;904420.23;271.32;-8.049242;-34.916925
Zumbi;Rua Conselheiro Theodoro, 39 - Zumbi;Rua Conselheiro Theodoro;1;0;1790.08;388142.52;216.83;-8.048585;-34.914678
Zumbi;Rua Fidelis Moliterno, 168 - Zumbi;Rua Fidelis Moliterno;1;0;3720.75;946743.83;254.45;-8.054013;-34.917664
Zumbi;Rua Fidelis Moliterno, 313 - Zumbi;Rua Fidelis Moliterno;1;0;2323.38;558051.53;240.19;-8.055448;-34.917933
Zumbi;Rua Frei Teofilo De Virgoletta, 444 - Zumbi;Rua Frei Teofilo De Virgoletta;1;0;2201.63;721255.09;327.6;-8.055953;-34.919147
Zumbi;Rua Joao Da Mata, 69 - Zumbi;Rua Joao Da Mata;1;0;1112.17;124563.42;112.0;-8.054548;-34.916373
Zumbi;Rua Paraguassu, 222 - Zumbi;Rua Paraguassu;1;0;3977.2;460161.71;115.7;-8.049394;-34.917353
Zumbi;Rua Ribeiro Roma, 297 - Zumbi;Rua Ribeiro Roma;1;0;16592.87;742033.29;44.72;-8.050218;-34.919057
Zumbi;Rua Tomaz Gonzaga, 74 - Zumbi;Rua Tomaz Gonzaga;1;0;1609.74;315749.59;196.15;-8.048962;-34.915909
Zumbi;Rua Tomaz Gonzaga, 92 - Zumbi;Rua Tomaz Gonzaga;1;0;2428.2;243184.42;100.15;-8.048936;-34.916092
